
> trustless-cello@ test:spine /Users/andrep/Documents/code/trustless-cello
> pnpm --filter @cello-protocol/e2e-tests run test:spine


> @cello-protocol/e2e-tests@0.0.1 test:spine /Users/andrep/Documents/code/trustless-cello/packages/e2e-tests
> vitest run --config vitest.spine.config.ts


 RUN  v3.2.4 /Users/andrep/Documents/code/trustless-cello/packages/e2e-tests

 Container trustless-cello-postgres-1  Running
 Container trustless-cello-postgres-1  Waiting
 Container trustless-cello-postgres-1  Healthy
DROP DATABASE
CREATE DATABASE
 Container trustless-cello-postgres-1  Running
OpenJDK 64-Bit Server VM warning: Unable to get SVE vector length on this system. Disabling SVE. Specify -XX:UseSVE=0 to shun this warning.
Flyway OSS Edition 11.13.2 by Redgate

See release notes here: https://rd.gt/416ObMi
Database: jdbc:postgresql://postgres:5432/cello_spine_0 (PostgreSQL 18.4)
WARNING: Using PostgreSQL 18.4 which is newer than the version Flyway has been verified with. The latest verified version of PostgreSQL is 17.
Schema history table "public"."flyway_schema_history" does not exist yet
Successfully validated 64 migrations (execution time 00:00.037s)
Creating Schema History table "public"."flyway_schema_history" ...
Current version of schema "public": << Empty Schema >>
WARNING: DB: relation "notification_queue" already exists, skipping (SQL State: 42P07 - Error Code: 0)
DB: policy "delete_own" for relation "notification_queue" does not exist, skipping
DB: policy "select_by_pubkey" for relation "notification_queue" does not exist, skipping
DB: policy "delete_by_pubkey" for relation "notification_queue" does not exist, skipping
WARNING: DB: relation "pending_connection_requests" already exists, skipping (SQL State: 42P07 - Error Code: 0)
DB: policy "delete_own" for relation "pending_connection_requests" does not exist, skipping
DB: policy "delete_all" for relation "pending_connection_requests" does not exist, skipping
DB: policy "insert_only" for relation "pending_notifications" does not exist, skipping
DB: policy "select_all" for relation "pending_notifications" does not exist, skipping
DB: policy "delete_all" for relation "pending_notifications" does not exist, skipping
DB: policy "select_by_recipient" for relation "pending_notifications" does not exist, skipping
DB: policy "delete_by_recipient" for relation "pending_notifications" does not exist, skipping
DB: policy "insert_only" for relation "agent_revocations" does not exist, skipping
DB: policy "select_all" for relation "agent_revocations" does not exist, skipping
DB: policy "insert_only" for relation "agent_account_links" does not exist, skipping
DB: policy "select_all" for relation "agent_account_links" does not exist, skipping
DB: policy "insert_only" for relation "account_email_stubs" does not exist, skipping
DB: policy "select_all" for relation "account_email_stubs" does not exist, skipping
DB: policy "insert_only" for relation "signal_revocations" does not exist, skipping
DB: policy "select_all" for relation "signal_revocations" does not exist, skipping
Successfully applied 64 migrations to schema "public", now at version v64 (execution time 00:00.290s)

--------------------------------------------------------------------------------------------------------
A more recent version of Flyway is available. Find out more about Flyway 13.4.0 at https://rd.gt/3rXiSlV
--------------------------------------------------------------------------------------------------------
DROP DATABASE
CREATE DATABASE
 Container trustless-cello-postgres-1  Running
OpenJDK 64-Bit Server VM warning: Unable to get SVE vector length on this system. Disabling SVE. Specify -XX:UseSVE=0 to shun this warning.
Flyway OSS Edition 11.13.2 by Redgate

See release notes here: https://rd.gt/416ObMi
Database: jdbc:postgresql://postgres:5432/cello_spine_1 (PostgreSQL 18.4)
WARNING: Using PostgreSQL 18.4 which is newer than the version Flyway has been verified with. The latest verified version of PostgreSQL is 17.
Schema history table "public"."flyway_schema_history" does not exist yet
Successfully validated 64 migrations (execution time 00:00.029s)
Creating Schema History table "public"."flyway_schema_history" ...
Current version of schema "public": << Empty Schema >>
WARNING: DB: relation "notification_queue" already exists, skipping (SQL State: 42P07 - Error Code: 0)
DB: policy "delete_own" for relation "notification_queue" does not exist, skipping
DB: policy "select_by_pubkey" for relation "notification_queue" does not exist, skipping
DB: policy "delete_by_pubkey" for relation "notification_queue" does not exist, skipping
WARNING: DB: relation "pending_connection_requests" already exists, skipping (SQL State: 42P07 - Error Code: 0)
DB: policy "delete_own" for relation "pending_connection_requests" does not exist, skipping
DB: policy "delete_all" for relation "pending_connection_requests" does not exist, skipping
DB: policy "insert_only" for relation "pending_notifications" does not exist, skipping
DB: policy "select_all" for relation "pending_notifications" does not exist, skipping
DB: policy "delete_all" for relation "pending_notifications" does not exist, skipping
DB: policy "select_by_recipient" for relation "pending_notifications" does not exist, skipping
DB: policy "delete_by_recipient" for relation "pending_notifications" does not exist, skipping
DB: policy "insert_only" for relation "agent_revocations" does not exist, skipping
DB: policy "select_all" for relation "agent_revocations" does not exist, skipping
DB: policy "insert_only" for relation "agent_account_links" does not exist, skipping
DB: policy "select_all" for relation "agent_account_links" does not exist, skipping
DB: policy "insert_only" for relation "account_email_stubs" does not exist, skipping
DB: policy "select_all" for relation "account_email_stubs" does not exist, skipping
DB: policy "insert_only" for relation "signal_revocations" does not exist, skipping
DB: policy "select_all" for relation "signal_revocations" does not exist, skipping
Successfully applied 64 migrations to schema "public", now at version v64 (execution time 00:00.256s)

--------------------------------------------------------------------------------------------------------
A more recent version of Flyway is available. Find out more about Flyway 13.4.0 at https://rd.gt/3rXiSlV
--------------------------------------------------------------------------------------------------------
DROP DATABASE
CREATE DATABASE
 Container trustless-cello-postgres-1  Running
OpenJDK 64-Bit Server VM warning: Unable to get SVE vector length on this system. Disabling SVE. Specify -XX:UseSVE=0 to shun this warning.
Flyway OSS Edition 11.13.2 by Redgate

See release notes here: https://rd.gt/416ObMi
Database: jdbc:postgresql://postgres:5432/cello_spine_2 (PostgreSQL 18.4)
WARNING: Using PostgreSQL 18.4 which is newer than the version Flyway has been verified with. The latest verified version of PostgreSQL is 17.
Schema history table "public"."flyway_schema_history" does not exist yet
Successfully validated 64 migrations (execution time 00:00.038s)
Creating Schema History table "public"."flyway_schema_history" ...
Current version of schema "public": << Empty Schema >>
WARNING: DB: relation "notification_queue" already exists, skipping (SQL State: 42P07 - Error Code: 0)
DB: policy "delete_own" for relation "notification_queue" does not exist, skipping
DB: policy "select_by_pubkey" for relation "notification_queue" does not exist, skipping
DB: policy "delete_by_pubkey" for relation "notification_queue" does not exist, skipping
WARNING: DB: relation "pending_connection_requests" already exists, skipping (SQL State: 42P07 - Error Code: 0)
DB: policy "delete_own" for relation "pending_connection_requests" does not exist, skipping
DB: policy "delete_all" for relation "pending_connection_requests" does not exist, skipping
DB: policy "insert_only" for relation "pending_notifications" does not exist, skipping
DB: policy "select_all" for relation "pending_notifications" does not exist, skipping
DB: policy "delete_all" for relation "pending_notifications" does not exist, skipping
DB: policy "select_by_recipient" for relation "pending_notifications" does not exist, skipping
DB: policy "delete_by_recipient" for relation "pending_notifications" does not exist, skipping
DB: policy "insert_only" for relation "agent_revocations" does not exist, skipping
DB: policy "select_all" for relation "agent_revocations" does not exist, skipping
DB: policy "insert_only" for relation "agent_account_links" does not exist, skipping
DB: policy "select_all" for relation "agent_account_links" does not exist, skipping
DB: policy "insert_only" for relation "account_email_stubs" does not exist, skipping
DB: policy "select_all" for relation "account_email_stubs" does not exist, skipping
DB: policy "insert_only" for relation "signal_revocations" does not exist, skipping
DB: policy "select_all" for relation "signal_revocations" does not exist, skipping
Successfully applied 64 migrations to schema "public", now at version v64 (execution time 00:00.307s)

--------------------------------------------------------------------------------------------------------
A more recent version of Flyway is available. Find out more about Flyway 13.4.0 at https://rd.gt/3rXiSlV
--------------------------------------------------------------------------------------------------------
Next: run  cello status  to confirm 'agentA' is registered.
  • it's normal for this to take a minute or two while registration settles.
  • ready = the agent shows state 'online' and directory_signaling 'connected'.
  • if it stays offline, run  cello logout  then  cello login.
Next: run  cello status  to confirm 'agentB' is registered.
  • it's normal for this to take a minute or two while registration settles.
  • ready = the agent shows state 'online' and directory_signaling 'connected'.
  • if it stays offline, run  cello logout  then  cello login.
{"event":"notification.channel.forwarded","type":"agent_current_changed","agent":"agentA"}
{"event":"notification.channel.forwarded","type":"agent_current_changed","agent":"agentB"}
Next: run  cello status  to confirm 'agentA' is registered.
  • it's normal for this to take a minute or two while registration settles.
  • ready = the agent shows state 'online' and directory_signaling 'connected'.
  • if it stays offline, run  cello logout  then  cello login.
Next: run  cello status  to confirm 'agentB' is registered.
  • it's normal for this to take a minute or two while registration settles.
  • ready = the agent shows state 'online' and directory_signaling 'connected'.
  • if it stays offline, run  cello logout  then  cello login.
{"event":"notification.channel.forwarded","type":"agent_current_changed","agent":"agentA"}
{"event":"notification.channel.forwarded","type":"agent_current_changed","agent":"agentB"}
{"event":"notification.channel.forwarded","type":"session_state_changed","agent":"agentB"}
{"event":"notification.channel.forwarded","type":"cello_message","agent":"agentB"}
Next: run  cello status  to confirm 'agentA' is registered.
  • it's normal for this to take a minute or two while registration settles.
  • ready = the agent shows state 'online' and directory_signaling 'connected'.
  • if it stays offline, run  cello logout  then  cello login.
Next: run  cello status  to confirm 'agentB' is registered.
  • it's normal for this to take a minute or two while registration settles.
  • ready = the agent shows state 'online' and directory_signaling 'connected'.
  • if it stays offline, run  cello logout  then  cello login.
{"event":"notification.channel.forwarded","type":"agent_current_changed","agent":"agentA"}
{"event":"notification.channel.forwarded","type":"agent_current_changed","agent":"agentB"}
{"event":"notification.channel.forwarded","type":"session_state_changed","agent":"agentB"}
{"event":"notification.channel.forwarded","type":"cello_message","agent":"agentB"}
{"event":"notification.channel.forwarded","type":"agent_current_changed","agent":"agentB"}
Next: run  cello status  to confirm 'agentA' is registered.
  • it's normal for this to take a minute or two while registration settles.
  • ready = the agent shows state 'online' and directory_signaling 'connected'.
  • if it stays offline, run  cello logout  then  cello login.
Next: run  cello status  to confirm 'agentB' is registered.
  • it's normal for this to take a minute or two while registration settles.
  • ready = the agent shows state 'online' and directory_signaling 'connected'.
  • if it stays offline, run  cello logout  then  cello login.
{"event":"notification.channel.forwarded","type":"agent_current_changed","agent":"agentA"}
{"event":"notification.channel.forwarded","type":"agent_current_changed","agent":"agentB"}
{"event":"notification.channel.forwarded","type":"session_state_changed","agent":"agentB"}
Next: run  cello status  to confirm 'agentA' is registered.
  • it's normal for this to take a minute or two while registration settles.
  • ready = the agent shows state 'online' and directory_signaling 'connected'.
  • if it stays offline, run  cello logout  then  cello login.
Next: run  cello status  to confirm 'agentB' is registered.
  • it's normal for this to take a minute or two while registration settles.
  • ready = the agent shows state 'online' and directory_signaling 'connected'.
  • if it stays offline, run  cello logout  then  cello login.
{"event":"notification.channel.forwarded","type":"agent_current_changed","agent":"agentA"}
{"event":"notification.channel.forwarded","type":"agent_current_changed","agent":"agentB"}
{"event":"notification.channel.forwarded","type":"session_state_changed","agent":"agentB"}
{"event":"notification.channel.forwarded","type":"cello_message","agent":"agentB"}
Next: run  cello status  to confirm 'agentA' is registered.
  • it's normal for this to take a minute or two while registration settles.
  • ready = the agent shows state 'online' and directory_signaling 'connected'.
  • if it stays offline, run  cello logout  then  cello login.
Next: run  cello status  to confirm 'agentB' is registered.
  • it's normal for this to take a minute or two while registration settles.
  • ready = the agent shows state 'online' and directory_signaling 'connected'.
  • if it stays offline, run  cello logout  then  cello login.
{"event":"notification.channel.forwarded","type":"agent_current_changed","agent":"agentA"}
{"event":"notification.channel.forwarded","type":"agent_current_changed","agent":"agentB"}
{"event":"notification.channel.forwarded","type":"session_state_changed","agent":"agentB"}
{"event":"notification.channel.forwarded","type":"cello_message","agent":"agentB"}
Next: run  cello status  to confirm 'agentA' is registered.
  • it's normal for this to take a minute or two while registration settles.
  • ready = the agent shows state 'online' and directory_signaling 'connected'.
  • if it stays offline, run  cello logout  then  cello login.
Next: run  cello status  to confirm 'agentB' is registered.
  • it's normal for this to take a minute or two while registration settles.
  • ready = the agent shows state 'online' and directory_signaling 'connected'.
  • if it stays offline, run  cello logout  then  cello login.
{"event":"notification.channel.forwarded","type":"agent_current_changed","agent":"agentA"}
{"event":"notification.channel.forwarded","type":"agent_current_changed","agent":"agentB"}
{"event":"notification.channel.forwarded","type":"session_state_changed","agent":"agentB"}
{"event":"notification.channel.forwarded","type":"agent_current_changed","agent":"agentA"}
{"event":"notification.channel.forwarded","type":"cello_message","agent":"agentB"}
Next: run  cello status  to confirm 'agentA' is registered.
  • it's normal for this to take a minute or two while registration settles.
  • ready = the agent shows state 'online' and directory_signaling 'connected'.
  • if it stays offline, run  cello logout  then  cello login.
Next: run  cello status  to confirm 'agentB' is registered.
  • it's normal for this to take a minute or two while registration settles.
  • ready = the agent shows state 'online' and directory_signaling 'connected'.
  • if it stays offline, run  cello logout  then  cello login.
{"event":"notification.channel.forwarded","type":"agent_current_changed","agent":"agentA"}
{"event":"notification.channel.forwarded","type":"agent_current_changed","agent":"agentB"}
{"event":"notification.channel.forwarded","type":"session_state_changed","agent":"agentB"}
{"event":"notification.channel.forwarded","type":"cello_message","agent":"agentB"}
{"event":"notification.channel.forwarded","type":"cello_message","agent":"agentB"}
Next: run  cello status  to confirm 'agentA' is registered.
  • it's normal for this to take a minute or two while registration settles.
  • ready = the agent shows state 'online' and directory_signaling 'connected'.
  • if it stays offline, run  cello logout  then  cello login.
Next: run  cello status  to confirm 'agentB' is registered.
  • it's normal for this to take a minute or two while registration settles.
  • ready = the agent shows state 'online' and directory_signaling 'connected'.
  • if it stays offline, run  cello logout  then  cello login.
{"event":"notification.channel.forwarded","type":"agent_current_changed","agent":"agentA"}
{"event":"notification.channel.forwarded","type":"agent_current_changed","agent":"agentB"}
{"event":"notification.channel.forwarded","type":"session_state_changed","agent":"agentB"}
{"event":"notification.channel.forwarded","type":"cello_message","agent":"agentB"}
{"event":"notification.channel.forwarded","type":"agent_current_changed","agent":"agentB"}
Next: run  cello status  to confirm 'agentA' is registered.
  • it's normal for this to take a minute or two while registration settles.
  • ready = the agent shows state 'online' and directory_signaling 'connected'.
  • if it stays offline, run  cello logout  then  cello login.
Next: run  cello status  to confirm 'agentB' is registered.
  • it's normal for this to take a minute or two while registration settles.
  • ready = the agent shows state 'online' and directory_signaling 'connected'.
  • if it stays offline, run  cello logout  then  cello login.
{"event":"notification.channel.forwarded","type":"agent_current_changed","agent":"agentA"}
{"event":"notification.channel.forwarded","type":"agent_current_changed","agent":"agentB"}
{"event":"notification.channel.forwarded","type":"session_state_changed","agent":"agentB"}
{"event":"notification.channel.forwarded","type":"cello_message","agent":"agentB"}
 ❯ src/spine/j-content.spine.test.ts (10 tests | 4 failed) 127193ms
   × J-CONTENT — relay store-and-forward, live (DOD-MSG-3 / MSG-001-3b) > DOD-MSG-3 (transport) — deposit ciphertext for an offline recipient → recipient pulls the SAME bytes 2419ms
     → pull failed: {"ok":false,"reason":"relay_refused_pull:not_a_participant","guidance":"This relay refused to release parked content for this agent — it is NOT an empty mailbox, and content may still be waiting. A relay only recognises agents named by a session assignment it has recorded, and it forgets them when it restarts. Establish a session with this relay (cello initiate-session) and retry, or pull from the relay that brokered the session the content belongs to."}: expected false to be true // Object.is equality
   ✓ J-CONTENT — relay store-and-forward, live (DOD-MSG-3 / MSG-001-3b) > DOD-MSG-3 (send park) — A sends to an offline recipient → hash witnessed + content auto-parked (R1)  4265ms
   ✓ J-CONTENT — relay store-and-forward, live (DOD-MSG-3 / MSG-001-3b) > DOD-MSG-3/4 (recover) — offline recipient comes back, RECOVERS the parked message through the inbound funnel  5050ms
   × J-CONTENT — relay store-and-forward, live (DOD-MSG-3 / MSG-001-3b) > DOD-MSG-7 (desync only on tamper) — tampered parked content is the ONLY desync; recovery-failure keeps the session alive 2178ms
     → ipcCall content_park_deposit error: {"code":"internal_error","message":"[object Object]","guidance":"An unexpected error occurred. Check daemon logs for details."}
   × J-CONTENT — relay store-and-forward, live (DOD-MSG-3 / MSG-001-3b) > DOD-MSG-5 (dedup) — a message arriving BOTH directly and via park yields exactly ONE leaf 2177ms
     → ipcCall content_park_deposit error: {"code":"internal_error","message":"[object Object]","guidance":"An unexpected error occurred. Check daemon logs for details."}
   ✓ J-CONTENT — relay store-and-forward, live (DOD-MSG-3 / MSG-001-3b) > DOD-MSG-1 (ACK ladder) — a persisted delivery ACK resolves the send; the protocol acts on persisted  2180ms
   ✓ J-CONTENT — relay store-and-forward, live (DOD-MSG-3 / MSG-001-3b) > DOD-MSG-2 (startup-flush park) — a sender that crashed with un-acked content re-parks it on restart  5112ms
   ✓ J-CONTENT — relay store-and-forward, live (DOD-MSG-3 / MSG-001-3b) > DOD-MSG-4 (self-ordering frame) — the content frame carries the relay's signed Structure2; B verifies it and orders from the FRAME, not the witness stream  2150ms
   ✓ J-CONTENT — relay store-and-forward, live (DOD-MSG-3 / MSG-001-3b) > DOD-MSG-4 (auto-recover) — B drains its parked mailbox automatically on reconnect, with NO explicit recover call  5014ms
   × J-CONTENT — relay store-and-forward, live (DOD-MSG-3 / MSG-001-3b) > DOD-MSG-8 (irreducible loss is honest) — a post-seal straggler is rejected (session_committed); B's certificate frontier is honest and the straggler never inflates it nor re-enters the transcript 2728ms
     → MCP tool "cello_get_transcript" did not return JSON: MCP error -32602: Tool cello_get_transcript not found
 Container trustless-cello-postgres-1  Running
 Container trustless-cello-postgres-1  Waiting
 Container trustless-cello-postgres-1  Healthy
DROP DATABASE
CREATE DATABASE
 Container trustless-cello-postgres-1  Running
OpenJDK 64-Bit Server VM warning: Unable to get SVE vector length on this system. Disabling SVE. Specify -XX:UseSVE=0 to shun this warning.
Flyway OSS Edition 11.13.2 by Redgate

See release notes here: https://rd.gt/416ObMi
Database: jdbc:postgresql://postgres:5432/cello_spine_0 (PostgreSQL 18.4)
WARNING: Using PostgreSQL 18.4 which is newer than the version Flyway has been verified with. The latest verified version of PostgreSQL is 17.
Schema history table "public"."flyway_schema_history" does not exist yet
Successfully validated 64 migrations (execution time 00:00.029s)
Creating Schema History table "public"."flyway_schema_history" ...
Current version of schema "public": << Empty Schema >>
WARNING: DB: relation "notification_queue" already exists, skipping (SQL State: 42P07 - Error Code: 0)
DB: policy "delete_own" for relation "notification_queue" does not exist, skipping
DB: policy "select_by_pubkey" for relation "notification_queue" does not exist, skipping
DB: policy "delete_by_pubkey" for relation "notification_queue" does not exist, skipping
WARNING: DB: relation "pending_connection_requests" already exists, skipping (SQL State: 42P07 - Error Code: 0)
DB: policy "delete_own" for relation "pending_connection_requests" does not exist, skipping
DB: policy "delete_all" for relation "pending_connection_requests" does not exist, skipping
DB: policy "insert_only" for relation "pending_notifications" does not exist, skipping
DB: policy "select_all" for relation "pending_notifications" does not exist, skipping
DB: policy "delete_all" for relation "pending_notifications" does not exist, skipping
DB: policy "select_by_recipient" for relation "pending_notifications" does not exist, skipping
DB: policy "delete_by_recipient" for relation "pending_notifications" does not exist, skipping
DB: policy "insert_only" for relation "agent_revocations" does not exist, skipping
DB: policy "select_all" for relation "agent_revocations" does not exist, skipping
DB: policy "insert_only" for relation "agent_account_links" does not exist, skipping
DB: policy "select_all" for relation "agent_account_links" does not exist, skipping
DB: policy "insert_only" for relation "account_email_stubs" does not exist, skipping
DB: policy "select_all" for relation "account_email_stubs" does not exist, skipping
DB: policy "insert_only" for relation "signal_revocations" does not exist, skipping
DB: policy "select_all" for relation "signal_revocations" does not exist, skipping
Successfully applied 64 migrations to schema "public", now at version v64 (execution time 00:00.239s)

--------------------------------------------------------------------------------------------------------
A more recent version of Flyway is available. Find out more about Flyway 13.4.0 at https://rd.gt/3rXiSlV
--------------------------------------------------------------------------------------------------------
DROP DATABASE
CREATE DATABASE
 Container trustless-cello-postgres-1  Running
OpenJDK 64-Bit Server VM warning: Unable to get SVE vector length on this system. Disabling SVE. Specify -XX:UseSVE=0 to shun this warning.
Flyway OSS Edition 11.13.2 by Redgate

See release notes here: https://rd.gt/416ObMi
Database: jdbc:postgresql://postgres:5432/cello_spine_1 (PostgreSQL 18.4)
WARNING: Using PostgreSQL 18.4 which is newer than the version Flyway has been verified with. The latest verified version of PostgreSQL is 17.
Schema history table "public"."flyway_schema_history" does not exist yet
Successfully validated 64 migrations (execution time 00:00.027s)
Creating Schema History table "public"."flyway_schema_history" ...
Current version of schema "public": << Empty Schema >>
WARNING: DB: relation "notification_queue" already exists, skipping (SQL State: 42P07 - Error Code: 0)
DB: policy "delete_own" for relation "notification_queue" does not exist, skipping
DB: policy "select_by_pubkey" for relation "notification_queue" does not exist, skipping
DB: policy "delete_by_pubkey" for relation "notification_queue" does not exist, skipping
WARNING: DB: relation "pending_connection_requests" already exists, skipping (SQL State: 42P07 - Error Code: 0)
DB: policy "delete_own" for relation "pending_connection_requests" does not exist, skipping
DB: policy "delete_all" for relation "pending_connection_requests" does not exist, skipping
DB: policy "insert_only" for relation "pending_notifications" does not exist, skipping
DB: policy "select_all" for relation "pending_notifications" does not exist, skipping
DB: policy "delete_all" for relation "pending_notifications" does not exist, skipping
DB: policy "select_by_recipient" for relation "pending_notifications" does not exist, skipping
DB: policy "delete_by_recipient" for relation "pending_notifications" does not exist, skipping
DB: policy "insert_only" for relation "agent_revocations" does not exist, skipping
DB: policy "select_all" for relation "agent_revocations" does not exist, skipping
DB: policy "insert_only" for relation "agent_account_links" does not exist, skipping
DB: policy "select_all" for relation "agent_account_links" does not exist, skipping
DB: policy "insert_only" for relation "account_email_stubs" does not exist, skipping
DB: policy "select_all" for relation "account_email_stubs" does not exist, skipping
DB: policy "insert_only" for relation "signal_revocations" does not exist, skipping
DB: policy "select_all" for relation "signal_revocations" does not exist, skipping
Successfully applied 64 migrations to schema "public", now at version v64 (execution time 00:00.232s)

--------------------------------------------------------------------------------------------------------
A more recent version of Flyway is available. Find out more about Flyway 13.4.0 at https://rd.gt/3rXiSlV
--------------------------------------------------------------------------------------------------------
DROP DATABASE
CREATE DATABASE
 Container trustless-cello-postgres-1  Running
OpenJDK 64-Bit Server VM warning: Unable to get SVE vector length on this system. Disabling SVE. Specify -XX:UseSVE=0 to shun this warning.
Flyway OSS Edition 11.13.2 by Redgate

See release notes here: https://rd.gt/416ObMi
Database: jdbc:postgresql://postgres:5432/cello_spine_2 (PostgreSQL 18.4)
WARNING: Using PostgreSQL 18.4 which is newer than the version Flyway has been verified with. The latest verified version of PostgreSQL is 17.
Schema history table "public"."flyway_schema_history" does not exist yet
Successfully validated 64 migrations (execution time 00:00.028s)
Creating Schema History table "public"."flyway_schema_history" ...
Current version of schema "public": << Empty Schema >>
WARNING: DB: relation "notification_queue" already exists, skipping (SQL State: 42P07 - Error Code: 0)
DB: policy "delete_own" for relation "notification_queue" does not exist, skipping
DB: policy "select_by_pubkey" for relation "notification_queue" does not exist, skipping
DB: policy "delete_by_pubkey" for relation "notification_queue" does not exist, skipping
WARNING: DB: relation "pending_connection_requests" already exists, skipping (SQL State: 42P07 - Error Code: 0)
DB: policy "delete_own" for relation "pending_connection_requests" does not exist, skipping
DB: policy "delete_all" for relation "pending_connection_requests" does not exist, skipping
DB: policy "insert_only" for relation "pending_notifications" does not exist, skipping
DB: policy "select_all" for relation "pending_notifications" does not exist, skipping
DB: policy "delete_all" for relation "pending_notifications" does not exist, skipping
DB: policy "select_by_recipient" for relation "pending_notifications" does not exist, skipping
DB: policy "delete_by_recipient" for relation "pending_notifications" does not exist, skipping
DB: policy "insert_only" for relation "agent_revocations" does not exist, skipping
DB: policy "select_all" for relation "agent_revocations" does not exist, skipping
DB: policy "insert_only" for relation "agent_account_links" does not exist, skipping
DB: policy "select_all" for relation "agent_account_links" does not exist, skipping
DB: policy "insert_only" for relation "account_email_stubs" does not exist, skipping
DB: policy "select_all" for relation "account_email_stubs" does not exist, skipping
DB: policy "insert_only" for relation "signal_revocations" does not exist, skipping
DB: policy "select_all" for relation "signal_revocations" does not exist, skipping
Successfully applied 64 migrations to schema "public", now at version v64 (execution time 00:00.283s)
{"event":"notification.channel.forwarded","type":"agent_state_changed","agent":"agentA"}
{"event":"notification.channel.forwarded","type":"agent_state_changed","agent":"agentA"}
{"event":"notification.channel.forwarded","type":"agent_current_changed","agent":"agentA"}
Next: run  cello status  to confirm 'agentA' is registered.
  • it's normal for this to take a minute or two while registration settles.
  • ready = the agent shows state 'online' and directory_signaling 'connected'.
  • if it stays offline, run  cello logout  then  cello login.
Next: run  cello status  to confirm 'agentB' is registered.
  • it's normal for this to take a minute or two while registration settles.
  • ready = the agent shows state 'online' and directory_signaling 'connected'.
  • if it stays offline, run  cello logout  then  cello login.
{"event":"notification.channel.forwarded","type":"agent_state_changed","agent":"agentA"}
{"event":"notification.channel.forwarded","type":"agent_current_changed","agent":"agentA"}
Next: run  cello status  to confirm 'agentA' is registered.
  • it's normal for this to take a minute or two while registration settles.
  • ready = the agent shows state 'online' and directory_signaling 'connected'.
  • if it stays offline, run  cello logout  then  cello login.
Next: run  cello status  to confirm 'agentB' is registered.
  • it's normal for this to take a minute or two while registration settles.
  • ready = the agent shows state 'online' and directory_signaling 'connected'.
  • if it stays offline, run  cello logout  then  cello login.
{"event":"notification.channel.forwarded","type":"agent_current_changed","agent":"agentA"}
Next: run  cello status  to confirm 'agentA' is registered.
  • it's normal for this to take a minute or two while registration settles.
  • ready = the agent shows state 'online' and directory_signaling 'connected'.
  • if it stays offline, run  cello logout  then  cello login.
Next: run  cello status  to confirm 'agentB' is registered.
  • it's normal for this to take a minute or two while registration settles.
  • ready = the agent shows state 'online' and directory_signaling 'connected'.
  • if it stays offline, run  cello logout  then  cello login.
{"event":"notification.channel.forwarded","type":"agent_current_changed","agent":"agentA"}
{"event":"notification.channel.forwarded","type":"agent_current_changed","agent":"agentB"}
{"event":"notification.channel.forwarded","type":"session_state_changed","agent":"agentB"}
{"event":"notification.channel.forwarded","type":"cello_message","agent":"agentB"}
Next: run  cello status  to confirm 'agentA' is registered.
  • it's normal for this to take a minute or two while registration settles.
  • ready = the agent shows state 'online' and directory_signaling 'connected'.
  • if it stays offline, run  cello logout  then  cello login.
Next: run  cello status  to confirm 'agentB' is registered.
  • it's normal for this to take a minute or two while registration settles.
  • ready = the agent shows state 'online' and directory_signaling 'connected'.
  • if it stays offline, run  cello logout  then  cello login.
{"event":"notification.channel.forwarded","type":"agent_current_changed","agent":"agentA"}
{"event":"notification.channel.forwarded","type":"agent_current_changed","agent":"agentB"}
{"event":"notification.channel.forwarded","type":"session_state_changed","agent":"agentB"}
{"event":"notification.channel.forwarded","type":"cello_message","agent":"agentB"}
 ✓ src/spine/j-spine.spine.test.ts (7 tests) 91133ms
   ✓ J-SPINE — live binary spine (DOD-SPINE-1..7 against the real binaries) > DOD-SPINE-1 — daemon up: started, `cello login` connects within 5s, signaling connected (directory-corroborated)  1605ms
   ✓ J-SPINE — live binary spine (DOD-SPINE-1..7 against the real binaries) > DOD-SPINE-2/3 — two IPC sessions: three-state model + independent current-agent  707ms
   ✓ J-SPINE — live binary spine (DOD-SPINE-1..7 against the real binaries) > DOD-SPINE-4 — register two agents (real DKG): register_success, directory agent_profiles + one deduped account, per-agent files  11564ms
   ✓ J-SPINE — live binary spine (DOD-SPINE-1..7 against the real binaries) > DOD-SPINE-5 (partial) — initiate session negotiator is wired: session_request reaches the directory  857ms
   ✓ J-SPINE — live binary spine (DOD-SPINE-1..7 against the real binaries) > DOD-SPINE-5 — FROST-signed SessionAssignment received between two registered agents (one daemon)  1519ms
   ✓ J-SPINE — live binary spine (DOD-SPINE-1..7 against the real binaries) > DOD-SPINE-6 — send/receive: A cello_send → B cello_receive (relay hash_submit/leaf_deliver, no content in relay logs)  2172ms
   ✓ J-SPINE — live binary spine (DOD-SPINE-1..7 against the real binaries) > DOD-SPINE-7 — bilateral seal: both close → directory FROST-notarizes → byte-identical sealed_root  2617ms
 Container trustless-cello-postgres-1  Running
 Container trustless-cello-postgres-1  Waiting
 Container trustless-cello-postgres-1  Healthy
DROP DATABASE
CREATE DATABASE
 Container trustless-cello-postgres-1  Running
OpenJDK 64-Bit Server VM warning: Unable to get SVE vector length on this system. Disabling SVE. Specify -XX:UseSVE=0 to shun this warning.
Flyway OSS Edition 11.13.2 by Redgate

See release notes here: https://rd.gt/416ObMi
Database: jdbc:postgresql://postgres:5432/cello_spine_0 (PostgreSQL 18.4)
WARNING: Using PostgreSQL 18.4 which is newer than the version Flyway has been verified with. The latest verified version of PostgreSQL is 17.
Schema history table "public"."flyway_schema_history" does not exist yet
Successfully validated 64 migrations (execution time 00:00.026s)
Creating Schema History table "public"."flyway_schema_history" ...
Current version of schema "public": << Empty Schema >>
WARNING: DB: relation "notification_queue" already exists, skipping (SQL State: 42P07 - Error Code: 0)
DB: policy "delete_own" for relation "notification_queue" does not exist, skipping
DB: policy "select_by_pubkey" for relation "notification_queue" does not exist, skipping
DB: policy "delete_by_pubkey" for relation "notification_queue" does not exist, skipping
WARNING: DB: relation "pending_connection_requests" already exists, skipping (SQL State: 42P07 - Error Code: 0)
DB: policy "delete_own" for relation "pending_connection_requests" does not exist, skipping
DB: policy "delete_all" for relation "pending_connection_requests" does not exist, skipping
DB: policy "insert_only" for relation "pending_notifications" does not exist, skipping
DB: policy "select_all" for relation "pending_notifications" does not exist, skipping
DB: policy "delete_all" for relation "pending_notifications" does not exist, skipping
DB: policy "select_by_recipient" for relation "pending_notifications" does not exist, skipping
DB: policy "delete_by_recipient" for relation "pending_notifications" does not exist, skipping
DB: policy "insert_only" for relation "agent_revocations" does not exist, skipping
DB: policy "select_all" for relation "agent_revocations" does not exist, skipping
DB: policy "insert_only" for relation "agent_account_links" does not exist, skipping
DB: policy "select_all" for relation "agent_account_links" does not exist, skipping
DB: policy "insert_only" for relation "account_email_stubs" does not exist, skipping
DB: policy "select_all" for relation "account_email_stubs" does not exist, skipping
DB: policy "insert_only" for relation "signal_revocations" does not exist, skipping
DB: policy "select_all" for relation "signal_revocations" does not exist, skipping
Successfully applied 64 migrations to schema "public", now at version v64 (execution time 00:00.217s)
DROP DATABASE
CREATE DATABASE
 Container trustless-cello-postgres-1  Running
OpenJDK 64-Bit Server VM warning: Unable to get SVE vector length on this system. Disabling SVE. Specify -XX:UseSVE=0 to shun this warning.
Flyway OSS Edition 11.13.2 by Redgate

See release notes here: https://rd.gt/416ObMi
Database: jdbc:postgresql://postgres:5432/cello_spine_1 (PostgreSQL 18.4)
WARNING: Using PostgreSQL 18.4 which is newer than the version Flyway has been verified with. The latest verified version of PostgreSQL is 17.
Schema history table "public"."flyway_schema_history" does not exist yet
Successfully validated 64 migrations (execution time 00:00.028s)
Creating Schema History table "public"."flyway_schema_history" ...
Current version of schema "public": << Empty Schema >>
WARNING: DB: relation "notification_queue" already exists, skipping (SQL State: 42P07 - Error Code: 0)
DB: policy "delete_own" for relation "notification_queue" does not exist, skipping
DB: policy "select_by_pubkey" for relation "notification_queue" does not exist, skipping
DB: policy "delete_by_pubkey" for relation "notification_queue" does not exist, skipping
WARNING: DB: relation "pending_connection_requests" already exists, skipping (SQL State: 42P07 - Error Code: 0)
DB: policy "delete_own" for relation "pending_connection_requests" does not exist, skipping
DB: policy "delete_all" for relation "pending_connection_requests" does not exist, skipping
DB: policy "insert_only" for relation "pending_notifications" does not exist, skipping
DB: policy "select_all" for relation "pending_notifications" does not exist, skipping
DB: policy "delete_all" for relation "pending_notifications" does not exist, skipping
DB: policy "select_by_recipient" for relation "pending_notifications" does not exist, skipping
DB: policy "delete_by_recipient" for relation "pending_notifications" does not exist, skipping
DB: policy "insert_only" for relation "agent_revocations" does not exist, skipping
DB: policy "select_all" for relation "agent_revocations" does not exist, skipping
DB: policy "insert_only" for relation "agent_account_links" does not exist, skipping
DB: policy "select_all" for relation "agent_account_links" does not exist, skipping
DB: policy "insert_only" for relation "account_email_stubs" does not exist, skipping
DB: policy "select_all" for relation "account_email_stubs" does not exist, skipping
DB: policy "insert_only" for relation "signal_revocations" does not exist, skipping
DB: policy "select_all" for relation "signal_revocations" does not exist, skipping
Successfully applied 64 migrations to schema "public", now at version v64 (execution time 00:00.254s)

--------------------------------------------------------------------------------------------------------
A more recent version of Flyway is available. Find out more about Flyway 13.4.0 at https://rd.gt/3rXiSlV
--------------------------------------------------------------------------------------------------------
DROP DATABASE
CREATE DATABASE
 Container trustless-cello-postgres-1  Running
OpenJDK 64-Bit Server VM warning: Unable to get SVE vector length on this system. Disabling SVE. Specify -XX:UseSVE=0 to shun this warning.
Flyway OSS Edition 11.13.2 by Redgate

See release notes here: https://rd.gt/416ObMi
Database: jdbc:postgresql://postgres:5432/cello_spine_2 (PostgreSQL 18.4)
WARNING: Using PostgreSQL 18.4 which is newer than the version Flyway has been verified with. The latest verified version of PostgreSQL is 17.
Schema history table "public"."flyway_schema_history" does not exist yet
Successfully validated 64 migrations (execution time 00:00.034s)
Creating Schema History table "public"."flyway_schema_history" ...
Current version of schema "public": << Empty Schema >>
WARNING: DB: relation "notification_queue" already exists, skipping (SQL State: 42P07 - Error Code: 0)
DB: policy "delete_own" for relation "notification_queue" does not exist, skipping
DB: policy "select_by_pubkey" for relation "notification_queue" does not exist, skipping
DB: policy "delete_by_pubkey" for relation "notification_queue" does not exist, skipping
WARNING: DB: relation "pending_connection_requests" already exists, skipping (SQL State: 42P07 - Error Code: 0)
DB: policy "delete_own" for relation "pending_connection_requests" does not exist, skipping
DB: policy "delete_all" for relation "pending_connection_requests" does not exist, skipping
DB: policy "insert_only" for relation "pending_notifications" does not exist, skipping
DB: policy "select_all" for relation "pending_notifications" does not exist, skipping
DB: policy "delete_all" for relation "pending_notifications" does not exist, skipping
DB: policy "select_by_recipient" for relation "pending_notifications" does not exist, skipping
DB: policy "delete_by_recipient" for relation "pending_notifications" does not exist, skipping
DB: policy "insert_only" for relation "agent_revocations" does not exist, skipping
DB: policy "select_all" for relation "agent_revocations" does not exist, skipping
DB: policy "insert_only" for relation "agent_account_links" does not exist, skipping
DB: policy "select_all" for relation "agent_account_links" does not exist, skipping
DB: policy "insert_only" for relation "account_email_stubs" does not exist, skipping
DB: policy "select_all" for relation "account_email_stubs" does not exist, skipping
DB: policy "insert_only" for relation "signal_revocations" does not exist, skipping
DB: policy "select_all" for relation "signal_revocations" does not exist, skipping
Successfully applied 64 migrations to schema "public", now at version v64 (execution time 00:00.307s)

--------------------------------------------------------------------------------------------------------
A more recent version of Flyway is available. Find out more about Flyway 13.4.0 at https://rd.gt/3rXiSlV
--------------------------------------------------------------------------------------------------------
{"event":"notification.channel.forwarded","type":"agent_current_changed","agent":"sigA"}
 ✓ src/spine/j-sig.spine.test.ts (2 tests) 98979ms
   ✓ J-SIG — directory signaling resilience, live (DOD-SIG-1) > DOD-SIG-1 (degradation) — kill the directory → directory_signaling: reconnecting + tool calls degrade with a bounded reason + guidance  26115ms
   ✓ J-SIG — directory signaling resilience, live (DOD-SIG-1) > DOD-SIG-1 (recovery) — directory returns → daemon re-auths (no resume token) → directory_signaling back to connected  17412ms
 Container trustless-cello-postgres-1  Running
 Container trustless-cello-postgres-1  Waiting
 Container trustless-cello-postgres-1  Healthy
DROP DATABASE
CREATE DATABASE
 Container trustless-cello-postgres-1  Running
OpenJDK 64-Bit Server VM warning: Unable to get SVE vector length on this system. Disabling SVE. Specify -XX:UseSVE=0 to shun this warning.
Flyway OSS Edition 11.13.2 by Redgate

See release notes here: https://rd.gt/416ObMi
Database: jdbc:postgresql://postgres:5432/cello_spine (PostgreSQL 18.4)
WARNING: Using PostgreSQL 18.4 which is newer than the version Flyway has been verified with. The latest verified version of PostgreSQL is 17.
Schema history table "public"."flyway_schema_history" does not exist yet
Successfully validated 64 migrations (execution time 00:00.024s)
Creating Schema History table "public"."flyway_schema_history" ...
Current version of schema "public": << Empty Schema >>
WARNING: DB: relation "notification_queue" already exists, skipping (SQL State: 42P07 - Error Code: 0)
DB: policy "delete_own" for relation "notification_queue" does not exist, skipping
DB: policy "select_by_pubkey" for relation "notification_queue" does not exist, skipping
DB: policy "delete_by_pubkey" for relation "notification_queue" does not exist, skipping
WARNING: DB: relation "pending_connection_requests" already exists, skipping (SQL State: 42P07 - Error Code: 0)
DB: policy "delete_own" for relation "pending_connection_requests" does not exist, skipping
DB: policy "delete_all" for relation "pending_connection_requests" does not exist, skipping
DB: policy "insert_only" for relation "pending_notifications" does not exist, skipping
DB: policy "select_all" for relation "pending_notifications" does not exist, skipping
DB: policy "delete_all" for relation "pending_notifications" does not exist, skipping
DB: policy "select_by_recipient" for relation "pending_notifications" does not exist, skipping
DB: policy "delete_by_recipient" for relation "pending_notifications" does not exist, skipping
DB: policy "insert_only" for relation "agent_revocations" does not exist, skipping
DB: policy "select_all" for relation "agent_revocations" does not exist, skipping
DB: policy "insert_only" for relation "agent_account_links" does not exist, skipping
DB: policy "select_all" for relation "agent_account_links" does not exist, skipping
DB: policy "insert_only" for relation "account_email_stubs" does not exist, skipping
DB: policy "select_all" for relation "account_email_stubs" does not exist, skipping
DB: policy "insert_only" for relation "signal_revocations" does not exist, skipping
DB: policy "select_all" for relation "signal_revocations" does not exist, skipping
Successfully applied 64 migrations to schema "public", now at version v64 (execution time 00:00.264s)

--------------------------------------------------------------------------------------------------------
A more recent version of Flyway is available. Find out more about Flyway 13.4.0 at https://rd.gt/3rXiSlV
--------------------------------------------------------------------------------------------------------
Next: run  cello status  to confirm 'bob' is registered.
  • it's normal for this to take a minute or two while registration settles.
  • ready = the agent shows state 'online' and directory_signaling 'connected'.
  • if it stays offline, run  cello logout  then  cello login.
Next: run  cello status  to confirm 'alice' is registered.
  • it's normal for this to take a minute or two while registration settles.
  • ready = the agent shows state 'online' and directory_signaling 'connected'.
  • if it stays offline, run  cello logout  then  cello login.
Next: run  cello status  to confirm 'charlie' is registered.
  • it's normal for this to take a minute or two while registration settles.
  • ready = the agent shows state 'online' and directory_signaling 'connected'.
  • if it stays offline, run  cello logout  then  cello login.
{"event":"notification.channel.forwarded","type":"agent_current_changed","agent":"bob"}
{"ts":"2026-09-02T17:29:59.687Z","level":"info","event":"signal.ingress.drained","nodeIndex":0,"count":1,"correlationId":"b09e9000-963c-477f-a36e-aadb0748c303"}
{"ts":"2026-09-02T17:29:59.693Z","level":"info","event":"signal.ingress.authenticated","submissionId":"a08a0c436728730b237654ed406d39a9eb52dc0af00f766dc285351ec757e7b2","issuerPubkey":"0c001cab52548116","op":"submit","correlationId":"b09e9000-963c-477f-a36e-aadb0748c303"}
{"ts":"2026-09-02T17:29:59.718Z","level":"info","event":"signal.ingress.minted","submissionId":"a08a0c436728730b237654ed406d39a9eb52dc0af00f766dc285351ec757e7b2","signalHash":"d3d3af60e6223c8487a51edb19cc8dc9fb0b231d516dcf56c83ce56cfcc58529","delivered":1,"correlationId":"b09e9000-963c-477f-a36e-aadb0748c303"}
{"event":"notification.channel.forwarded","type":"agent_state_changed","agent":"alice"}
{"event":"notification.channel.forwarded","type":"agent_current_changed","agent":"alice"}
{"event":"notification.channel.forwarded","type":"agent_current_changed","agent":"charlie"}
{"event":"notification.channel.forwarded","type":"session_state_changed","agent":"charlie"}
{"ts":"2026-09-02T17:30:10.420Z","level":"info","event":"signal.ingress.drained","nodeIndex":0,"count":1,"correlationId":"8e7abf4a-1de3-45be-b70a-e5e7600c409f"}
{"ts":"2026-09-02T17:30:10.423Z","level":"info","event":"signal.ingress.authenticated","submissionId":"d645875b7fae696f91221b51a1623950f436f353bc0f88156c18ff67c7934a31","issuerPubkey":"0c001cab52548116","op":"submit","correlationId":"8e7abf4a-1de3-45be-b70a-e5e7600c409f"}
{"ts":"2026-09-02T17:30:10.444Z","level":"info","event":"signal.ingress.minted","submissionId":"d645875b7fae696f91221b51a1623950f436f353bc0f88156c18ff67c7934a31","signalHash":"840d7b08febe5afde1b1861d36261e2ceb604515c1dbd6b001ffa895141b2611","delivered":1,"correlationId":"8e7abf4a-1de3-45be-b70a-e5e7600c409f"}
{"event":"notification.channel.forwarded","type":"shutdown"}
cello-mcp: daemon connection lost — reconnecting…
{"event":"notification.channel.forwarded","type":"agent_state_changed","agent":"alice"}
{"event":"notification.channel.forwarded","type":"agent_current_changed","agent":"alice"}
{"event":"notification.channel.forwarded","type":"agent_current_changed","agent":"alice"}
cello-mcp: reconnected to the CELLO daemon
{"event":"notification.channel.forwarded","type":"daemon_reconnected","agent":"alice"}
{"ts":"2026-09-02T17:30:14.351Z","level":"info","event":"signal.ingress.drained","nodeIndex":0,"count":1,"correlationId":"7055ea17-cfb7-4cf9-86ac-843bf72d05bd"}
{"ts":"2026-09-02T17:30:14.355Z","level":"info","event":"signal.ingress.authenticated","submissionId":"0fad8156e5b18e36f5559e870d63ada386e1ec2599025d53f478a7e3aaa344c7","issuerPubkey":"d548ad1cc2bd253a","op":"refuse","correlationId":"7055ea17-cfb7-4cf9-86ac-843bf72d05bd"}
{"ts":"2026-09-02T17:30:14.370Z","level":"info","event":"signal.refuse.recorded","submissionId":"0fad8156e5b18e36f5559e870d63ada386e1ec2599025d53f478a7e3aaa344c7","signalHash":"840d7b08febe5afde1b1861d36261e2ceb604515c1dbd6b001ffa895141b2611","correlationId":"7055ea17-cfb7-4cf9-86ac-843bf72d05bd"}
{"event":"notification.channel.forwarded","type":"session_state_changed","agent":"charlie"}
{"event":"notification.channel.forwarded","type":"shutdown"}
{"event":"notification.channel.forwarded","type":"shutdown"}
cello-mcp: daemon connection lost — reconnecting…
cello-mcp: daemon connection lost — reconnecting…
{"ts":"2026-09-02T17:30:17.837Z","level":"info","event":"signal.ingress.drained","nodeIndex":0,"count":1,"correlationId":"dfbe78f8-2e93-4387-b438-1a11c54476bb"}
{"ts":"2026-09-02T17:30:17.840Z","level":"info","event":"signal.ingress.authenticated","submissionId":"ee2ff7397f06860d6f458e679604474e4c1b36bffac399e1be8e428901b22981","issuerPubkey":"0c001cab52548116","op":"submit","correlationId":"dfbe78f8-2e93-4387-b438-1a11c54476bb"}
{"ts":"2026-09-02T17:30:17.865Z","level":"info","event":"signal.ingress.minted","submissionId":"ee2ff7397f06860d6f458e679604474e4c1b36bffac399e1be8e428901b22981","signalHash":"97e39d513655fa68611e5e00b0351dda64af432bdae358f0796a795c1bf03d8e","delivered":1,"correlationId":"dfbe78f8-2e93-4387-b438-1a11c54476bb"}
{"event":"notification.channel.forwarded","type":"agent_state_changed","agent":"alice"}
{"event":"notification.channel.forwarded","type":"agent_current_changed","agent":"alice"}
{"event":"notification.channel.forwarded","type":"agent_current_changed","agent":"alice"}
{"event":"notification.channel.forwarded","type":"agent_current_changed","agent":"alice"}
cello-mcp: reconnected to the CELLO daemon
{"event":"notification.channel.forwarded","type":"daemon_reconnected","agent":"alice"}
{"event":"notification.channel.forwarded","type":"agent_current_changed","agent":"alice"}
cello-mcp: reconnected to the CELLO daemon
{"event":"notification.channel.forwarded","type":"daemon_reconnected","agent":"alice"}
{"event":"notification.channel.forwarded","type":"agent_current_changed","agent":"charlie"}
{"ts":"2026-09-02T17:30:32.642Z","level":"info","event":"signal.ingress.drained","nodeIndex":0,"count":1,"correlationId":"2b3ad019-62ff-4055-8427-8593f1c55e02"}
{"ts":"2026-09-02T17:30:32.644Z","level":"info","event":"signal.ingress.authenticated","submissionId":"5b4f8937492deb70a4541ac2b7de3e4233ef3975c68f7a4ee79c7cfe88484a41","issuerPubkey":"ea840dc5b19785de","op":"submit","correlationId":"2b3ad019-62ff-4055-8427-8593f1c55e02"}
{"ts":"2026-09-02T17:30:32.675Z","level":"info","event":"signal.ingress.minted","submissionId":"5b4f8937492deb70a4541ac2b7de3e4233ef3975c68f7a4ee79c7cfe88484a41","signalHash":"59b847134f01af62e2266abfe0c75f6593ee6c207e1938835f88b00a364c7bb4","delivered":1,"correlationId":"2b3ad019-62ff-4055-8427-8593f1c55e02"}
{"event":"notification.channel.forwarded","type":"shutdown"}
{"event":"notification.channel.forwarded","type":"shutdown"}
{"event":"notification.channel.forwarded","type":"shutdown"}
cello-mcp: daemon connection lost — reconnecting…
{"event":"notification.channel.forwarded","type":"shutdown"}
cello-mcp: daemon connection lost — reconnecting…
cello-mcp: daemon connection lost — reconnecting…
cello-mcp: daemon connection lost — reconnecting…
{"event":"notification.channel.forwarded","type":"agent_state_changed","agent":"alice"}
{"event":"notification.channel.forwarded","type":"agent_current_changed","agent":"alice"}
{"event":"notification.channel.forwarded","type":"agent_current_changed","agent":"alice"}
cello-mcp: reconnected to the CELLO daemon
{"event":"notification.channel.forwarded","type":"daemon_reconnected","agent":"alice"}
{"event":"notification.channel.forwarded","type":"agent_current_changed","agent":"alice"}
cello-mcp: reconnected to the CELLO daemon
{"event":"notification.channel.forwarded","type":"daemon_reconnected","agent":"alice"}
{"event":"notification.channel.forwarded","type":"agent_current_changed","agent":"alice"}
cello-mcp: reconnected to the CELLO daemon
{"event":"notification.channel.forwarded","type":"agent_current_changed","agent":"alice"}
{"event":"notification.channel.forwarded","type":"daemon_reconnected","agent":"alice"}
cello-mcp: reconnected to the CELLO daemon
{"event":"notification.channel.forwarded","type":"daemon_reconnected","agent":"alice"}
{"event":"notification.channel.forwarded","type":"agent_current_changed","agent":"bob"}
{"event":"notification.channel.forwarded","type":"session_state_changed","agent":"bob"}
{"event":"notification.channel.forwarded","type":"session_state_changed","agent":"bob"}
 ✓ src/spine/j-end.spine.test.ts (10 tests) 95025ms
   ✓ J-END — DOD-END-JOURNEY-1: an endorsement from Bob about Alice, end to end > HOP 0: three agents register and connect  4740ms
   ✓ J-END — DOD-END-JOURNEY-1: an endorsement from Bob about Alice, end to end > HOP 1: Bob issues an endorsement about Alice, and it lands SEALED in the directory's queue  10049ms
   ✓ J-END — DOD-END-JOURNEY-1: an endorsement from Bob about Alice, end to end > HOP 2: the PORTAL drains, authenticates, scans, mints and delivers  11215ms
   ✓ J-END — DOD-END-JOURNEY-1: an endorsement from Bob about Alice, end to end > HOP 3: Alice receives it PENDING — inert until she decides  564ms
   ✓ J-END — DOD-END-JOURNEY-1: an endorsement from Bob about Alice, end to end > HOP 5: Alice presents to Charlie, who verifies it and sees BOB'S voice, not CELLO's  3514ms
   ✓ J-END — DOD-END-JOURNEY-1: an endorsement from Bob about Alice, end to end > HOP 6 (case a): Alice REFUSES a second endorsement with a message — and it never reaches Charlie  7398ms
   ✓ J-END — DOD-END-JOURNEY-1: an endorsement from Bob about Alice, end to end > HOP 7 (case a2): Alice is OFFLINE when Bob submits — nothing is lost, and she is TOLD on return  4049ms
   ✓ J-END — DOD-END-JOURNEY-1: an endorsement from Bob about Alice, end to end > HOP 8 (case c): self-endorsement is REFUSED at the source, with a named reason  7321ms
   ✓ J-END — DOD-END-JOURNEY-1: an endorsement from Bob about Alice, end to end > HOP 9 (case b): a CO-OWNED endorsement is minted, flagged, presentable — and does not count  4264ms
 Container trustless-cello-postgres-1  Running
 Container trustless-cello-postgres-1  Waiting
 Container trustless-cello-postgres-1  Healthy
DROP DATABASE
CREATE DATABASE
 Container trustless-cello-postgres-1  Running
OpenJDK 64-Bit Server VM warning: Unable to get SVE vector length on this system. Disabling SVE. Specify -XX:UseSVE=0 to shun this warning.
Flyway OSS Edition 11.13.2 by Redgate

See release notes here: https://rd.gt/416ObMi
Database: jdbc:postgresql://postgres:5432/cello_spine_0 (PostgreSQL 18.4)
WARNING: Using PostgreSQL 18.4 which is newer than the version Flyway has been verified with. The latest verified version of PostgreSQL is 17.
Schema history table "public"."flyway_schema_history" does not exist yet
Successfully validated 64 migrations (execution time 00:00.023s)
Creating Schema History table "public"."flyway_schema_history" ...
Current version of schema "public": << Empty Schema >>
WARNING: DB: relation "notification_queue" already exists, skipping (SQL State: 42P07 - Error Code: 0)
DB: policy "delete_own" for relation "notification_queue" does not exist, skipping
DB: policy "select_by_pubkey" for relation "notification_queue" does not exist, skipping
DB: policy "delete_by_pubkey" for relation "notification_queue" does not exist, skipping
WARNING: DB: relation "pending_connection_requests" already exists, skipping (SQL State: 42P07 - Error Code: 0)
DB: policy "delete_own" for relation "pending_connection_requests" does not exist, skipping
DB: policy "delete_all" for relation "pending_connection_requests" does not exist, skipping
DB: policy "insert_only" for relation "pending_notifications" does not exist, skipping
DB: policy "select_all" for relation "pending_notifications" does not exist, skipping
DB: policy "delete_all" for relation "pending_notifications" does not exist, skipping
DB: policy "select_by_recipient" for relation "pending_notifications" does not exist, skipping
DB: policy "delete_by_recipient" for relation "pending_notifications" does not exist, skipping
DB: policy "insert_only" for relation "agent_revocations" does not exist, skipping
DB: policy "select_all" for relation "agent_revocations" does not exist, skipping
DB: policy "insert_only" for relation "agent_account_links" does not exist, skipping
DB: policy "select_all" for relation "agent_account_links" does not exist, skipping
DB: policy "insert_only" for relation "account_email_stubs" does not exist, skipping
DB: policy "select_all" for relation "account_email_stubs" does not exist, skipping
DB: policy "insert_only" for relation "signal_revocations" does not exist, skipping
DB: policy "select_all" for relation "signal_revocations" does not exist, skipping
Successfully applied 64 migrations to schema "public", now at version v64 (execution time 00:00.219s)

--------------------------------------------------------------------------------------------------------
A more recent version of Flyway is available. Find out more about Flyway 13.4.0 at https://rd.gt/3rXiSlV
--------------------------------------------------------------------------------------------------------
DROP DATABASE
CREATE DATABASE
 Container trustless-cello-postgres-1  Running
OpenJDK 64-Bit Server VM warning: Unable to get SVE vector length on this system. Disabling SVE. Specify -XX:UseSVE=0 to shun this warning.
Flyway OSS Edition 11.13.2 by Redgate

See release notes here: https://rd.gt/416ObMi
Database: jdbc:postgresql://postgres:5432/cello_spine_1 (PostgreSQL 18.4)
WARNING: Using PostgreSQL 18.4 which is newer than the version Flyway has been verified with. The latest verified version of PostgreSQL is 17.
Schema history table "public"."flyway_schema_history" does not exist yet
Successfully validated 64 migrations (execution time 00:00.028s)
Creating Schema History table "public"."flyway_schema_history" ...
Current version of schema "public": << Empty Schema >>
WARNING: DB: relation "notification_queue" already exists, skipping (SQL State: 42P07 - Error Code: 0)
DB: policy "delete_own" for relation "notification_queue" does not exist, skipping
DB: policy "select_by_pubkey" for relation "notification_queue" does not exist, skipping
DB: policy "delete_by_pubkey" for relation "notification_queue" does not exist, skipping
WARNING: DB: relation "pending_connection_requests" already exists, skipping (SQL State: 42P07 - Error Code: 0)
DB: policy "delete_own" for relation "pending_connection_requests" does not exist, skipping
DB: policy "delete_all" for relation "pending_connection_requests" does not exist, skipping
DB: policy "insert_only" for relation "pending_notifications" does not exist, skipping
DB: policy "select_all" for relation "pending_notifications" does not exist, skipping
DB: policy "delete_all" for relation "pending_notifications" does not exist, skipping
DB: policy "select_by_recipient" for relation "pending_notifications" does not exist, skipping
DB: policy "delete_by_recipient" for relation "pending_notifications" does not exist, skipping
DB: policy "insert_only" for relation "agent_revocations" does not exist, skipping
DB: policy "select_all" for relation "agent_revocations" does not exist, skipping
DB: policy "insert_only" for relation "agent_account_links" does not exist, skipping
DB: policy "select_all" for relation "agent_account_links" does not exist, skipping
DB: policy "insert_only" for relation "account_email_stubs" does not exist, skipping
DB: policy "select_all" for relation "account_email_stubs" does not exist, skipping
DB: policy "insert_only" for relation "signal_revocations" does not exist, skipping
DB: policy "select_all" for relation "signal_revocations" does not exist, skipping
Successfully applied 64 migrations to schema "public", now at version v64 (execution time 00:00.271s)

--------------------------------------------------------------------------------------------------------
A more recent version of Flyway is available. Find out more about Flyway 13.4.0 at https://rd.gt/3rXiSlV
--------------------------------------------------------------------------------------------------------
DROP DATABASE
CREATE DATABASE
 Container trustless-cello-postgres-1  Running
OpenJDK 64-Bit Server VM warning: Unable to get SVE vector length on this system. Disabling SVE. Specify -XX:UseSVE=0 to shun this warning.
Flyway OSS Edition 11.13.2 by Redgate

See release notes here: https://rd.gt/416ObMi
Database: jdbc:postgresql://postgres:5432/cello_spine_2 (PostgreSQL 18.4)
WARNING: Using PostgreSQL 18.4 which is newer than the version Flyway has been verified with. The latest verified version of PostgreSQL is 17.
Schema history table "public"."flyway_schema_history" does not exist yet
Successfully validated 64 migrations (execution time 00:00.038s)
Creating Schema History table "public"."flyway_schema_history" ...
Current version of schema "public": << Empty Schema >>
WARNING: DB: relation "notification_queue" already exists, skipping (SQL State: 42P07 - Error Code: 0)
DB: policy "delete_own" for relation "notification_queue" does not exist, skipping
DB: policy "select_by_pubkey" for relation "notification_queue" does not exist, skipping
DB: policy "delete_by_pubkey" for relation "notification_queue" does not exist, skipping
WARNING: DB: relation "pending_connection_requests" already exists, skipping (SQL State: 42P07 - Error Code: 0)
DB: policy "delete_own" for relation "pending_connection_requests" does not exist, skipping
DB: policy "delete_all" for relation "pending_connection_requests" does not exist, skipping
DB: policy "insert_only" for relation "pending_notifications" does not exist, skipping
DB: policy "select_all" for relation "pending_notifications" does not exist, skipping
DB: policy "delete_all" for relation "pending_notifications" does not exist, skipping
DB: policy "select_by_recipient" for relation "pending_notifications" does not exist, skipping
DB: policy "delete_by_recipient" for relation "pending_notifications" does not exist, skipping
DB: policy "insert_only" for relation "agent_revocations" does not exist, skipping
DB: policy "select_all" for relation "agent_revocations" does not exist, skipping
DB: policy "insert_only" for relation "agent_account_links" does not exist, skipping
DB: policy "select_all" for relation "agent_account_links" does not exist, skipping
DB: policy "insert_only" for relation "account_email_stubs" does not exist, skipping
DB: policy "select_all" for relation "account_email_stubs" does not exist, skipping
DB: policy "insert_only" for relation "signal_revocations" does not exist, skipping
DB: policy "select_all" for relation "signal_revocations" does not exist, skipping
Successfully applied 64 migrations to schema "public", now at version v64 (execution time 00:00.274s)
Next: run  cello status  to confirm 'agentA' is registered.
  • it's normal for this to take a minute or two while registration settles.
  • ready = the agent shows state 'online' and directory_signaling 'connected'.
  • if it stays offline, run  cello logout  then  cello login.
Next: run  cello status  to confirm 'agentB' is registered.
  • it's normal for this to take a minute or two while registration settles.
  • ready = the agent shows state 'online' and directory_signaling 'connected'.
  • if it stays offline, run  cello logout  then  cello login.
{"event":"notification.channel.forwarded","type":"agent_current_changed","agent":"agentA"}
{"event":"notification.channel.forwarded","type":"agent_current_changed","agent":"agentB"}
{"event":"notification.channel.forwarded","type":"session_state_changed","agent":"agentB"}
{"event":"notification.channel.forwarded","type":"cello_message","agent":"agentB"}
{"event":"notification.channel.forwarded","type":"cello_message","agent":"agentA"}
{"event":"notification.channel.forwarded","type":"cello_message","agent":"agentB"}
 ✓ src/spine/j-legibility.spine.test.ts (1 test) 61249ms
   ✓ J-LEGIBILITY — malicious-tail bilateral seal, cert read cross-process (DOD-LEG-1..4) > A's malicious tail, delivered to B but never answered → cert reads receipt-not-assent, per-party frontiers, final_message.answered:false (cross-process)  2811ms
 Container trustless-cello-postgres-1  Running
 Container trustless-cello-postgres-1  Waiting
 Container trustless-cello-postgres-1  Healthy
DROP DATABASE
CREATE DATABASE
 Container trustless-cello-postgres-1  Running
OpenJDK 64-Bit Server VM warning: Unable to get SVE vector length on this system. Disabling SVE. Specify -XX:UseSVE=0 to shun this warning.
Flyway OSS Edition 11.13.2 by Redgate

See release notes here: https://rd.gt/416ObMi
Database: jdbc:postgresql://postgres:5432/cello_spine_0 (PostgreSQL 18.4)
WARNING: Using PostgreSQL 18.4 which is newer than the version Flyway has been verified with. The latest verified version of PostgreSQL is 17.
Schema history table "public"."flyway_schema_history" does not exist yet
Successfully validated 64 migrations (execution time 00:00.026s)
Creating Schema History table "public"."flyway_schema_history" ...
Current version of schema "public": << Empty Schema >>
WARNING: DB: relation "notification_queue" already exists, skipping (SQL State: 42P07 - Error Code: 0)
DB: policy "delete_own" for relation "notification_queue" does not exist, skipping
DB: policy "select_by_pubkey" for relation "notification_queue" does not exist, skipping
DB: policy "delete_by_pubkey" for relation "notification_queue" does not exist, skipping
WARNING: DB: relation "pending_connection_requests" already exists, skipping (SQL State: 42P07 - Error Code: 0)
DB: policy "delete_own" for relation "pending_connection_requests" does not exist, skipping
DB: policy "delete_all" for relation "pending_connection_requests" does not exist, skipping
DB: policy "insert_only" for relation "pending_notifications" does not exist, skipping
DB: policy "select_all" for relation "pending_notifications" does not exist, skipping
DB: policy "delete_all" for relation "pending_notifications" does not exist, skipping
DB: policy "select_by_recipient" for relation "pending_notifications" does not exist, skipping
DB: policy "delete_by_recipient" for relation "pending_notifications" does not exist, skipping
DB: policy "insert_only" for relation "agent_revocations" does not exist, skipping
DB: policy "select_all" for relation "agent_revocations" does not exist, skipping
DB: policy "insert_only" for relation "agent_account_links" does not exist, skipping
DB: policy "select_all" for relation "agent_account_links" does not exist, skipping
DB: policy "insert_only" for relation "account_email_stubs" does not exist, skipping
DB: policy "select_all" for relation "account_email_stubs" does not exist, skipping
DB: policy "insert_only" for relation "signal_revocations" does not exist, skipping
DB: policy "select_all" for relation "signal_revocations" does not exist, skipping
Successfully applied 64 migrations to schema "public", now at version v64 (execution time 00:00.235s)
DROP DATABASE
CREATE DATABASE
 Container trustless-cello-postgres-1  Running
OpenJDK 64-Bit Server VM warning: Unable to get SVE vector length on this system. Disabling SVE. Specify -XX:UseSVE=0 to shun this warning.
Flyway OSS Edition 11.13.2 by Redgate

See release notes here: https://rd.gt/416ObMi
Database: jdbc:postgresql://postgres:5432/cello_spine_1 (PostgreSQL 18.4)
WARNING: Using PostgreSQL 18.4 which is newer than the version Flyway has been verified with. The latest verified version of PostgreSQL is 17.
Schema history table "public"."flyway_schema_history" does not exist yet
Successfully validated 64 migrations (execution time 00:00.030s)
Creating Schema History table "public"."flyway_schema_history" ...
Current version of schema "public": << Empty Schema >>
WARNING: DB: relation "notification_queue" already exists, skipping (SQL State: 42P07 - Error Code: 0)
DB: policy "delete_own" for relation "notification_queue" does not exist, skipping
DB: policy "select_by_pubkey" for relation "notification_queue" does not exist, skipping
DB: policy "delete_by_pubkey" for relation "notification_queue" does not exist, skipping
WARNING: DB: relation "pending_connection_requests" already exists, skipping (SQL State: 42P07 - Error Code: 0)
DB: policy "delete_own" for relation "pending_connection_requests" does not exist, skipping
DB: policy "delete_all" for relation "pending_connection_requests" does not exist, skipping
DB: policy "insert_only" for relation "pending_notifications" does not exist, skipping
DB: policy "select_all" for relation "pending_notifications" does not exist, skipping
DB: policy "delete_all" for relation "pending_notifications" does not exist, skipping
DB: policy "select_by_recipient" for relation "pending_notifications" does not exist, skipping
DB: policy "delete_by_recipient" for relation "pending_notifications" does not exist, skipping
DB: policy "insert_only" for relation "agent_revocations" does not exist, skipping
DB: policy "select_all" for relation "agent_revocations" does not exist, skipping
DB: policy "insert_only" for relation "agent_account_links" does not exist, skipping
DB: policy "select_all" for relation "agent_account_links" does not exist, skipping
DB: policy "insert_only" for relation "account_email_stubs" does not exist, skipping
DB: policy "select_all" for relation "account_email_stubs" does not exist, skipping
DB: policy "insert_only" for relation "signal_revocations" does not exist, skipping
DB: policy "select_all" for relation "signal_revocations" does not exist, skipping
Successfully applied 64 migrations to schema "public", now at version v64 (execution time 00:00.245s)
DROP DATABASE
CREATE DATABASE
 Container trustless-cello-postgres-1  Running
OpenJDK 64-Bit Server VM warning: Unable to get SVE vector length on this system. Disabling SVE. Specify -XX:UseSVE=0 to shun this warning.
Flyway OSS Edition 11.13.2 by Redgate

See release notes here: https://rd.gt/416ObMi
Database: jdbc:postgresql://postgres:5432/cello_spine_2 (PostgreSQL 18.4)
WARNING: Using PostgreSQL 18.4 which is newer than the version Flyway has been verified with. The latest verified version of PostgreSQL is 17.
Schema history table "public"."flyway_schema_history" does not exist yet
Successfully validated 64 migrations (execution time 00:00.029s)
Creating Schema History table "public"."flyway_schema_history" ...
Current version of schema "public": << Empty Schema >>
WARNING: DB: relation "notification_queue" already exists, skipping (SQL State: 42P07 - Error Code: 0)
DB: policy "delete_own" for relation "notification_queue" does not exist, skipping
DB: policy "select_by_pubkey" for relation "notification_queue" does not exist, skipping
DB: policy "delete_by_pubkey" for relation "notification_queue" does not exist, skipping
WARNING: DB: relation "pending_connection_requests" already exists, skipping (SQL State: 42P07 - Error Code: 0)
DB: policy "delete_own" for relation "pending_connection_requests" does not exist, skipping
DB: policy "delete_all" for relation "pending_connection_requests" does not exist, skipping
DB: policy "insert_only" for relation "pending_notifications" does not exist, skipping
DB: policy "select_all" for relation "pending_notifications" does not exist, skipping
DB: policy "delete_all" for relation "pending_notifications" does not exist, skipping
DB: policy "select_by_recipient" for relation "pending_notifications" does not exist, skipping
DB: policy "delete_by_recipient" for relation "pending_notifications" does not exist, skipping
DB: policy "insert_only" for relation "agent_revocations" does not exist, skipping
DB: policy "select_all" for relation "agent_revocations" does not exist, skipping
DB: policy "insert_only" for relation "agent_account_links" does not exist, skipping
DB: policy "select_all" for relation "agent_account_links" does not exist, skipping
DB: policy "insert_only" for relation "account_email_stubs" does not exist, skipping
DB: policy "select_all" for relation "account_email_stubs" does not exist, skipping
DB: policy "insert_only" for relation "signal_revocations" does not exist, skipping
DB: policy "select_all" for relation "signal_revocations" does not exist, skipping
Successfully applied 64 migrations to schema "public", now at version v64 (execution time 00:00.217s)
Next: run  cello status  to confirm 'xavier' is registered.
  • it's normal for this to take a minute or two while registration settles.
  • ready = the agent shows state 'online' and directory_signaling 'connected'.
  • if it stays offline, run  cello logout  then  cello login.
Next: run  cello status  to confirm 'alpha' is registered.
  • it's normal for this to take a minute or two while registration settles.
  • ready = the agent shows state 'online' and directory_signaling 'connected'.
  • if it stays offline, run  cello logout  then  cello login.
Next: run  cello status  to confirm 'beta' is registered.
  • it's normal for this to take a minute or two while registration settles.
  • ready = the agent shows state 'online' and directory_signaling 'connected'.
  • if it stays offline, run  cello logout  then  cello login.
Next: run  cello status  to confirm 'xtarget' is registered.
  • it's normal for this to take a minute or two while registration settles.
  • ready = the agent shows state 'online' and directory_signaling 'connected'.
  • if it stays offline, run  cello logout  then  cello login.
Next: run  cello status  to confirm 'ainit' is registered.
  • it's normal for this to take a minute or two while registration settles.
  • ready = the agent shows state 'online' and directory_signaling 'connected'.
  • if it stays offline, run  cello logout  then  cello login.
{"event":"notification.channel.forwarded","type":"agent_current_changed","agent":"ainit"}
{"event":"notification.channel.forwarded","type":"cello_message","agent":"ainit"}
 ❯ src/spine/j-remove.spine.test.ts (3 tests | 1 failed) 88836ms
   ✓ J-REMOVE — retire-and-keep + name reuse (CELLO-M7-REMOVE-001 DOD-REMOVE-1) > register X → remove-agent X (retired row + keys + FROST share KEPT) → create-agent X = a NEW identity  19823ms
   ✓ J-REMOVE — retire-and-keep + name reuse (CELLO-M7-REMOVE-001 DOD-REMOVE-1) > removing a registered SECONDARY agent drops its per-agent signaling (no leaked directory door)  3104ms
   × J-REMOVE — retire-and-keep + name reuse (CELLO-M7-REMOVE-001 DOD-REMOVE-1) > DOD-REMOVE-3: a revoked agent is refused as a session target (agent_revoked) 3528ms
     → the directory must refuse a revoked target with agent_revoked: expected 'counterparty_offline' to be 'agent_revoked' // Object.is equality
 Container trustless-cello-postgres-1  Running
 Container trustless-cello-postgres-1  Waiting
 Container trustless-cello-postgres-1  Healthy
DROP DATABASE
CREATE DATABASE
 Container trustless-cello-postgres-1  Running
OpenJDK 64-Bit Server VM warning: Unable to get SVE vector length on this system. Disabling SVE. Specify -XX:UseSVE=0 to shun this warning.
Flyway OSS Edition 11.13.2 by Redgate

See release notes here: https://rd.gt/416ObMi
Database: jdbc:postgresql://postgres:5432/cello_spine (PostgreSQL 18.4)
WARNING: Using PostgreSQL 18.4 which is newer than the version Flyway has been verified with. The latest verified version of PostgreSQL is 17.
Schema history table "public"."flyway_schema_history" does not exist yet
Successfully validated 64 migrations (execution time 00:00.038s)
Creating Schema History table "public"."flyway_schema_history" ...
Current version of schema "public": << Empty Schema >>
WARNING: DB: relation "notification_queue" already exists, skipping (SQL State: 42P07 - Error Code: 0)
DB: policy "delete_own" for relation "notification_queue" does not exist, skipping
DB: policy "select_by_pubkey" for relation "notification_queue" does not exist, skipping
DB: policy "delete_by_pubkey" for relation "notification_queue" does not exist, skipping
WARNING: DB: relation "pending_connection_requests" already exists, skipping (SQL State: 42P07 - Error Code: 0)
DB: policy "delete_own" for relation "pending_connection_requests" does not exist, skipping
DB: policy "delete_all" for relation "pending_connection_requests" does not exist, skipping
DB: policy "insert_only" for relation "pending_notifications" does not exist, skipping
DB: policy "select_all" for relation "pending_notifications" does not exist, skipping
DB: policy "delete_all" for relation "pending_notifications" does not exist, skipping
DB: policy "select_by_recipient" for relation "pending_notifications" does not exist, skipping
DB: policy "delete_by_recipient" for relation "pending_notifications" does not exist, skipping
DB: policy "insert_only" for relation "agent_revocations" does not exist, skipping
DB: policy "select_all" for relation "agent_revocations" does not exist, skipping
DB: policy "insert_only" for relation "agent_account_links" does not exist, skipping
DB: policy "select_all" for relation "agent_account_links" does not exist, skipping
DB: policy "insert_only" for relation "account_email_stubs" does not exist, skipping
DB: policy "select_all" for relation "account_email_stubs" does not exist, skipping
DB: policy "insert_only" for relation "signal_revocations" does not exist, skipping
DB: policy "select_all" for relation "signal_revocations" does not exist, skipping
Successfully applied 64 migrations to schema "public", now at version v64 (execution time 00:00.350s)
Next: run  cello status  to confirm 'alpha' is registered.
  • it's normal for this to take a minute or two while registration settles.
  • ready = the agent shows state 'online' and directory_signaling 'connected'.
  • if it stays offline, run  cello logout  then  cello login.
Next: run  cello status  to confirm 'beta' is registered.
  • it's normal for this to take a minute or two while registration settles.
  • ready = the agent shows state 'online' and directory_signaling 'connected'.
  • if it stays offline, run  cello logout  then  cello login.
Next: run  cello status  to confirm 'demo1' is registered.
  • it's normal for this to take a minute or two while registration settles.
  • ready = the agent shows state 'online' and directory_signaling 'connected'.
  • if it stays offline, run  cello logout  then  cello login.
Next: run  cello status  to confirm 'solo' is registered.
  • it's normal for this to take a minute or two while registration settles.
  • ready = the agent shows state 'online' and directory_signaling 'connected'.
  • if it stays offline, run  cello logout  then  cello login.
Next: run  cello status  to confirm 'solo' is registered.
  • it's normal for this to take a minute or two while registration settles.
  • ready = the agent shows state 'online' and directory_signaling 'connected'.
  • if it stays offline, run  cello logout  then  cello login.
 ✓ src/spine/j-conn.spine.test.ts (2 tests) 33339ms
   ✓ J-CONN — per-agent directory connections, no keystone (CELLO-M7-CONN-001) > DOD-CONN-1 / SI-001: removing the former-primary agent does NOT strand the daemon — a fresh registration still succeeds (the Demo1 repro)  4378ms
   ✓ J-CONN — per-agent directory connections, no keystone (CELLO-M7-CONN-001) > DOD-CONN-1: name reuse after removal — removing then recreating the SAME name registers a fresh identity without stranding  2672ms
 Container trustless-cello-postgres-1  Running
 Container trustless-cello-postgres-1  Waiting
 Container trustless-cello-postgres-1  Healthy
DROP DATABASE
CREATE DATABASE
 Container trustless-cello-postgres-1  Running
OpenJDK 64-Bit Server VM warning: Unable to get SVE vector length on this system. Disabling SVE. Specify -XX:UseSVE=0 to shun this warning.
Flyway OSS Edition 11.13.2 by Redgate

See release notes here: https://rd.gt/416ObMi
Database: jdbc:postgresql://postgres:5432/cello_spine_0 (PostgreSQL 18.4)
WARNING: Using PostgreSQL 18.4 which is newer than the version Flyway has been verified with. The latest verified version of PostgreSQL is 17.
Schema history table "public"."flyway_schema_history" does not exist yet
Successfully validated 64 migrations (execution time 00:00.031s)
Creating Schema History table "public"."flyway_schema_history" ...
Current version of schema "public": << Empty Schema >>
WARNING: DB: relation "notification_queue" already exists, skipping (SQL State: 42P07 - Error Code: 0)
DB: policy "delete_own" for relation "notification_queue" does not exist, skipping
DB: policy "select_by_pubkey" for relation "notification_queue" does not exist, skipping
DB: policy "delete_by_pubkey" for relation "notification_queue" does not exist, skipping
WARNING: DB: relation "pending_connection_requests" already exists, skipping (SQL State: 42P07 - Error Code: 0)
DB: policy "delete_own" for relation "pending_connection_requests" does not exist, skipping
DB: policy "delete_all" for relation "pending_connection_requests" does not exist, skipping
DB: policy "insert_only" for relation "pending_notifications" does not exist, skipping
DB: policy "select_all" for relation "pending_notifications" does not exist, skipping
DB: policy "delete_all" for relation "pending_notifications" does not exist, skipping
DB: policy "select_by_recipient" for relation "pending_notifications" does not exist, skipping
DB: policy "delete_by_recipient" for relation "pending_notifications" does not exist, skipping
DB: policy "insert_only" for relation "agent_revocations" does not exist, skipping
DB: policy "select_all" for relation "agent_revocations" does not exist, skipping
DB: policy "insert_only" for relation "agent_account_links" does not exist, skipping
DB: policy "select_all" for relation "agent_account_links" does not exist, skipping
DB: policy "insert_only" for relation "account_email_stubs" does not exist, skipping
DB: policy "select_all" for relation "account_email_stubs" does not exist, skipping
DB: policy "insert_only" for relation "signal_revocations" does not exist, skipping
DB: policy "select_all" for relation "signal_revocations" does not exist, skipping
Successfully applied 64 migrations to schema "public", now at version v64 (execution time 00:00.279s)
DROP DATABASE
CREATE DATABASE
 Container trustless-cello-postgres-1  Running
OpenJDK 64-Bit Server VM warning: Unable to get SVE vector length on this system. Disabling SVE. Specify -XX:UseSVE=0 to shun this warning.
Flyway OSS Edition 11.13.2 by Redgate

See release notes here: https://rd.gt/416ObMi
Database: jdbc:postgresql://postgres:5432/cello_spine_1 (PostgreSQL 18.4)
WARNING: Using PostgreSQL 18.4 which is newer than the version Flyway has been verified with. The latest verified version of PostgreSQL is 17.
Schema history table "public"."flyway_schema_history" does not exist yet
Successfully validated 64 migrations (execution time 00:00.079s)
Creating Schema History table "public"."flyway_schema_history" ...
Current version of schema "public": << Empty Schema >>
WARNING: DB: relation "notification_queue" already exists, skipping (SQL State: 42P07 - Error Code: 0)
DB: policy "delete_own" for relation "notification_queue" does not exist, skipping
DB: policy "select_by_pubkey" for relation "notification_queue" does not exist, skipping
DB: policy "delete_by_pubkey" for relation "notification_queue" does not exist, skipping
WARNING: DB: relation "pending_connection_requests" already exists, skipping (SQL State: 42P07 - Error Code: 0)
DB: policy "delete_own" for relation "pending_connection_requests" does not exist, skipping
DB: policy "delete_all" for relation "pending_connection_requests" does not exist, skipping
DB: policy "insert_only" for relation "pending_notifications" does not exist, skipping
DB: policy "select_all" for relation "pending_notifications" does not exist, skipping
DB: policy "delete_all" for relation "pending_notifications" does not exist, skipping
DB: policy "select_by_recipient" for relation "pending_notifications" does not exist, skipping
DB: policy "delete_by_recipient" for relation "pending_notifications" does not exist, skipping
DB: policy "insert_only" for relation "agent_revocations" does not exist, skipping
DB: policy "select_all" for relation "agent_revocations" does not exist, skipping
DB: policy "insert_only" for relation "agent_account_links" does not exist, skipping
DB: policy "select_all" for relation "agent_account_links" does not exist, skipping
DB: policy "insert_only" for relation "account_email_stubs" does not exist, skipping
DB: policy "select_all" for relation "account_email_stubs" does not exist, skipping
DB: policy "insert_only" for relation "signal_revocations" does not exist, skipping
DB: policy "select_all" for relation "signal_revocations" does not exist, skipping
Successfully applied 64 migrations to schema "public", now at version v64 (execution time 00:00.276s)
DROP DATABASE
CREATE DATABASE
 Container trustless-cello-postgres-1  Running
OpenJDK 64-Bit Server VM warning: Unable to get SVE vector length on this system. Disabling SVE. Specify -XX:UseSVE=0 to shun this warning.
Flyway OSS Edition 11.13.2 by Redgate

See release notes here: https://rd.gt/416ObMi
Database: jdbc:postgresql://postgres:5432/cello_spine_2 (PostgreSQL 18.4)
WARNING: Using PostgreSQL 18.4 which is newer than the version Flyway has been verified with. The latest verified version of PostgreSQL is 17.
Schema history table "public"."flyway_schema_history" does not exist yet
Successfully validated 64 migrations (execution time 00:00.032s)
Creating Schema History table "public"."flyway_schema_history" ...
Current version of schema "public": << Empty Schema >>
WARNING: DB: relation "notification_queue" already exists, skipping (SQL State: 42P07 - Error Code: 0)
DB: policy "delete_own" for relation "notification_queue" does not exist, skipping
DB: policy "select_by_pubkey" for relation "notification_queue" does not exist, skipping
DB: policy "delete_by_pubkey" for relation "notification_queue" does not exist, skipping
WARNING: DB: relation "pending_connection_requests" already exists, skipping (SQL State: 42P07 - Error Code: 0)
DB: policy "delete_own" for relation "pending_connection_requests" does not exist, skipping
DB: policy "delete_all" for relation "pending_connection_requests" does not exist, skipping
DB: policy "insert_only" for relation "pending_notifications" does not exist, skipping
DB: policy "select_all" for relation "pending_notifications" does not exist, skipping
DB: policy "delete_all" for relation "pending_notifications" does not exist, skipping
DB: policy "select_by_recipient" for relation "pending_notifications" does not exist, skipping
DB: policy "delete_by_recipient" for relation "pending_notifications" does not exist, skipping
DB: policy "insert_only" for relation "agent_revocations" does not exist, skipping
DB: policy "select_all" for relation "agent_revocations" does not exist, skipping
DB: policy "insert_only" for relation "agent_account_links" does not exist, skipping
DB: policy "select_all" for relation "agent_account_links" does not exist, skipping
DB: policy "insert_only" for relation "account_email_stubs" does not exist, skipping
DB: policy "select_all" for relation "account_email_stubs" does not exist, skipping
DB: policy "insert_only" for relation "signal_revocations" does not exist, skipping
DB: policy "select_all" for relation "signal_revocations" does not exist, skipping
Successfully applied 64 migrations to schema "public", now at version v64 (execution time 00:00.301s)

--------------------------------------------------------------------------------------------------------
A more recent version of Flyway is available. Find out more about Flyway 13.4.0 at https://rd.gt/3rXiSlV
--------------------------------------------------------------------------------------------------------
Next: run  cello status  to confirm 'xtarget' is registered.
  • it's normal for this to take a minute or two while registration settles.
  • ready = the agent shows state 'online' and directory_signaling 'connected'.
  • if it stays offline, run  cello logout  then  cello login.
Next: run  cello status  to confirm 'ainit' is registered.
  • it's normal for this to take a minute or two while registration settles.
  • ready = the agent shows state 'online' and directory_signaling 'connected'.
  • if it stays offline, run  cello logout  then  cello login.
{"event":"notification.channel.forwarded","type":"agent_current_changed","agent":"ainit"}
{"event":"notification.channel.forwarded","type":"cello_message","agent":"ainit"}
 ✓ src/spine/j-suspend.spine.test.ts (1 test) 72782ms
   ✓ J-SUSPEND — pause blocks signing, reversible (CELLO-M8-LEVER-001 DOD-SPINE-4/INV-6) > AC-001: pause A → A's cello_initiate_session fails (agent_suspended) with a valid share; un-pause restores  13197ms
 Container trustless-cello-postgres-1  Running
 Container trustless-cello-postgres-1  Waiting
 Container trustless-cello-postgres-1  Healthy
DROP DATABASE
CREATE DATABASE
 Container trustless-cello-postgres-1  Running
OpenJDK 64-Bit Server VM warning: Unable to get SVE vector length on this system. Disabling SVE. Specify -XX:UseSVE=0 to shun this warning.
Flyway OSS Edition 11.13.2 by Redgate

See release notes here: https://rd.gt/416ObMi
Database: jdbc:postgresql://postgres:5432/cello_spine (PostgreSQL 18.4)
WARNING: Using PostgreSQL 18.4 which is newer than the version Flyway has been verified with. The latest verified version of PostgreSQL is 17.
Schema history table "public"."flyway_schema_history" does not exist yet
Successfully validated 64 migrations (execution time 00:00.028s)
Creating Schema History table "public"."flyway_schema_history" ...
Current version of schema "public": << Empty Schema >>
WARNING: DB: relation "notification_queue" already exists, skipping (SQL State: 42P07 - Error Code: 0)
DB: policy "delete_own" for relation "notification_queue" does not exist, skipping
DB: policy "select_by_pubkey" for relation "notification_queue" does not exist, skipping
DB: policy "delete_by_pubkey" for relation "notification_queue" does not exist, skipping
WARNING: DB: relation "pending_connection_requests" already exists, skipping (SQL State: 42P07 - Error Code: 0)
DB: policy "delete_own" for relation "pending_connection_requests" does not exist, skipping
DB: policy "delete_all" for relation "pending_connection_requests" does not exist, skipping
DB: policy "insert_only" for relation "pending_notifications" does not exist, skipping
DB: policy "select_all" for relation "pending_notifications" does not exist, skipping
DB: policy "delete_all" for relation "pending_notifications" does not exist, skipping
DB: policy "select_by_recipient" for relation "pending_notifications" does not exist, skipping
DB: policy "delete_by_recipient" for relation "pending_notifications" does not exist, skipping
DB: policy "insert_only" for relation "agent_revocations" does not exist, skipping
DB: policy "select_all" for relation "agent_revocations" does not exist, skipping
DB: policy "insert_only" for relation "agent_account_links" does not exist, skipping
DB: policy "select_all" for relation "agent_account_links" does not exist, skipping
DB: policy "insert_only" for relation "account_email_stubs" does not exist, skipping
DB: policy "select_all" for relation "account_email_stubs" does not exist, skipping
DB: policy "insert_only" for relation "signal_revocations" does not exist, skipping
DB: policy "select_all" for relation "signal_revocations" does not exist, skipping
Successfully applied 64 migrations to schema "public", now at version v64 (execution time 00:00.262s)

--------------------------------------------------------------------------------------------------------
A more recent version of Flyway is available. Find out more about Flyway 13.4.0 at https://rd.gt/3rXiSlV
--------------------------------------------------------------------------------------------------------
Next: run  cello status  to confirm 'alpha' is registered.
  • it's normal for this to take a minute or two while registration settles.
  • ready = the agent shows state 'online' and directory_signaling 'connected'.
  • if it stays offline, run  cello logout  then  cello login.
Next: run  cello status  to confirm 'beta' is registered.
  • it's normal for this to take a minute or two while registration settles.
  • ready = the agent shows state 'online' and directory_signaling 'connected'.
  • if it stays offline, run  cello logout  then  cello login.
{"event":"notification.channel.forwarded","type":"agent_state_changed","agent":"alpha"}
{"event":"notification.channel.forwarded","type":"agent_current_changed","agent":"alpha"}
{"event":"notification.channel.forwarded","type":"agent_current_changed","agent":"beta"}
{"event":"notification.channel.forwarded","type":"session_state_changed","agent":"beta"}
{"event":"notification.channel.forwarded","type":"shutdown"}
cello-mcp: daemon connection lost — reconnecting…
{"event":"notification.channel.forwarded","type":"agent_state_changed","agent":"alpha"}
{"event":"notification.channel.forwarded","type":"agent_current_changed","agent":"alpha"}
cello-mcp: reconnected to the CELLO daemon
{"event":"notification.channel.forwarded","type":"daemon_reconnected","agent":"alpha"}
{"event":"notification.channel.forwarded","type":"agent_current_changed","agent":"alpha"}
{"event":"notification.channel.forwarded","type":"session_state_changed","agent":"beta"}
 ✓ src/spine/j-track-record.spine.test.ts (1 test) 57219ms
   ✓ J-TRACK-RECORD — DOD-T3-JOURNEY-1: track-record supersession live journey > A presents track_record v1; after supersession, A presents again → B sees only v2 (stale v1 stripped by directory)  28124ms
 Container trustless-cello-postgres-1  Running
 Container trustless-cello-postgres-1  Waiting
 Container trustless-cello-postgres-1  Healthy
DROP DATABASE
CREATE DATABASE
 Container trustless-cello-postgres-1  Running
OpenJDK 64-Bit Server VM warning: Unable to get SVE vector length on this system. Disabling SVE. Specify -XX:UseSVE=0 to shun this warning.
Flyway OSS Edition 11.13.2 by Redgate

See release notes here: https://rd.gt/416ObMi
Database: jdbc:postgresql://postgres:5432/cello_spine_0 (PostgreSQL 18.4)
WARNING: Using PostgreSQL 18.4 which is newer than the version Flyway has been verified with. The latest verified version of PostgreSQL is 17.
Schema history table "public"."flyway_schema_history" does not exist yet
Successfully validated 64 migrations (execution time 00:00.047s)
Creating Schema History table "public"."flyway_schema_history" ...
Current version of schema "public": << Empty Schema >>
WARNING: DB: relation "notification_queue" already exists, skipping (SQL State: 42P07 - Error Code: 0)
DB: policy "delete_own" for relation "notification_queue" does not exist, skipping
DB: policy "select_by_pubkey" for relation "notification_queue" does not exist, skipping
DB: policy "delete_by_pubkey" for relation "notification_queue" does not exist, skipping
WARNING: DB: relation "pending_connection_requests" already exists, skipping (SQL State: 42P07 - Error Code: 0)
DB: policy "delete_own" for relation "pending_connection_requests" does not exist, skipping
DB: policy "delete_all" for relation "pending_connection_requests" does not exist, skipping
DB: policy "insert_only" for relation "pending_notifications" does not exist, skipping
DB: policy "select_all" for relation "pending_notifications" does not exist, skipping
DB: policy "delete_all" for relation "pending_notifications" does not exist, skipping
DB: policy "select_by_recipient" for relation "pending_notifications" does not exist, skipping
DB: policy "delete_by_recipient" for relation "pending_notifications" does not exist, skipping
DB: policy "insert_only" for relation "agent_revocations" does not exist, skipping
DB: policy "select_all" for relation "agent_revocations" does not exist, skipping
DB: policy "insert_only" for relation "agent_account_links" does not exist, skipping
DB: policy "select_all" for relation "agent_account_links" does not exist, skipping
DB: policy "insert_only" for relation "account_email_stubs" does not exist, skipping
DB: policy "select_all" for relation "account_email_stubs" does not exist, skipping
DB: policy "insert_only" for relation "signal_revocations" does not exist, skipping
DB: policy "select_all" for relation "signal_revocations" does not exist, skipping
Successfully applied 64 migrations to schema "public", now at version v64 (execution time 00:00.237s)

--------------------------------------------------------------------------------------------------------
A more recent version of Flyway is available. Find out more about Flyway 13.4.0 at https://rd.gt/3rXiSlV
--------------------------------------------------------------------------------------------------------
DROP DATABASE
CREATE DATABASE
 Container trustless-cello-postgres-1  Running
OpenJDK 64-Bit Server VM warning: Unable to get SVE vector length on this system. Disabling SVE. Specify -XX:UseSVE=0 to shun this warning.
Flyway OSS Edition 11.13.2 by Redgate

See release notes here: https://rd.gt/416ObMi
Database: jdbc:postgresql://postgres:5432/cello_spine_1 (PostgreSQL 18.4)
WARNING: Using PostgreSQL 18.4 which is newer than the version Flyway has been verified with. The latest verified version of PostgreSQL is 17.
Schema history table "public"."flyway_schema_history" does not exist yet
Successfully validated 64 migrations (execution time 00:00.027s)
Creating Schema History table "public"."flyway_schema_history" ...
Current version of schema "public": << Empty Schema >>
WARNING: DB: relation "notification_queue" already exists, skipping (SQL State: 42P07 - Error Code: 0)
DB: policy "delete_own" for relation "notification_queue" does not exist, skipping
DB: policy "select_by_pubkey" for relation "notification_queue" does not exist, skipping
DB: policy "delete_by_pubkey" for relation "notification_queue" does not exist, skipping
WARNING: DB: relation "pending_connection_requests" already exists, skipping (SQL State: 42P07 - Error Code: 0)
DB: policy "delete_own" for relation "pending_connection_requests" does not exist, skipping
DB: policy "delete_all" for relation "pending_connection_requests" does not exist, skipping
DB: policy "insert_only" for relation "pending_notifications" does not exist, skipping
DB: policy "select_all" for relation "pending_notifications" does not exist, skipping
DB: policy "delete_all" for relation "pending_notifications" does not exist, skipping
DB: policy "select_by_recipient" for relation "pending_notifications" does not exist, skipping
DB: policy "delete_by_recipient" for relation "pending_notifications" does not exist, skipping
DB: policy "insert_only" for relation "agent_revocations" does not exist, skipping
DB: policy "select_all" for relation "agent_revocations" does not exist, skipping
DB: policy "insert_only" for relation "agent_account_links" does not exist, skipping
DB: policy "select_all" for relation "agent_account_links" does not exist, skipping
DB: policy "insert_only" for relation "account_email_stubs" does not exist, skipping
DB: policy "select_all" for relation "account_email_stubs" does not exist, skipping
DB: policy "insert_only" for relation "signal_revocations" does not exist, skipping
DB: policy "select_all" for relation "signal_revocations" does not exist, skipping
Successfully applied 64 migrations to schema "public", now at version v64 (execution time 00:00.371s)

--------------------------------------------------------------------------------------------------------
A more recent version of Flyway is available. Find out more about Flyway 13.4.0 at https://rd.gt/3rXiSlV
--------------------------------------------------------------------------------------------------------
DROP DATABASE
CREATE DATABASE
 Container trustless-cello-postgres-1  Running
OpenJDK 64-Bit Server VM warning: Unable to get SVE vector length on this system. Disabling SVE. Specify -XX:UseSVE=0 to shun this warning.
Flyway OSS Edition 11.13.2 by Redgate

See release notes here: https://rd.gt/416ObMi
Database: jdbc:postgresql://postgres:5432/cello_spine_2 (PostgreSQL 18.4)
WARNING: Using PostgreSQL 18.4 which is newer than the version Flyway has been verified with. The latest verified version of PostgreSQL is 17.
Schema history table "public"."flyway_schema_history" does not exist yet
Successfully validated 64 migrations (execution time 00:00.031s)
Creating Schema History table "public"."flyway_schema_history" ...
Current version of schema "public": << Empty Schema >>
WARNING: DB: relation "notification_queue" already exists, skipping (SQL State: 42P07 - Error Code: 0)
DB: policy "delete_own" for relation "notification_queue" does not exist, skipping
DB: policy "select_by_pubkey" for relation "notification_queue" does not exist, skipping
DB: policy "delete_by_pubkey" for relation "notification_queue" does not exist, skipping
WARNING: DB: relation "pending_connection_requests" already exists, skipping (SQL State: 42P07 - Error Code: 0)
DB: policy "delete_own" for relation "pending_connection_requests" does not exist, skipping
DB: policy "delete_all" for relation "pending_connection_requests" does not exist, skipping
DB: policy "insert_only" for relation "pending_notifications" does not exist, skipping
DB: policy "select_all" for relation "pending_notifications" does not exist, skipping
DB: policy "delete_all" for relation "pending_notifications" does not exist, skipping
DB: policy "select_by_recipient" for relation "pending_notifications" does not exist, skipping
DB: policy "delete_by_recipient" for relation "pending_notifications" does not exist, skipping
DB: policy "insert_only" for relation "agent_revocations" does not exist, skipping
DB: policy "select_all" for relation "agent_revocations" does not exist, skipping
DB: policy "insert_only" for relation "agent_account_links" does not exist, skipping
DB: policy "select_all" for relation "agent_account_links" does not exist, skipping
DB: policy "insert_only" for relation "account_email_stubs" does not exist, skipping
DB: policy "select_all" for relation "account_email_stubs" does not exist, skipping
DB: policy "insert_only" for relation "signal_revocations" does not exist, skipping
DB: policy "select_all" for relation "signal_revocations" does not exist, skipping
Successfully applied 64 migrations to schema "public", now at version v64 (execution time 00:00.287s)

--------------------------------------------------------------------------------------------------------
A more recent version of Flyway is available. Find out more about Flyway 13.4.0 at https://rd.gt/3rXiSlV
--------------------------------------------------------------------------------------------------------
Next: run  cello status  to confirm 'agentA' is registered.
  • it's normal for this to take a minute or two while registration settles.
  • ready = the agent shows state 'online' and directory_signaling 'connected'.
  • if it stays offline, run  cello logout  then  cello login.
Next: run  cello status  to confirm 'agentB' is registered.
  • it's normal for this to take a minute or two while registration settles.
  • ready = the agent shows state 'online' and directory_signaling 'connected'.
  • if it stays offline, run  cello logout  then  cello login.
{"event":"notification.channel.forwarded","type":"agent_current_changed","agent":"agentA"}
{"event":"notification.channel.forwarded","type":"agent_current_changed","agent":"agentB"}
{"event":"notification.channel.forwarded","type":"session_state_changed","agent":"agentB"}
{"event":"notification.channel.forwarded","type":"cello_message","agent":"agentB"}
{"event":"notification.channel.forwarded","type":"session_state_changed","agent":"agentB"}
{"event":"notification.channel.forwarded","type":"cello_message","agent":"agentB"}
 ✓ src/spine/j-sign.spine.test.ts (1 test) 64649ms
   ✓ J-SIGN — T-of-N session seal across the consortium (DOD-SIGN-1) > consortium seal is FROST T-of-N (≥2 directories sign), and survives a participating node DOWN  6261ms
 Container trustless-cello-postgres-1  Running
 Container trustless-cello-postgres-1  Waiting
 Container trustless-cello-postgres-1  Healthy
DROP DATABASE
CREATE DATABASE
 Container trustless-cello-postgres-1  Running
OpenJDK 64-Bit Server VM warning: Unable to get SVE vector length on this system. Disabling SVE. Specify -XX:UseSVE=0 to shun this warning.
Flyway OSS Edition 11.13.2 by Redgate

See release notes here: https://rd.gt/416ObMi
Database: jdbc:postgresql://postgres:5432/cello_spine_0 (PostgreSQL 18.4)
WARNING: Using PostgreSQL 18.4 which is newer than the version Flyway has been verified with. The latest verified version of PostgreSQL is 17.
Schema history table "public"."flyway_schema_history" does not exist yet
Successfully validated 64 migrations (execution time 00:00.027s)
Creating Schema History table "public"."flyway_schema_history" ...
Current version of schema "public": << Empty Schema >>
WARNING: DB: relation "notification_queue" already exists, skipping (SQL State: 42P07 - Error Code: 0)
DB: policy "delete_own" for relation "notification_queue" does not exist, skipping
DB: policy "select_by_pubkey" for relation "notification_queue" does not exist, skipping
DB: policy "delete_by_pubkey" for relation "notification_queue" does not exist, skipping
WARNING: DB: relation "pending_connection_requests" already exists, skipping (SQL State: 42P07 - Error Code: 0)
DB: policy "delete_own" for relation "pending_connection_requests" does not exist, skipping
DB: policy "delete_all" for relation "pending_connection_requests" does not exist, skipping
DB: policy "insert_only" for relation "pending_notifications" does not exist, skipping
DB: policy "select_all" for relation "pending_notifications" does not exist, skipping
DB: policy "delete_all" for relation "pending_notifications" does not exist, skipping
DB: policy "select_by_recipient" for relation "pending_notifications" does not exist, skipping
DB: policy "delete_by_recipient" for relation "pending_notifications" does not exist, skipping
DB: policy "insert_only" for relation "agent_revocations" does not exist, skipping
DB: policy "select_all" for relation "agent_revocations" does not exist, skipping
DB: policy "insert_only" for relation "agent_account_links" does not exist, skipping
DB: policy "select_all" for relation "agent_account_links" does not exist, skipping
DB: policy "insert_only" for relation "account_email_stubs" does not exist, skipping
DB: policy "select_all" for relation "account_email_stubs" does not exist, skipping
DB: policy "insert_only" for relation "signal_revocations" does not exist, skipping
DB: policy "select_all" for relation "signal_revocations" does not exist, skipping
Successfully applied 64 migrations to schema "public", now at version v64 (execution time 00:00.250s)

--------------------------------------------------------------------------------------------------------
A more recent version of Flyway is available. Find out more about Flyway 13.4.0 at https://rd.gt/3rXiSlV
--------------------------------------------------------------------------------------------------------
DROP DATABASE
CREATE DATABASE
 Container trustless-cello-postgres-1  Running
OpenJDK 64-Bit Server VM warning: Unable to get SVE vector length on this system. Disabling SVE. Specify -XX:UseSVE=0 to shun this warning.
Flyway OSS Edition 11.13.2 by Redgate

See release notes here: https://rd.gt/416ObMi
Database: jdbc:postgresql://postgres:5432/cello_spine_1 (PostgreSQL 18.4)
WARNING: Using PostgreSQL 18.4 which is newer than the version Flyway has been verified with. The latest verified version of PostgreSQL is 17.
Schema history table "public"."flyway_schema_history" does not exist yet
Successfully validated 64 migrations (execution time 00:00.031s)
Creating Schema History table "public"."flyway_schema_history" ...
Current version of schema "public": << Empty Schema >>
WARNING: DB: relation "notification_queue" already exists, skipping (SQL State: 42P07 - Error Code: 0)
DB: policy "delete_own" for relation "notification_queue" does not exist, skipping
DB: policy "select_by_pubkey" for relation "notification_queue" does not exist, skipping
DB: policy "delete_by_pubkey" for relation "notification_queue" does not exist, skipping
WARNING: DB: relation "pending_connection_requests" already exists, skipping (SQL State: 42P07 - Error Code: 0)
DB: policy "delete_own" for relation "pending_connection_requests" does not exist, skipping
DB: policy "delete_all" for relation "pending_connection_requests" does not exist, skipping
DB: policy "insert_only" for relation "pending_notifications" does not exist, skipping
DB: policy "select_all" for relation "pending_notifications" does not exist, skipping
DB: policy "delete_all" for relation "pending_notifications" does not exist, skipping
DB: policy "select_by_recipient" for relation "pending_notifications" does not exist, skipping
DB: policy "delete_by_recipient" for relation "pending_notifications" does not exist, skipping
DB: policy "insert_only" for relation "agent_revocations" does not exist, skipping
DB: policy "select_all" for relation "agent_revocations" does not exist, skipping
DB: policy "insert_only" for relation "agent_account_links" does not exist, skipping
DB: policy "select_all" for relation "agent_account_links" does not exist, skipping
DB: policy "insert_only" for relation "account_email_stubs" does not exist, skipping
DB: policy "select_all" for relation "account_email_stubs" does not exist, skipping
DB: policy "insert_only" for relation "signal_revocations" does not exist, skipping
DB: policy "select_all" for relation "signal_revocations" does not exist, skipping
Successfully applied 64 migrations to schema "public", now at version v64 (execution time 00:00.244s)

--------------------------------------------------------------------------------------------------------
A more recent version of Flyway is available. Find out more about Flyway 13.4.0 at https://rd.gt/3rXiSlV
--------------------------------------------------------------------------------------------------------
DROP DATABASE
CREATE DATABASE
 Container trustless-cello-postgres-1  Running
OpenJDK 64-Bit Server VM warning: Unable to get SVE vector length on this system. Disabling SVE. Specify -XX:UseSVE=0 to shun this warning.
Flyway OSS Edition 11.13.2 by Redgate

See release notes here: https://rd.gt/416ObMi
Database: jdbc:postgresql://postgres:5432/cello_spine_2 (PostgreSQL 18.4)
WARNING: Using PostgreSQL 18.4 which is newer than the version Flyway has been verified with. The latest verified version of PostgreSQL is 17.
Schema history table "public"."flyway_schema_history" does not exist yet
Successfully validated 64 migrations (execution time 00:00.031s)
Creating Schema History table "public"."flyway_schema_history" ...
Current version of schema "public": << Empty Schema >>
WARNING: DB: relation "notification_queue" already exists, skipping (SQL State: 42P07 - Error Code: 0)
DB: policy "delete_own" for relation "notification_queue" does not exist, skipping
DB: policy "select_by_pubkey" for relation "notification_queue" does not exist, skipping
DB: policy "delete_by_pubkey" for relation "notification_queue" does not exist, skipping
WARNING: DB: relation "pending_connection_requests" already exists, skipping (SQL State: 42P07 - Error Code: 0)
DB: policy "delete_own" for relation "pending_connection_requests" does not exist, skipping
DB: policy "delete_all" for relation "pending_connection_requests" does not exist, skipping
DB: policy "insert_only" for relation "pending_notifications" does not exist, skipping
DB: policy "select_all" for relation "pending_notifications" does not exist, skipping
DB: policy "delete_all" for relation "pending_notifications" does not exist, skipping
DB: policy "select_by_recipient" for relation "pending_notifications" does not exist, skipping
DB: policy "delete_by_recipient" for relation "pending_notifications" does not exist, skipping
DB: policy "insert_only" for relation "agent_revocations" does not exist, skipping
DB: policy "select_all" for relation "agent_revocations" does not exist, skipping
DB: policy "insert_only" for relation "agent_account_links" does not exist, skipping
DB: policy "select_all" for relation "agent_account_links" does not exist, skipping
DB: policy "insert_only" for relation "account_email_stubs" does not exist, skipping
DB: policy "select_all" for relation "account_email_stubs" does not exist, skipping
DB: policy "insert_only" for relation "signal_revocations" does not exist, skipping
DB: policy "select_all" for relation "signal_revocations" does not exist, skipping
Successfully applied 64 migrations to schema "public", now at version v64 (execution time 00:00.288s)

--------------------------------------------------------------------------------------------------------
A more recent version of Flyway is available. Find out more about Flyway 13.4.0 at https://rd.gt/3rXiSlV
--------------------------------------------------------------------------------------------------------
Next: run  cello status  to confirm 'agentA' is registered.
  • it's normal for this to take a minute or two while registration settles.
  • ready = the agent shows state 'online' and directory_signaling 'connected'.
  • if it stays offline, run  cello logout  then  cello login.
Next: run  cello status  to confirm 'agentB' is registered.
  • it's normal for this to take a minute or two while registration settles.
  • ready = the agent shows state 'online' and directory_signaling 'connected'.
  • if it stays offline, run  cello logout  then  cello login.
{"event":"notification.channel.forwarded","type":"agent_current_changed","agent":"agentA"}
{"event":"notification.channel.forwarded","type":"agent_current_changed","agent":"agentB"}
{"event":"notification.channel.forwarded","type":"session_state_changed","agent":"agentB"}
{"event":"notification.channel.forwarded","type":"cello_message","agent":"agentB"}
{"event":"notification.channel.forwarded","type":"cello_message","agent":"agentA"}
 ✓ src/spine/j-leg-frontier.spine.test.ts (1 test) 69849ms
   ✓ J-LEG-FRONTIER — inflated published frontier is rejected (DOD-LEG-2 / SI-002) > a directory-inflated content_frontier_seq → B re-derives, detects inflation, rejects certificate_frontier_unverifiable  2331ms
 Container trustless-cello-postgres-1  Running
 Container trustless-cello-postgres-1  Waiting
 Container trustless-cello-postgres-1  Healthy
DROP DATABASE
CREATE DATABASE
 Container trustless-cello-postgres-1  Running
OpenJDK 64-Bit Server VM warning: Unable to get SVE vector length on this system. Disabling SVE. Specify -XX:UseSVE=0 to shun this warning.
Flyway OSS Edition 11.13.2 by Redgate

See release notes here: https://rd.gt/416ObMi
Database: jdbc:postgresql://postgres:5432/cello_spine (PostgreSQL 18.4)
WARNING: Using PostgreSQL 18.4 which is newer than the version Flyway has been verified with. The latest verified version of PostgreSQL is 17.
Schema history table "public"."flyway_schema_history" does not exist yet
Successfully validated 64 migrations (execution time 00:00.044s)
Creating Schema History table "public"."flyway_schema_history" ...
Current version of schema "public": << Empty Schema >>
WARNING: DB: relation "notification_queue" already exists, skipping (SQL State: 42P07 - Error Code: 0)
DB: policy "delete_own" for relation "notification_queue" does not exist, skipping
DB: policy "select_by_pubkey" for relation "notification_queue" does not exist, skipping
DB: policy "delete_by_pubkey" for relation "notification_queue" does not exist, skipping
WARNING: DB: relation "pending_connection_requests" already exists, skipping (SQL State: 42P07 - Error Code: 0)
DB: policy "delete_own" for relation "pending_connection_requests" does not exist, skipping
DB: policy "delete_all" for relation "pending_connection_requests" does not exist, skipping
DB: policy "insert_only" for relation "pending_notifications" does not exist, skipping
DB: policy "select_all" for relation "pending_notifications" does not exist, skipping
DB: policy "delete_all" for relation "pending_notifications" does not exist, skipping
DB: policy "select_by_recipient" for relation "pending_notifications" does not exist, skipping
DB: policy "delete_by_recipient" for relation "pending_notifications" does not exist, skipping
DB: policy "insert_only" for relation "agent_revocations" does not exist, skipping
DB: policy "select_all" for relation "agent_revocations" does not exist, skipping
DB: policy "insert_only" for relation "agent_account_links" does not exist, skipping
DB: policy "select_all" for relation "agent_account_links" does not exist, skipping
DB: policy "insert_only" for relation "account_email_stubs" does not exist, skipping
DB: policy "select_all" for relation "account_email_stubs" does not exist, skipping
DB: policy "insert_only" for relation "signal_revocations" does not exist, skipping
DB: policy "select_all" for relation "signal_revocations" does not exist, skipping
Successfully applied 64 migrations to schema "public", now at version v64 (execution time 00:00.316s)

--------------------------------------------------------------------------------------------------------
A more recent version of Flyway is available. Find out more about Flyway 13.4.0 at https://rd.gt/3rXiSlV
--------------------------------------------------------------------------------------------------------
 ✓ src/spine/j-onboard.spine.test.ts (1 test) 24692ms
   ✓ J-ONBOARD — keystone elects the first runtime-created agent (CELLO-M7-ONBOARD-001) > fresh daemon (no agents) → cello create-agent → directory_signaling connects, NO restart  1648ms
 Container trustless-cello-postgres-1  Running
 Container trustless-cello-postgres-1  Waiting
 Container trustless-cello-postgres-1  Healthy
DROP DATABASE
CREATE DATABASE
 Container trustless-cello-postgres-1  Running
OpenJDK 64-Bit Server VM warning: Unable to get SVE vector length on this system. Disabling SVE. Specify -XX:UseSVE=0 to shun this warning.
Flyway OSS Edition 11.13.2 by Redgate

See release notes here: https://rd.gt/416ObMi
Database: jdbc:postgresql://postgres:5432/cello_spine_0 (PostgreSQL 18.4)
WARNING: Using PostgreSQL 18.4 which is newer than the version Flyway has been verified with. The latest verified version of PostgreSQL is 17.
Schema history table "public"."flyway_schema_history" does not exist yet
Successfully validated 64 migrations (execution time 00:00.033s)
Creating Schema History table "public"."flyway_schema_history" ...
Current version of schema "public": << Empty Schema >>
WARNING: DB: relation "notification_queue" already exists, skipping (SQL State: 42P07 - Error Code: 0)
DB: policy "delete_own" for relation "notification_queue" does not exist, skipping
DB: policy "select_by_pubkey" for relation "notification_queue" does not exist, skipping
DB: policy "delete_by_pubkey" for relation "notification_queue" does not exist, skipping
WARNING: DB: relation "pending_connection_requests" already exists, skipping (SQL State: 42P07 - Error Code: 0)
DB: policy "delete_own" for relation "pending_connection_requests" does not exist, skipping
DB: policy "delete_all" for relation "pending_connection_requests" does not exist, skipping
DB: policy "insert_only" for relation "pending_notifications" does not exist, skipping
DB: policy "select_all" for relation "pending_notifications" does not exist, skipping
DB: policy "delete_all" for relation "pending_notifications" does not exist, skipping
DB: policy "select_by_recipient" for relation "pending_notifications" does not exist, skipping
DB: policy "delete_by_recipient" for relation "pending_notifications" does not exist, skipping
DB: policy "insert_only" for relation "agent_revocations" does not exist, skipping
DB: policy "select_all" for relation "agent_revocations" does not exist, skipping
DB: policy "insert_only" for relation "agent_account_links" does not exist, skipping
DB: policy "select_all" for relation "agent_account_links" does not exist, skipping
DB: policy "insert_only" for relation "account_email_stubs" does not exist, skipping
DB: policy "select_all" for relation "account_email_stubs" does not exist, skipping
DB: policy "insert_only" for relation "signal_revocations" does not exist, skipping
DB: policy "select_all" for relation "signal_revocations" does not exist, skipping
Successfully applied 64 migrations to schema "public", now at version v64 (execution time 00:00.287s)

--------------------------------------------------------------------------------------------------------
A more recent version of Flyway is available. Find out more about Flyway 13.4.0 at https://rd.gt/3rXiSlV
--------------------------------------------------------------------------------------------------------
DROP DATABASE
CREATE DATABASE
 Container trustless-cello-postgres-1  Running
OpenJDK 64-Bit Server VM warning: Unable to get SVE vector length on this system. Disabling SVE. Specify -XX:UseSVE=0 to shun this warning.
Flyway OSS Edition 11.13.2 by Redgate

See release notes here: https://rd.gt/416ObMi
Database: jdbc:postgresql://postgres:5432/cello_spine_1 (PostgreSQL 18.4)
WARNING: Using PostgreSQL 18.4 which is newer than the version Flyway has been verified with. The latest verified version of PostgreSQL is 17.
Schema history table "public"."flyway_schema_history" does not exist yet
Successfully validated 64 migrations (execution time 00:00.031s)
Creating Schema History table "public"."flyway_schema_history" ...
Current version of schema "public": << Empty Schema >>
WARNING: DB: relation "notification_queue" already exists, skipping (SQL State: 42P07 - Error Code: 0)
DB: policy "delete_own" for relation "notification_queue" does not exist, skipping
DB: policy "select_by_pubkey" for relation "notification_queue" does not exist, skipping
DB: policy "delete_by_pubkey" for relation "notification_queue" does not exist, skipping
WARNING: DB: relation "pending_connection_requests" already exists, skipping (SQL State: 42P07 - Error Code: 0)
DB: policy "delete_own" for relation "pending_connection_requests" does not exist, skipping
DB: policy "delete_all" for relation "pending_connection_requests" does not exist, skipping
DB: policy "insert_only" for relation "pending_notifications" does not exist, skipping
DB: policy "select_all" for relation "pending_notifications" does not exist, skipping
DB: policy "delete_all" for relation "pending_notifications" does not exist, skipping
DB: policy "select_by_recipient" for relation "pending_notifications" does not exist, skipping
DB: policy "delete_by_recipient" for relation "pending_notifications" does not exist, skipping
DB: policy "insert_only" for relation "agent_revocations" does not exist, skipping
DB: policy "select_all" for relation "agent_revocations" does not exist, skipping
DB: policy "insert_only" for relation "agent_account_links" does not exist, skipping
DB: policy "select_all" for relation "agent_account_links" does not exist, skipping
DB: policy "insert_only" for relation "account_email_stubs" does not exist, skipping
DB: policy "select_all" for relation "account_email_stubs" does not exist, skipping
DB: policy "insert_only" for relation "signal_revocations" does not exist, skipping
DB: policy "select_all" for relation "signal_revocations" does not exist, skipping
Successfully applied 64 migrations to schema "public", now at version v64 (execution time 00:00.268s)

--------------------------------------------------------------------------------------------------------
A more recent version of Flyway is available. Find out more about Flyway 13.4.0 at https://rd.gt/3rXiSlV
--------------------------------------------------------------------------------------------------------
DROP DATABASE
CREATE DATABASE
 Container trustless-cello-postgres-1  Running
OpenJDK 64-Bit Server VM warning: Unable to get SVE vector length on this system. Disabling SVE. Specify -XX:UseSVE=0 to shun this warning.
Flyway OSS Edition 11.13.2 by Redgate

See release notes here: https://rd.gt/416ObMi
Database: jdbc:postgresql://postgres:5432/cello_spine_2 (PostgreSQL 18.4)
WARNING: Using PostgreSQL 18.4 which is newer than the version Flyway has been verified with. The latest verified version of PostgreSQL is 17.
Schema history table "public"."flyway_schema_history" does not exist yet
Successfully validated 64 migrations (execution time 00:00.037s)
Creating Schema History table "public"."flyway_schema_history" ...
Current version of schema "public": << Empty Schema >>
WARNING: DB: relation "notification_queue" already exists, skipping (SQL State: 42P07 - Error Code: 0)
DB: policy "delete_own" for relation "notification_queue" does not exist, skipping
DB: policy "select_by_pubkey" for relation "notification_queue" does not exist, skipping
DB: policy "delete_by_pubkey" for relation "notification_queue" does not exist, skipping
WARNING: DB: relation "pending_connection_requests" already exists, skipping (SQL State: 42P07 - Error Code: 0)
DB: policy "delete_own" for relation "pending_connection_requests" does not exist, skipping
DB: policy "delete_all" for relation "pending_connection_requests" does not exist, skipping
DB: policy "insert_only" for relation "pending_notifications" does not exist, skipping
DB: policy "select_all" for relation "pending_notifications" does not exist, skipping
DB: policy "delete_all" for relation "pending_notifications" does not exist, skipping
DB: policy "select_by_recipient" for relation "pending_notifications" does not exist, skipping
DB: policy "delete_by_recipient" for relation "pending_notifications" does not exist, skipping
DB: policy "insert_only" for relation "agent_revocations" does not exist, skipping
DB: policy "select_all" for relation "agent_revocations" does not exist, skipping
DB: policy "insert_only" for relation "agent_account_links" does not exist, skipping
DB: policy "select_all" for relation "agent_account_links" does not exist, skipping
DB: policy "insert_only" for relation "account_email_stubs" does not exist, skipping
DB: policy "select_all" for relation "account_email_stubs" does not exist, skipping
DB: policy "insert_only" for relation "signal_revocations" does not exist, skipping
DB: policy "select_all" for relation "signal_revocations" does not exist, skipping
Successfully applied 64 migrations to schema "public", now at version v64 (execution time 00:00.361s)

--------------------------------------------------------------------------------------------------------
A more recent version of Flyway is available. Find out more about Flyway 13.4.0 at https://rd.gt/3rXiSlV
--------------------------------------------------------------------------------------------------------
 ✓ src/spine/j-presence.spine.test.ts (1 test) 81546ms
   ✓ J-PRESENCE — cross-node presence visibility (DOD-PRESENCE-1) > agent connects to node 0 → presence written; seeded to node 1 → visible as online  27501ms
 Container trustless-cello-postgres-1  Running
 Container trustless-cello-postgres-1  Waiting
 Container trustless-cello-postgres-1  Healthy
DROP DATABASE
CREATE DATABASE
 Container trustless-cello-postgres-1  Running
OpenJDK 64-Bit Server VM warning: Unable to get SVE vector length on this system. Disabling SVE. Specify -XX:UseSVE=0 to shun this warning.
Flyway OSS Edition 11.13.2 by Redgate

See release notes here: https://rd.gt/416ObMi
Database: jdbc:postgresql://postgres:5432/cello_spine_0 (PostgreSQL 18.4)
WARNING: Using PostgreSQL 18.4 which is newer than the version Flyway has been verified with. The latest verified version of PostgreSQL is 17.
Schema history table "public"."flyway_schema_history" does not exist yet
Successfully validated 64 migrations (execution time 00:00.026s)
Creating Schema History table "public"."flyway_schema_history" ...
Current version of schema "public": << Empty Schema >>
WARNING: DB: relation "notification_queue" already exists, skipping (SQL State: 42P07 - Error Code: 0)
DB: policy "delete_own" for relation "notification_queue" does not exist, skipping
DB: policy "select_by_pubkey" for relation "notification_queue" does not exist, skipping
DB: policy "delete_by_pubkey" for relation "notification_queue" does not exist, skipping
WARNING: DB: relation "pending_connection_requests" already exists, skipping (SQL State: 42P07 - Error Code: 0)
DB: policy "delete_own" for relation "pending_connection_requests" does not exist, skipping
DB: policy "delete_all" for relation "pending_connection_requests" does not exist, skipping
DB: policy "insert_only" for relation "pending_notifications" does not exist, skipping
DB: policy "select_all" for relation "pending_notifications" does not exist, skipping
DB: policy "delete_all" for relation "pending_notifications" does not exist, skipping
DB: policy "select_by_recipient" for relation "pending_notifications" does not exist, skipping
DB: policy "delete_by_recipient" for relation "pending_notifications" does not exist, skipping
DB: policy "insert_only" for relation "agent_revocations" does not exist, skipping
DB: policy "select_all" for relation "agent_revocations" does not exist, skipping
DB: policy "insert_only" for relation "agent_account_links" does not exist, skipping
DB: policy "select_all" for relation "agent_account_links" does not exist, skipping
DB: policy "insert_only" for relation "account_email_stubs" does not exist, skipping
DB: policy "select_all" for relation "account_email_stubs" does not exist, skipping
DB: policy "insert_only" for relation "signal_revocations" does not exist, skipping
DB: policy "select_all" for relation "signal_revocations" does not exist, skipping
Successfully applied 64 migrations to schema "public", now at version v64 (execution time 00:00.236s)

--------------------------------------------------------------------------------------------------------
A more recent version of Flyway is available. Find out more about Flyway 13.4.0 at https://rd.gt/3rXiSlV
--------------------------------------------------------------------------------------------------------
DROP DATABASE
CREATE DATABASE
 Container trustless-cello-postgres-1  Running
OpenJDK 64-Bit Server VM warning: Unable to get SVE vector length on this system. Disabling SVE. Specify -XX:UseSVE=0 to shun this warning.
Flyway OSS Edition 11.13.2 by Redgate

See release notes here: https://rd.gt/416ObMi
Database: jdbc:postgresql://postgres:5432/cello_spine_1 (PostgreSQL 18.4)
WARNING: Using PostgreSQL 18.4 which is newer than the version Flyway has been verified with. The latest verified version of PostgreSQL is 17.
Schema history table "public"."flyway_schema_history" does not exist yet
Successfully validated 64 migrations (execution time 00:00.031s)
Creating Schema History table "public"."flyway_schema_history" ...
Current version of schema "public": << Empty Schema >>
WARNING: DB: relation "notification_queue" already exists, skipping (SQL State: 42P07 - Error Code: 0)
DB: policy "delete_own" for relation "notification_queue" does not exist, skipping
DB: policy "select_by_pubkey" for relation "notification_queue" does not exist, skipping
DB: policy "delete_by_pubkey" for relation "notification_queue" does not exist, skipping
WARNING: DB: relation "pending_connection_requests" already exists, skipping (SQL State: 42P07 - Error Code: 0)
DB: policy "delete_own" for relation "pending_connection_requests" does not exist, skipping
DB: policy "delete_all" for relation "pending_connection_requests" does not exist, skipping
DB: policy "insert_only" for relation "pending_notifications" does not exist, skipping
DB: policy "select_all" for relation "pending_notifications" does not exist, skipping
DB: policy "delete_all" for relation "pending_notifications" does not exist, skipping
DB: policy "select_by_recipient" for relation "pending_notifications" does not exist, skipping
DB: policy "delete_by_recipient" for relation "pending_notifications" does not exist, skipping
DB: policy "insert_only" for relation "agent_revocations" does not exist, skipping
DB: policy "select_all" for relation "agent_revocations" does not exist, skipping
DB: policy "insert_only" for relation "agent_account_links" does not exist, skipping
DB: policy "select_all" for relation "agent_account_links" does not exist, skipping
DB: policy "insert_only" for relation "account_email_stubs" does not exist, skipping
DB: policy "select_all" for relation "account_email_stubs" does not exist, skipping
DB: policy "insert_only" for relation "signal_revocations" does not exist, skipping
DB: policy "select_all" for relation "signal_revocations" does not exist, skipping
Successfully applied 64 migrations to schema "public", now at version v64 (execution time 00:00.257s)

--------------------------------------------------------------------------------------------------------
A more recent version of Flyway is available. Find out more about Flyway 13.4.0 at https://rd.gt/3rXiSlV
--------------------------------------------------------------------------------------------------------
DROP DATABASE
CREATE DATABASE
 Container trustless-cello-postgres-1  Running
OpenJDK 64-Bit Server VM warning: Unable to get SVE vector length on this system. Disabling SVE. Specify -XX:UseSVE=0 to shun this warning.
Flyway OSS Edition 11.13.2 by Redgate

See release notes here: https://rd.gt/416ObMi
Database: jdbc:postgresql://postgres:5432/cello_spine_2 (PostgreSQL 18.4)
WARNING: Using PostgreSQL 18.4 which is newer than the version Flyway has been verified with. The latest verified version of PostgreSQL is 17.
Schema history table "public"."flyway_schema_history" does not exist yet
Successfully validated 64 migrations (execution time 00:00.032s)
Creating Schema History table "public"."flyway_schema_history" ...
Current version of schema "public": << Empty Schema >>
WARNING: DB: relation "notification_queue" already exists, skipping (SQL State: 42P07 - Error Code: 0)
DB: policy "delete_own" for relation "notification_queue" does not exist, skipping
DB: policy "select_by_pubkey" for relation "notification_queue" does not exist, skipping
DB: policy "delete_by_pubkey" for relation "notification_queue" does not exist, skipping
WARNING: DB: relation "pending_connection_requests" already exists, skipping (SQL State: 42P07 - Error Code: 0)
DB: policy "delete_own" for relation "pending_connection_requests" does not exist, skipping
DB: policy "delete_all" for relation "pending_connection_requests" does not exist, skipping
DB: policy "insert_only" for relation "pending_notifications" does not exist, skipping
DB: policy "select_all" for relation "pending_notifications" does not exist, skipping
DB: policy "delete_all" for relation "pending_notifications" does not exist, skipping
DB: policy "select_by_recipient" for relation "pending_notifications" does not exist, skipping
DB: policy "delete_by_recipient" for relation "pending_notifications" does not exist, skipping
DB: policy "insert_only" for relation "agent_revocations" does not exist, skipping
DB: policy "select_all" for relation "agent_revocations" does not exist, skipping
DB: policy "insert_only" for relation "agent_account_links" does not exist, skipping
DB: policy "select_all" for relation "agent_account_links" does not exist, skipping
DB: policy "insert_only" for relation "account_email_stubs" does not exist, skipping
DB: policy "select_all" for relation "account_email_stubs" does not exist, skipping
DB: policy "insert_only" for relation "signal_revocations" does not exist, skipping
DB: policy "select_all" for relation "signal_revocations" does not exist, skipping
Successfully applied 64 migrations to schema "public", now at version v64 (execution time 00:00.290s)

--------------------------------------------------------------------------------------------------------
A more recent version of Flyway is available. Find out more about Flyway 13.4.0 at https://rd.gt/3rXiSlV
--------------------------------------------------------------------------------------------------------
Next: run  cello status  to confirm 'agentA' is registered.
  • it's normal for this to take a minute or two while registration settles.
  • ready = the agent shows state 'online' and directory_signaling 'connected'.
  • if it stays offline, run  cello logout  then  cello login.
Next: run  cello status  to confirm 'agentB' is registered.
  • it's normal for this to take a minute or two while registration settles.
  • ready = the agent shows state 'online' and directory_signaling 'connected'.
  • if it stays offline, run  cello logout  then  cello login.
{"event":"notification.channel.forwarded","type":"agent_current_changed","agent":"agentA"}
{"event":"notification.channel.forwarded","type":"agent_current_changed","agent":"agentB"}
{"event":"notification.channel.forwarded","type":"session_state_changed","agent":"agentB"}
{"event":"notification.channel.forwarded","type":"cello_message","agent":"agentB"}
{"event":"notification.channel.forwarded","type":"session_state_changed","agent":"agentB"}
{"event":"notification.channel.forwarded","type":"cello_message","agent":"agentB"}
{"event":"notification.channel.forwarded","type":"session_state_changed","agent":"agentB"}
{"event":"notification.channel.forwarded","type":"cello_message","agent":"agentB"}
 ✓ src/spine/j-refresh.spine.test.ts (1 test) 65848ms
   ✓ J-REFRESH — proactive share refresh / epoch rollover (DOD-REFRESH-1) > refresh rotates all shares to a new epoch: group key UNCHANGED, all nodes apply, post-refresh seal still works  7700ms
 Container trustless-cello-postgres-1  Running
 Container trustless-cello-postgres-1  Waiting
 Container trustless-cello-postgres-1  Healthy
DROP DATABASE
CREATE DATABASE
 Container trustless-cello-postgres-1  Running
OpenJDK 64-Bit Server VM warning: Unable to get SVE vector length on this system. Disabling SVE. Specify -XX:UseSVE=0 to shun this warning.
Flyway OSS Edition 11.13.2 by Redgate

See release notes here: https://rd.gt/416ObMi
Database: jdbc:postgresql://postgres:5432/cello_spine (PostgreSQL 18.4)
WARNING: Using PostgreSQL 18.4 which is newer than the version Flyway has been verified with. The latest verified version of PostgreSQL is 17.
Schema history table "public"."flyway_schema_history" does not exist yet
Successfully validated 64 migrations (execution time 00:00.025s)
Creating Schema History table "public"."flyway_schema_history" ...
Current version of schema "public": << Empty Schema >>
WARNING: DB: relation "notification_queue" already exists, skipping (SQL State: 42P07 - Error Code: 0)
DB: policy "delete_own" for relation "notification_queue" does not exist, skipping
DB: policy "select_by_pubkey" for relation "notification_queue" does not exist, skipping
DB: policy "delete_by_pubkey" for relation "notification_queue" does not exist, skipping
WARNING: DB: relation "pending_connection_requests" already exists, skipping (SQL State: 42P07 - Error Code: 0)
DB: policy "delete_own" for relation "pending_connection_requests" does not exist, skipping
DB: policy "delete_all" for relation "pending_connection_requests" does not exist, skipping
DB: policy "insert_only" for relation "pending_notifications" does not exist, skipping
DB: policy "select_all" for relation "pending_notifications" does not exist, skipping
DB: policy "delete_all" for relation "pending_notifications" does not exist, skipping
DB: policy "select_by_recipient" for relation "pending_notifications" does not exist, skipping
DB: policy "delete_by_recipient" for relation "pending_notifications" does not exist, skipping
DB: policy "insert_only" for relation "agent_revocations" does not exist, skipping
DB: policy "select_all" for relation "agent_revocations" does not exist, skipping
DB: policy "insert_only" for relation "agent_account_links" does not exist, skipping
DB: policy "select_all" for relation "agent_account_links" does not exist, skipping
DB: policy "insert_only" for relation "account_email_stubs" does not exist, skipping
DB: policy "select_all" for relation "account_email_stubs" does not exist, skipping
DB: policy "insert_only" for relation "signal_revocations" does not exist, skipping
DB: policy "select_all" for relation "signal_revocations" does not exist, skipping
Successfully applied 64 migrations to schema "public", now at version v64 (execution time 00:00.233s)

--------------------------------------------------------------------------------------------------------
A more recent version of Flyway is available. Find out more about Flyway 13.4.0 at https://rd.gt/3rXiSlV
--------------------------------------------------------------------------------------------------------
 ✓ src/spine/j-auth.spine.test.ts (6 tests) 28319ms
   ✓ J-AUTH — directory bidirectional auth, live (DOD-AUTH-1 / DOD-AUTH-2) > DOD-AUTH-1 (happy) — directory in the manifest → daemon verifies step-6 → agent connects  762ms
   ✓ J-AUTH — directory bidirectional auth, live (DOD-AUTH-1 / DOD-AUTH-2) > DOD-AUTH-1 (rogue) — directory NOT in the manifest → step-6 fails (key_not_in_manifest), never connects  738ms
   ✓ J-AUTH — directory bidirectional auth, live (DOD-AUTH-1 / DOD-AUTH-2) > DOD-AUTH-2 (expired) — expired manifest is refused → daemon will not operate (no silent downgrade)  423ms
   ✓ J-AUTH — directory bidirectional auth, live (DOD-AUTH-1 / DOD-AUTH-2) > DOD-AUTH-2 (rollback) — a lower manifest version is rejected across restarts (anti-rollback)  874ms
   ✓ J-AUTH — directory bidirectional auth, live (DOD-AUTH-1 / DOD-AUTH-2) > DOD-AUTH-2 (poll refresh) — daemon polls the directory on an interval and adopts a newer manifest version  1532ms
   ✓ J-AUTH — directory bidirectional auth, live (DOD-AUTH-1 / DOD-AUTH-2) > DOD-AUTH-2 (poll rejects forged) — a FORGED manifest served by the directory is NOT adopted  1018ms
 Container trustless-cello-postgres-1  Running
 Container trustless-cello-postgres-1  Waiting
 Container trustless-cello-postgres-1  Healthy
DROP DATABASE
CREATE DATABASE
 Container trustless-cello-postgres-1  Running
OpenJDK 64-Bit Server VM warning: Unable to get SVE vector length on this system. Disabling SVE. Specify -XX:UseSVE=0 to shun this warning.
Flyway OSS Edition 11.13.2 by Redgate

See release notes here: https://rd.gt/416ObMi
Database: jdbc:postgresql://postgres:5432/cello_spine_0 (PostgreSQL 18.4)
WARNING: Using PostgreSQL 18.4 which is newer than the version Flyway has been verified with. The latest verified version of PostgreSQL is 17.
Schema history table "public"."flyway_schema_history" does not exist yet
Successfully validated 64 migrations (execution time 00:00.030s)
Creating Schema History table "public"."flyway_schema_history" ...
Current version of schema "public": << Empty Schema >>
WARNING: DB: relation "notification_queue" already exists, skipping (SQL State: 42P07 - Error Code: 0)
DB: policy "delete_own" for relation "notification_queue" does not exist, skipping
DB: policy "select_by_pubkey" for relation "notification_queue" does not exist, skipping
DB: policy "delete_by_pubkey" for relation "notification_queue" does not exist, skipping
WARNING: DB: relation "pending_connection_requests" already exists, skipping (SQL State: 42P07 - Error Code: 0)
DB: policy "delete_own" for relation "pending_connection_requests" does not exist, skipping
DB: policy "delete_all" for relation "pending_connection_requests" does not exist, skipping
DB: policy "insert_only" for relation "pending_notifications" does not exist, skipping
DB: policy "select_all" for relation "pending_notifications" does not exist, skipping
DB: policy "delete_all" for relation "pending_notifications" does not exist, skipping
DB: policy "select_by_recipient" for relation "pending_notifications" does not exist, skipping
DB: policy "delete_by_recipient" for relation "pending_notifications" does not exist, skipping
DB: policy "insert_only" for relation "agent_revocations" does not exist, skipping
DB: policy "select_all" for relation "agent_revocations" does not exist, skipping
DB: policy "insert_only" for relation "agent_account_links" does not exist, skipping
DB: policy "select_all" for relation "agent_account_links" does not exist, skipping
DB: policy "insert_only" for relation "account_email_stubs" does not exist, skipping
DB: policy "select_all" for relation "account_email_stubs" does not exist, skipping
DB: policy "insert_only" for relation "signal_revocations" does not exist, skipping
DB: policy "select_all" for relation "signal_revocations" does not exist, skipping
Successfully applied 64 migrations to schema "public", now at version v64 (execution time 00:00.279s)

--------------------------------------------------------------------------------------------------------
A more recent version of Flyway is available. Find out more about Flyway 13.4.0 at https://rd.gt/3rXiSlV
--------------------------------------------------------------------------------------------------------
DROP DATABASE
CREATE DATABASE
 Container trustless-cello-postgres-1  Running
OpenJDK 64-Bit Server VM warning: Unable to get SVE vector length on this system. Disabling SVE. Specify -XX:UseSVE=0 to shun this warning.
Flyway OSS Edition 11.13.2 by Redgate

See release notes here: https://rd.gt/416ObMi
Database: jdbc:postgresql://postgres:5432/cello_spine_1 (PostgreSQL 18.4)
WARNING: Using PostgreSQL 18.4 which is newer than the version Flyway has been verified with. The latest verified version of PostgreSQL is 17.
Schema history table "public"."flyway_schema_history" does not exist yet
Successfully validated 64 migrations (execution time 00:00.040s)
Creating Schema History table "public"."flyway_schema_history" ...
Current version of schema "public": << Empty Schema >>
WARNING: DB: relation "notification_queue" already exists, skipping (SQL State: 42P07 - Error Code: 0)
DB: policy "delete_own" for relation "notification_queue" does not exist, skipping
DB: policy "select_by_pubkey" for relation "notification_queue" does not exist, skipping
DB: policy "delete_by_pubkey" for relation "notification_queue" does not exist, skipping
WARNING: DB: relation "pending_connection_requests" already exists, skipping (SQL State: 42P07 - Error Code: 0)
DB: policy "delete_own" for relation "pending_connection_requests" does not exist, skipping
DB: policy "delete_all" for relation "pending_connection_requests" does not exist, skipping
DB: policy "insert_only" for relation "pending_notifications" does not exist, skipping
DB: policy "select_all" for relation "pending_notifications" does not exist, skipping
DB: policy "delete_all" for relation "pending_notifications" does not exist, skipping
DB: policy "select_by_recipient" for relation "pending_notifications" does not exist, skipping
DB: policy "delete_by_recipient" for relation "pending_notifications" does not exist, skipping
DB: policy "insert_only" for relation "agent_revocations" does not exist, skipping
DB: policy "select_all" for relation "agent_revocations" does not exist, skipping
DB: policy "insert_only" for relation "agent_account_links" does not exist, skipping
DB: policy "select_all" for relation "agent_account_links" does not exist, skipping
DB: policy "insert_only" for relation "account_email_stubs" does not exist, skipping
DB: policy "select_all" for relation "account_email_stubs" does not exist, skipping
DB: policy "insert_only" for relation "signal_revocations" does not exist, skipping
DB: policy "select_all" for relation "signal_revocations" does not exist, skipping
Successfully applied 64 migrations to schema "public", now at version v64 (execution time 00:00.268s)

--------------------------------------------------------------------------------------------------------
A more recent version of Flyway is available. Find out more about Flyway 13.4.0 at https://rd.gt/3rXiSlV
--------------------------------------------------------------------------------------------------------
DROP DATABASE
CREATE DATABASE
 Container trustless-cello-postgres-1  Running
OpenJDK 64-Bit Server VM warning: Unable to get SVE vector length on this system. Disabling SVE. Specify -XX:UseSVE=0 to shun this warning.
Flyway OSS Edition 11.13.2 by Redgate

See release notes here: https://rd.gt/416ObMi
Database: jdbc:postgresql://postgres:5432/cello_spine_2 (PostgreSQL 18.4)
WARNING: Using PostgreSQL 18.4 which is newer than the version Flyway has been verified with. The latest verified version of PostgreSQL is 17.
Schema history table "public"."flyway_schema_history" does not exist yet
Successfully validated 64 migrations (execution time 00:00.044s)
Creating Schema History table "public"."flyway_schema_history" ...
Current version of schema "public": << Empty Schema >>
WARNING: DB: relation "notification_queue" already exists, skipping (SQL State: 42P07 - Error Code: 0)
DB: policy "delete_own" for relation "notification_queue" does not exist, skipping
DB: policy "select_by_pubkey" for relation "notification_queue" does not exist, skipping
DB: policy "delete_by_pubkey" for relation "notification_queue" does not exist, skipping
WARNING: DB: relation "pending_connection_requests" already exists, skipping (SQL State: 42P07 - Error Code: 0)
DB: policy "delete_own" for relation "pending_connection_requests" does not exist, skipping
DB: policy "delete_all" for relation "pending_connection_requests" does not exist, skipping
DB: policy "insert_only" for relation "pending_notifications" does not exist, skipping
DB: policy "select_all" for relation "pending_notifications" does not exist, skipping
DB: policy "delete_all" for relation "pending_notifications" does not exist, skipping
DB: policy "select_by_recipient" for relation "pending_notifications" does not exist, skipping
DB: policy "delete_by_recipient" for relation "pending_notifications" does not exist, skipping
DB: policy "insert_only" for relation "agent_revocations" does not exist, skipping
DB: policy "select_all" for relation "agent_revocations" does not exist, skipping
DB: policy "insert_only" for relation "agent_account_links" does not exist, skipping
DB: policy "select_all" for relation "agent_account_links" does not exist, skipping
DB: policy "insert_only" for relation "account_email_stubs" does not exist, skipping
DB: policy "select_all" for relation "account_email_stubs" does not exist, skipping
DB: policy "insert_only" for relation "signal_revocations" does not exist, skipping
DB: policy "select_all" for relation "signal_revocations" does not exist, skipping
Successfully applied 64 migrations to schema "public", now at version v64 (execution time 00:00.327s)

--------------------------------------------------------------------------------------------------------
A more recent version of Flyway is available. Find out more about Flyway 13.4.0 at https://rd.gt/3rXiSlV
--------------------------------------------------------------------------------------------------------
Next: run  cello status  to confirm 'agentA' is registered.
  • it's normal for this to take a minute or two while registration settles.
  • ready = the agent shows state 'online' and directory_signaling 'connected'.
  • if it stays offline, run  cello logout  then  cello login.
Next: run  cello status  to confirm 'agentB' is registered.
  • it's normal for this to take a minute or two while registration settles.
  • ready = the agent shows state 'online' and directory_signaling 'connected'.
  • if it stays offline, run  cello logout  then  cello login.
{"event":"notification.channel.forwarded","type":"agent_current_changed","agent":"agentA"}
{"event":"notification.channel.forwarded","type":"agent_current_changed","agent":"agentB"}
{"event":"notification.channel.forwarded","type":"session_state_changed","agent":"agentB"}
{"event":"notification.channel.forwarded","type":"cello_message","agent":"agentB"}
cello-mcp: daemon connection lost — reconnecting…
Next: run  cello status  to confirm 'agentA' is registered.
  • it's normal for this to take a minute or two while registration settles.
  • ready = the agent shows state 'online' and directory_signaling 'connected'.
  • if it stays offline, run  cello logout  then  cello login.
Next: run  cello status  to confirm 'agentB' is registered.
  • it's normal for this to take a minute or two while registration settles.
  • ready = the agent shows state 'online' and directory_signaling 'connected'.
  • if it stays offline, run  cello logout  then  cello login.
{"event":"notification.channel.forwarded","type":"agent_current_changed","agent":"agentA"}
{"event":"notification.channel.forwarded","type":"agent_current_changed","agent":"agentB"}
{"event":"notification.channel.forwarded","type":"session_state_changed","agent":"agentB"}
{"event":"notification.channel.forwarded","type":"cello_message","agent":"agentB"}
cello-mcp: daemon connection lost — reconnecting…
cello-mcp: daemon connection lost — reconnecting…
{"event":"notification.channel.forwarded","type":"agent_current_changed","agent":"agentA"}
{"event":"notification.channel.forwarded","type":"agent_current_changed","agent":"agentB"}
 ✓ src/spine/j-int.spine.test.ts (3 tests) 68339ms
   ✓ J-INT — interrupted + retry survival, live (DOD-INT-1 / DOD-RETRY-1) > DOD-INT-1 — kill daemon mid-session → next start marks it interrupted, surfaced at login with source: daemon_restart  3331ms
   ✓ J-INT — interrupted + retry survival, live (DOD-INT-1 / DOD-RETRY-1) > DOD-INT-2 — both parties interrupted → remaining party runs the bilateral seal-interrupted agreement  3996ms
   ✓ J-INT — interrupted + retry survival, live (DOD-INT-1 / DOD-RETRY-1) > DOD-RETRY-1 — retry queue (FIFO) + nonce dedup survive a real daemon restart (SQLCipher)  976ms
 Container trustless-cello-postgres-1  Running
 Container trustless-cello-postgres-1  Waiting
 Container trustless-cello-postgres-1  Healthy
DROP DATABASE
CREATE DATABASE
 Container trustless-cello-postgres-1  Running
OpenJDK 64-Bit Server VM warning: Unable to get SVE vector length on this system. Disabling SVE. Specify -XX:UseSVE=0 to shun this warning.
Flyway OSS Edition 11.13.2 by Redgate

See release notes here: https://rd.gt/416ObMi
Database: jdbc:postgresql://postgres:5432/cello_spine (PostgreSQL 18.4)
WARNING: Using PostgreSQL 18.4 which is newer than the version Flyway has been verified with. The latest verified version of PostgreSQL is 17.
Schema history table "public"."flyway_schema_history" does not exist yet
Successfully validated 64 migrations (execution time 00:00.034s)
Creating Schema History table "public"."flyway_schema_history" ...
Current version of schema "public": << Empty Schema >>
WARNING: DB: relation "notification_queue" already exists, skipping (SQL State: 42P07 - Error Code: 0)
DB: policy "delete_own" for relation "notification_queue" does not exist, skipping
DB: policy "select_by_pubkey" for relation "notification_queue" does not exist, skipping
DB: policy "delete_by_pubkey" for relation "notification_queue" does not exist, skipping
WARNING: DB: relation "pending_connection_requests" already exists, skipping (SQL State: 42P07 - Error Code: 0)
DB: policy "delete_own" for relation "pending_connection_requests" does not exist, skipping
DB: policy "delete_all" for relation "pending_connection_requests" does not exist, skipping
DB: policy "insert_only" for relation "pending_notifications" does not exist, skipping
DB: policy "select_all" for relation "pending_notifications" does not exist, skipping
DB: policy "delete_all" for relation "pending_notifications" does not exist, skipping
DB: policy "select_by_recipient" for relation "pending_notifications" does not exist, skipping
DB: policy "delete_by_recipient" for relation "pending_notifications" does not exist, skipping
DB: policy "insert_only" for relation "agent_revocations" does not exist, skipping
DB: policy "select_all" for relation "agent_revocations" does not exist, skipping
DB: policy "insert_only" for relation "agent_account_links" does not exist, skipping
DB: policy "select_all" for relation "agent_account_links" does not exist, skipping
DB: policy "insert_only" for relation "account_email_stubs" does not exist, skipping
DB: policy "select_all" for relation "account_email_stubs" does not exist, skipping
DB: policy "insert_only" for relation "signal_revocations" does not exist, skipping
DB: policy "select_all" for relation "signal_revocations" does not exist, skipping
Successfully applied 64 migrations to schema "public", now at version v64 (execution time 00:00.258s)

--------------------------------------------------------------------------------------------------------
A more recent version of Flyway is available. Find out more about Flyway 13.4.0 at https://rd.gt/3rXiSlV
--------------------------------------------------------------------------------------------------------
Next: run  cello status  to confirm 'alice' is registered.
  • it's normal for this to take a minute or two while registration settles.
  • ready = the agent shows state 'online' and directory_signaling 'connected'.
  • if it stays offline, run  cello logout  then  cello login.
Next: run  cello status  to confirm 'bob' is registered.
  • it's normal for this to take a minute or two while registration settles.
  • ready = the agent shows state 'online' and directory_signaling 'connected'.
  • if it stays offline, run  cello logout  then  cello login.
Next: run  cello status  to confirm 'carol' is registered.
  • it's normal for this to take a minute or two while registration settles.
  • ready = the agent shows state 'online' and directory_signaling 'connected'.
  • if it stays offline, run  cello logout  then  cello login.
{"event":"notification.channel.forwarded","type":"agent_state_changed","agent":"alice"}
{"event":"notification.channel.forwarded","type":"agent_current_changed","agent":"bob"}
{"event":"notification.channel.forwarded","type":"agent_current_changed","agent":"alice"}
{"event":"notification.channel.forwarded","type":"session_state_changed","agent":"bob"}
{"event":"notification.channel.forwarded","type":"agent_current_changed","agent":"carol"}
{"event":"notification.channel.forwarded","type":"session_state_changed","agent":"bob"}
 ✓ src/spine/j-trust-journey.spine.test.ts (1 test) 47239ms
   ✓ J-TRUST-JOURNEY — DOD-T2-JOURNEY-1: live signal presentation→consumption→floor > A (phone+email holder) presents to KNOWN contact B; B sees correct framing; C (stranger, no signals) fails the floor  17543ms
 Container trustless-cello-postgres-1  Running
 Container trustless-cello-postgres-1  Waiting
 Container trustless-cello-postgres-1  Healthy
DROP DATABASE
CREATE DATABASE
 Container trustless-cello-postgres-1  Running
OpenJDK 64-Bit Server VM warning: Unable to get SVE vector length on this system. Disabling SVE. Specify -XX:UseSVE=0 to shun this warning.
Flyway OSS Edition 11.13.2 by Redgate

See release notes here: https://rd.gt/416ObMi
Database: jdbc:postgresql://postgres:5432/cello_spine_0 (PostgreSQL 18.4)
WARNING: Using PostgreSQL 18.4 which is newer than the version Flyway has been verified with. The latest verified version of PostgreSQL is 17.
Schema history table "public"."flyway_schema_history" does not exist yet
Successfully validated 64 migrations (execution time 00:00.042s)
Creating Schema History table "public"."flyway_schema_history" ...
Current version of schema "public": << Empty Schema >>
WARNING: DB: relation "notification_queue" already exists, skipping (SQL State: 42P07 - Error Code: 0)
DB: policy "delete_own" for relation "notification_queue" does not exist, skipping
DB: policy "select_by_pubkey" for relation "notification_queue" does not exist, skipping
DB: policy "delete_by_pubkey" for relation "notification_queue" does not exist, skipping
WARNING: DB: relation "pending_connection_requests" already exists, skipping (SQL State: 42P07 - Error Code: 0)
DB: policy "delete_own" for relation "pending_connection_requests" does not exist, skipping
DB: policy "delete_all" for relation "pending_connection_requests" does not exist, skipping
DB: policy "insert_only" for relation "pending_notifications" does not exist, skipping
DB: policy "select_all" for relation "pending_notifications" does not exist, skipping
DB: policy "delete_all" for relation "pending_notifications" does not exist, skipping
DB: policy "select_by_recipient" for relation "pending_notifications" does not exist, skipping
DB: policy "delete_by_recipient" for relation "pending_notifications" does not exist, skipping
DB: policy "insert_only" for relation "agent_revocations" does not exist, skipping
DB: policy "select_all" for relation "agent_revocations" does not exist, skipping
DB: policy "insert_only" for relation "agent_account_links" does not exist, skipping
DB: policy "select_all" for relation "agent_account_links" does not exist, skipping
DB: policy "insert_only" for relation "account_email_stubs" does not exist, skipping
DB: policy "select_all" for relation "account_email_stubs" does not exist, skipping
DB: policy "insert_only" for relation "signal_revocations" does not exist, skipping
DB: policy "select_all" for relation "signal_revocations" does not exist, skipping
Successfully applied 64 migrations to schema "public", now at version v64 (execution time 00:00.281s)

--------------------------------------------------------------------------------------------------------
A more recent version of Flyway is available. Find out more about Flyway 13.4.0 at https://rd.gt/3rXiSlV
--------------------------------------------------------------------------------------------------------
DROP DATABASE
CREATE DATABASE
 Container trustless-cello-postgres-1  Running
OpenJDK 64-Bit Server VM warning: Unable to get SVE vector length on this system. Disabling SVE. Specify -XX:UseSVE=0 to shun this warning.
Flyway OSS Edition 11.13.2 by Redgate

See release notes here: https://rd.gt/416ObMi
Database: jdbc:postgresql://postgres:5432/cello_spine_1 (PostgreSQL 18.4)
WARNING: Using PostgreSQL 18.4 which is newer than the version Flyway has been verified with. The latest verified version of PostgreSQL is 17.
Schema history table "public"."flyway_schema_history" does not exist yet
Successfully validated 64 migrations (execution time 00:00.037s)
Creating Schema History table "public"."flyway_schema_history" ...
Current version of schema "public": << Empty Schema >>
WARNING: DB: relation "notification_queue" already exists, skipping (SQL State: 42P07 - Error Code: 0)
DB: policy "delete_own" for relation "notification_queue" does not exist, skipping
DB: policy "select_by_pubkey" for relation "notification_queue" does not exist, skipping
DB: policy "delete_by_pubkey" for relation "notification_queue" does not exist, skipping
WARNING: DB: relation "pending_connection_requests" already exists, skipping (SQL State: 42P07 - Error Code: 0)
DB: policy "delete_own" for relation "pending_connection_requests" does not exist, skipping
DB: policy "delete_all" for relation "pending_connection_requests" does not exist, skipping
DB: policy "insert_only" for relation "pending_notifications" does not exist, skipping
DB: policy "select_all" for relation "pending_notifications" does not exist, skipping
DB: policy "delete_all" for relation "pending_notifications" does not exist, skipping
DB: policy "select_by_recipient" for relation "pending_notifications" does not exist, skipping
DB: policy "delete_by_recipient" for relation "pending_notifications" does not exist, skipping
DB: policy "insert_only" for relation "agent_revocations" does not exist, skipping
DB: policy "select_all" for relation "agent_revocations" does not exist, skipping
DB: policy "insert_only" for relation "agent_account_links" does not exist, skipping
DB: policy "select_all" for relation "agent_account_links" does not exist, skipping
DB: policy "insert_only" for relation "account_email_stubs" does not exist, skipping
DB: policy "select_all" for relation "account_email_stubs" does not exist, skipping
DB: policy "insert_only" for relation "signal_revocations" does not exist, skipping
DB: policy "select_all" for relation "signal_revocations" does not exist, skipping
Successfully applied 64 migrations to schema "public", now at version v64 (execution time 00:00.307s)

--------------------------------------------------------------------------------------------------------
A more recent version of Flyway is available. Find out more about Flyway 13.4.0 at https://rd.gt/3rXiSlV
--------------------------------------------------------------------------------------------------------
DROP DATABASE
CREATE DATABASE
 Container trustless-cello-postgres-1  Running
OpenJDK 64-Bit Server VM warning: Unable to get SVE vector length on this system. Disabling SVE. Specify -XX:UseSVE=0 to shun this warning.
Flyway OSS Edition 11.13.2 by Redgate

See release notes here: https://rd.gt/416ObMi
Database: jdbc:postgresql://postgres:5432/cello_spine_2 (PostgreSQL 18.4)
WARNING: Using PostgreSQL 18.4 which is newer than the version Flyway has been verified with. The latest verified version of PostgreSQL is 17.
Schema history table "public"."flyway_schema_history" does not exist yet
Successfully validated 64 migrations (execution time 00:00.030s)
Creating Schema History table "public"."flyway_schema_history" ...
Current version of schema "public": << Empty Schema >>
WARNING: DB: relation "notification_queue" already exists, skipping (SQL State: 42P07 - Error Code: 0)
DB: policy "delete_own" for relation "notification_queue" does not exist, skipping
DB: policy "select_by_pubkey" for relation "notification_queue" does not exist, skipping
DB: policy "delete_by_pubkey" for relation "notification_queue" does not exist, skipping
WARNING: DB: relation "pending_connection_requests" already exists, skipping (SQL State: 42P07 - Error Code: 0)
DB: policy "delete_own" for relation "pending_connection_requests" does not exist, skipping
DB: policy "delete_all" for relation "pending_connection_requests" does not exist, skipping
DB: policy "insert_only" for relation "pending_notifications" does not exist, skipping
DB: policy "select_all" for relation "pending_notifications" does not exist, skipping
DB: policy "delete_all" for relation "pending_notifications" does not exist, skipping
DB: policy "select_by_recipient" for relation "pending_notifications" does not exist, skipping
DB: policy "delete_by_recipient" for relation "pending_notifications" does not exist, skipping
DB: policy "insert_only" for relation "agent_revocations" does not exist, skipping
DB: policy "select_all" for relation "agent_revocations" does not exist, skipping
DB: policy "insert_only" for relation "agent_account_links" does not exist, skipping
DB: policy "select_all" for relation "agent_account_links" does not exist, skipping
DB: policy "insert_only" for relation "account_email_stubs" does not exist, skipping
DB: policy "select_all" for relation "account_email_stubs" does not exist, skipping
DB: policy "insert_only" for relation "signal_revocations" does not exist, skipping
DB: policy "select_all" for relation "signal_revocations" does not exist, skipping
Successfully applied 64 migrations to schema "public", now at version v64 (execution time 00:00.288s)

--------------------------------------------------------------------------------------------------------
A more recent version of Flyway is available. Find out more about Flyway 13.4.0 at https://rd.gt/3rXiSlV
--------------------------------------------------------------------------------------------------------
Next: run  cello status  to confirm 'agentA' is registered.
  • it's normal for this to take a minute or two while registration settles.
  • ready = the agent shows state 'online' and directory_signaling 'connected'.
  • if it stays offline, run  cello logout  then  cello login.
Next: run  cello status  to confirm 'agentB' is registered.
  • it's normal for this to take a minute or two while registration settles.
  • ready = the agent shows state 'online' and directory_signaling 'connected'.
  • if it stays offline, run  cello logout  then  cello login.
{"event":"notification.channel.forwarded","type":"agent_current_changed","agent":"agentA"}
{"event":"notification.channel.forwarded","type":"agent_current_changed","agent":"agentB"}
{"event":"notification.channel.forwarded","type":"session_state_changed","agent":"agentB"}
{"event":"notification.channel.forwarded","type":"cello_message","agent":"agentB"}
{"event":"notification.channel.forwarded","type":"cello_message","agent":"agentA"}
{"event":"notification.channel.forwarded","type":"cello_message","agent":"agentB"}
{"event":"notification.channel.forwarded","type":"agent_current_changed","agent":"agentB"}
 ✓ src/spine/j-persist.spine.test.ts (1 test) 63498ms
   ✓ J-PERSIST — durable encrypted transcript survives restart (DOD-LOG-1) > A↔B exchange → kill+restart B's daemon → B reads the full transcript back in order; relay/directory never saw plaintext  5424ms
 Container trustless-cello-postgres-1  Running
 Container trustless-cello-postgres-1  Waiting
 Container trustless-cello-postgres-1  Healthy
DROP DATABASE
CREATE DATABASE
 Container trustless-cello-postgres-1  Running
OpenJDK 64-Bit Server VM warning: Unable to get SVE vector length on this system. Disabling SVE. Specify -XX:UseSVE=0 to shun this warning.
Flyway OSS Edition 11.13.2 by Redgate

See release notes here: https://rd.gt/416ObMi
Database: jdbc:postgresql://postgres:5432/cello_spine_0 (PostgreSQL 18.4)
WARNING: Using PostgreSQL 18.4 which is newer than the version Flyway has been verified with. The latest verified version of PostgreSQL is 17.
Schema history table "public"."flyway_schema_history" does not exist yet
Successfully validated 64 migrations (execution time 00:00.026s)
Creating Schema History table "public"."flyway_schema_history" ...
Current version of schema "public": << Empty Schema >>
WARNING: DB: relation "notification_queue" already exists, skipping (SQL State: 42P07 - Error Code: 0)
DB: policy "delete_own" for relation "notification_queue" does not exist, skipping
DB: policy "select_by_pubkey" for relation "notification_queue" does not exist, skipping
DB: policy "delete_by_pubkey" for relation "notification_queue" does not exist, skipping
WARNING: DB: relation "pending_connection_requests" already exists, skipping (SQL State: 42P07 - Error Code: 0)
DB: policy "delete_own" for relation "pending_connection_requests" does not exist, skipping
DB: policy "delete_all" for relation "pending_connection_requests" does not exist, skipping
DB: policy "insert_only" for relation "pending_notifications" does not exist, skipping
DB: policy "select_all" for relation "pending_notifications" does not exist, skipping
DB: policy "delete_all" for relation "pending_notifications" does not exist, skipping
DB: policy "select_by_recipient" for relation "pending_notifications" does not exist, skipping
DB: policy "delete_by_recipient" for relation "pending_notifications" does not exist, skipping
DB: policy "insert_only" for relation "agent_revocations" does not exist, skipping
DB: policy "select_all" for relation "agent_revocations" does not exist, skipping
DB: policy "insert_only" for relation "agent_account_links" does not exist, skipping
DB: policy "select_all" for relation "agent_account_links" does not exist, skipping
DB: policy "insert_only" for relation "account_email_stubs" does not exist, skipping
DB: policy "select_all" for relation "account_email_stubs" does not exist, skipping
DB: policy "insert_only" for relation "signal_revocations" does not exist, skipping
DB: policy "select_all" for relation "signal_revocations" does not exist, skipping
Successfully applied 64 migrations to schema "public", now at version v64 (execution time 00:00.226s)

--------------------------------------------------------------------------------------------------------
A more recent version of Flyway is available. Find out more about Flyway 13.4.0 at https://rd.gt/3rXiSlV
--------------------------------------------------------------------------------------------------------
DROP DATABASE
CREATE DATABASE
 Container trustless-cello-postgres-1  Running
OpenJDK 64-Bit Server VM warning: Unable to get SVE vector length on this system. Disabling SVE. Specify -XX:UseSVE=0 to shun this warning.
Flyway OSS Edition 11.13.2 by Redgate

See release notes here: https://rd.gt/416ObMi
Database: jdbc:postgresql://postgres:5432/cello_spine_1 (PostgreSQL 18.4)
WARNING: Using PostgreSQL 18.4 which is newer than the version Flyway has been verified with. The latest verified version of PostgreSQL is 17.
Schema history table "public"."flyway_schema_history" does not exist yet
Successfully validated 64 migrations (execution time 00:00.060s)
Creating Schema History table "public"."flyway_schema_history" ...
Current version of schema "public": << Empty Schema >>
WARNING: DB: relation "notification_queue" already exists, skipping (SQL State: 42P07 - Error Code: 0)
DB: policy "delete_own" for relation "notification_queue" does not exist, skipping
DB: policy "select_by_pubkey" for relation "notification_queue" does not exist, skipping
DB: policy "delete_by_pubkey" for relation "notification_queue" does not exist, skipping
WARNING: DB: relation "pending_connection_requests" already exists, skipping (SQL State: 42P07 - Error Code: 0)
DB: policy "delete_own" for relation "pending_connection_requests" does not exist, skipping
DB: policy "delete_all" for relation "pending_connection_requests" does not exist, skipping
DB: policy "insert_only" for relation "pending_notifications" does not exist, skipping
DB: policy "select_all" for relation "pending_notifications" does not exist, skipping
DB: policy "delete_all" for relation "pending_notifications" does not exist, skipping
DB: policy "select_by_recipient" for relation "pending_notifications" does not exist, skipping
DB: policy "delete_by_recipient" for relation "pending_notifications" does not exist, skipping
DB: policy "insert_only" for relation "agent_revocations" does not exist, skipping
DB: policy "select_all" for relation "agent_revocations" does not exist, skipping
DB: policy "insert_only" for relation "agent_account_links" does not exist, skipping
DB: policy "select_all" for relation "agent_account_links" does not exist, skipping
DB: policy "insert_only" for relation "account_email_stubs" does not exist, skipping
DB: policy "select_all" for relation "account_email_stubs" does not exist, skipping
DB: policy "insert_only" for relation "signal_revocations" does not exist, skipping
DB: policy "select_all" for relation "signal_revocations" does not exist, skipping
Successfully applied 64 migrations to schema "public", now at version v64 (execution time 00:00.286s)

--------------------------------------------------------------------------------------------------------
A more recent version of Flyway is available. Find out more about Flyway 13.4.0 at https://rd.gt/3rXiSlV
--------------------------------------------------------------------------------------------------------
DROP DATABASE
CREATE DATABASE
 Container trustless-cello-postgres-1  Running
OpenJDK 64-Bit Server VM warning: Unable to get SVE vector length on this system. Disabling SVE. Specify -XX:UseSVE=0 to shun this warning.
Flyway OSS Edition 11.13.2 by Redgate

See release notes here: https://rd.gt/416ObMi
Database: jdbc:postgresql://postgres:5432/cello_spine_2 (PostgreSQL 18.4)
WARNING: Using PostgreSQL 18.4 which is newer than the version Flyway has been verified with. The latest verified version of PostgreSQL is 17.
Schema history table "public"."flyway_schema_history" does not exist yet
Successfully validated 64 migrations (execution time 00:00.047s)
Creating Schema History table "public"."flyway_schema_history" ...
Current version of schema "public": << Empty Schema >>
WARNING: DB: relation "notification_queue" already exists, skipping (SQL State: 42P07 - Error Code: 0)
DB: policy "delete_own" for relation "notification_queue" does not exist, skipping
DB: policy "select_by_pubkey" for relation "notification_queue" does not exist, skipping
DB: policy "delete_by_pubkey" for relation "notification_queue" does not exist, skipping
WARNING: DB: relation "pending_connection_requests" already exists, skipping (SQL State: 42P07 - Error Code: 0)
DB: policy "delete_own" for relation "pending_connection_requests" does not exist, skipping
DB: policy "delete_all" for relation "pending_connection_requests" does not exist, skipping
DB: policy "insert_only" for relation "pending_notifications" does not exist, skipping
DB: policy "select_all" for relation "pending_notifications" does not exist, skipping
DB: policy "delete_all" for relation "pending_notifications" does not exist, skipping
DB: policy "select_by_recipient" for relation "pending_notifications" does not exist, skipping
DB: policy "delete_by_recipient" for relation "pending_notifications" does not exist, skipping
DB: policy "insert_only" for relation "agent_revocations" does not exist, skipping
DB: policy "select_all" for relation "agent_revocations" does not exist, skipping
DB: policy "insert_only" for relation "agent_account_links" does not exist, skipping
DB: policy "select_all" for relation "agent_account_links" does not exist, skipping
DB: policy "insert_only" for relation "account_email_stubs" does not exist, skipping
DB: policy "select_all" for relation "account_email_stubs" does not exist, skipping
DB: policy "insert_only" for relation "signal_revocations" does not exist, skipping
DB: policy "select_all" for relation "signal_revocations" does not exist, skipping
Successfully applied 64 migrations to schema "public", now at version v64 (execution time 00:00.333s)

--------------------------------------------------------------------------------------------------------
A more recent version of Flyway is available. Find out more about Flyway 13.4.0 at https://rd.gt/3rXiSlV
--------------------------------------------------------------------------------------------------------
Next: run  cello status  to confirm 'agentA' is registered.
  • it's normal for this to take a minute or two while registration settles.
  • ready = the agent shows state 'online' and directory_signaling 'connected'.
  • if it stays offline, run  cello logout  then  cello login.
Next: run  cello status  to confirm 'agentB' is registered.
  • it's normal for this to take a minute or two while registration settles.
  • ready = the agent shows state 'online' and directory_signaling 'connected'.
  • if it stays offline, run  cello logout  then  cello login.
{"event":"notification.channel.forwarded","type":"agent_current_changed","agent":"agentA"}
{"event":"notification.channel.forwarded","type":"agent_current_changed","agent":"agentB"}
{"event":"notification.channel.forwarded","type":"session_state_changed","agent":"agentB"}
{"event":"notification.channel.forwarded","type":"cello_message","agent":"agentB"}
cello-mcp: daemon connection lost — reconnecting…
 ❯ src/spine/j-upgrade-bilateral.spine.test.ts (1 test | 1 failed) 63402ms
   × J-UPGRADE-001 — unilateral → bilateral upgrade on the absent party's return (DOD-UP-1) > B killed → A seals UNILATERAL → B returns, recovers+verifies, RATIFIES → directory records a superseding BILATERAL notarization over the same root 6214ms
     → seal must be unilateral (B was gone):
close: {"ok":true,"session_id":"85e60783578bca40cfeabd4f5ea35510","seal_status":"committed","guidance":"Your SEAL commitment for session 85e60783578bca40cfeabd4f5ea35510 is recorded and the notarization is now running in the background. The receipt is NOT YET available: the seal completes as soon as the counterparty also closes, and if they never do it escalates to a unilateral seal after about 1 minutes. Fetch it with cello_sealed_receipt (session_id 85e60783578bca40cfeabd4f5ea35510) — an empty answer before then means \"still running\", not \"failed\". Do NOT re-close with force:true to hurry it: forcing ABANDONS the session and forfeits the receipt this is earning, which is exactly how seventeen sessions were lost when this call used to block. If the daemon restarts before the seal finishes, it resumes the notarization on its next start."}
--- directory ---
: expected undefined to be 'unilateral' // Object.is equality
 Container trustless-cello-postgres-1  Running
 Container trustless-cello-postgres-1  Waiting
 Container trustless-cello-postgres-1  Healthy
DROP DATABASE
CREATE DATABASE
 Container trustless-cello-postgres-1  Running
OpenJDK 64-Bit Server VM warning: Unable to get SVE vector length on this system. Disabling SVE. Specify -XX:UseSVE=0 to shun this warning.
Flyway OSS Edition 11.13.2 by Redgate

See release notes here: https://rd.gt/416ObMi
Database: jdbc:postgresql://postgres:5432/cello_spine_0 (PostgreSQL 18.4)
WARNING: Using PostgreSQL 18.4 which is newer than the version Flyway has been verified with. The latest verified version of PostgreSQL is 17.
Schema history table "public"."flyway_schema_history" does not exist yet
Successfully validated 64 migrations (execution time 00:00.027s)
Creating Schema History table "public"."flyway_schema_history" ...
Current version of schema "public": << Empty Schema >>
WARNING: DB: relation "notification_queue" already exists, skipping (SQL State: 42P07 - Error Code: 0)
DB: policy "delete_own" for relation "notification_queue" does not exist, skipping
DB: policy "select_by_pubkey" for relation "notification_queue" does not exist, skipping
DB: policy "delete_by_pubkey" for relation "notification_queue" does not exist, skipping
WARNING: DB: relation "pending_connection_requests" already exists, skipping (SQL State: 42P07 - Error Code: 0)
DB: policy "delete_own" for relation "pending_connection_requests" does not exist, skipping
DB: policy "delete_all" for relation "pending_connection_requests" does not exist, skipping
DB: policy "insert_only" for relation "pending_notifications" does not exist, skipping
DB: policy "select_all" for relation "pending_notifications" does not exist, skipping
DB: policy "delete_all" for relation "pending_notifications" does not exist, skipping
DB: policy "select_by_recipient" for relation "pending_notifications" does not exist, skipping
DB: policy "delete_by_recipient" for relation "pending_notifications" does not exist, skipping
DB: policy "insert_only" for relation "agent_revocations" does not exist, skipping
DB: policy "select_all" for relation "agent_revocations" does not exist, skipping
DB: policy "insert_only" for relation "agent_account_links" does not exist, skipping
DB: policy "select_all" for relation "agent_account_links" does not exist, skipping
DB: policy "insert_only" for relation "account_email_stubs" does not exist, skipping
DB: policy "select_all" for relation "account_email_stubs" does not exist, skipping
DB: policy "insert_only" for relation "signal_revocations" does not exist, skipping
DB: policy "select_all" for relation "signal_revocations" does not exist, skipping
Successfully applied 64 migrations to schema "public", now at version v64 (execution time 00:00.211s)
DROP DATABASE
CREATE DATABASE
 Container trustless-cello-postgres-1  Running
OpenJDK 64-Bit Server VM warning: Unable to get SVE vector length on this system. Disabling SVE. Specify -XX:UseSVE=0 to shun this warning.
Flyway OSS Edition 11.13.2 by Redgate

See release notes here: https://rd.gt/416ObMi
Database: jdbc:postgresql://postgres:5432/cello_spine_1 (PostgreSQL 18.4)
WARNING: Using PostgreSQL 18.4 which is newer than the version Flyway has been verified with. The latest verified version of PostgreSQL is 17.
Schema history table "public"."flyway_schema_history" does not exist yet
Successfully validated 64 migrations (execution time 00:00.027s)
Creating Schema History table "public"."flyway_schema_history" ...
Current version of schema "public": << Empty Schema >>
WARNING: DB: relation "notification_queue" already exists, skipping (SQL State: 42P07 - Error Code: 0)
DB: policy "delete_own" for relation "notification_queue" does not exist, skipping
DB: policy "select_by_pubkey" for relation "notification_queue" does not exist, skipping
DB: policy "delete_by_pubkey" for relation "notification_queue" does not exist, skipping
WARNING: DB: relation "pending_connection_requests" already exists, skipping (SQL State: 42P07 - Error Code: 0)
DB: policy "delete_own" for relation "pending_connection_requests" does not exist, skipping
DB: policy "delete_all" for relation "pending_connection_requests" does not exist, skipping
DB: policy "insert_only" for relation "pending_notifications" does not exist, skipping
DB: policy "select_all" for relation "pending_notifications" does not exist, skipping
DB: policy "delete_all" for relation "pending_notifications" does not exist, skipping
DB: policy "select_by_recipient" for relation "pending_notifications" does not exist, skipping
DB: policy "delete_by_recipient" for relation "pending_notifications" does not exist, skipping
DB: policy "insert_only" for relation "agent_revocations" does not exist, skipping
DB: policy "select_all" for relation "agent_revocations" does not exist, skipping
DB: policy "insert_only" for relation "agent_account_links" does not exist, skipping
DB: policy "select_all" for relation "agent_account_links" does not exist, skipping
DB: policy "insert_only" for relation "account_email_stubs" does not exist, skipping
DB: policy "select_all" for relation "account_email_stubs" does not exist, skipping
DB: policy "insert_only" for relation "signal_revocations" does not exist, skipping
DB: policy "select_all" for relation "signal_revocations" does not exist, skipping
Successfully applied 64 migrations to schema "public", now at version v64 (execution time 00:00.258s)

--------------------------------------------------------------------------------------------------------
A more recent version of Flyway is available. Find out more about Flyway 13.4.0 at https://rd.gt/3rXiSlV
--------------------------------------------------------------------------------------------------------
DROP DATABASE
CREATE DATABASE
 Container trustless-cello-postgres-1  Running
OpenJDK 64-Bit Server VM warning: Unable to get SVE vector length on this system. Disabling SVE. Specify -XX:UseSVE=0 to shun this warning.
Flyway OSS Edition 11.13.2 by Redgate

See release notes here: https://rd.gt/416ObMi
Database: jdbc:postgresql://postgres:5432/cello_spine_2 (PostgreSQL 18.4)
WARNING: Using PostgreSQL 18.4 which is newer than the version Flyway has been verified with. The latest verified version of PostgreSQL is 17.
Schema history table "public"."flyway_schema_history" does not exist yet
Successfully validated 64 migrations (execution time 00:00.030s)
Creating Schema History table "public"."flyway_schema_history" ...
Current version of schema "public": << Empty Schema >>
WARNING: DB: relation "notification_queue" already exists, skipping (SQL State: 42P07 - Error Code: 0)
DB: policy "delete_own" for relation "notification_queue" does not exist, skipping
DB: policy "select_by_pubkey" for relation "notification_queue" does not exist, skipping
DB: policy "delete_by_pubkey" for relation "notification_queue" does not exist, skipping
WARNING: DB: relation "pending_connection_requests" already exists, skipping (SQL State: 42P07 - Error Code: 0)
DB: policy "delete_own" for relation "pending_connection_requests" does not exist, skipping
DB: policy "delete_all" for relation "pending_connection_requests" does not exist, skipping
DB: policy "insert_only" for relation "pending_notifications" does not exist, skipping
DB: policy "select_all" for relation "pending_notifications" does not exist, skipping
DB: policy "delete_all" for relation "pending_notifications" does not exist, skipping
DB: policy "select_by_recipient" for relation "pending_notifications" does not exist, skipping
DB: policy "delete_by_recipient" for relation "pending_notifications" does not exist, skipping
DB: policy "insert_only" for relation "agent_revocations" does not exist, skipping
DB: policy "select_all" for relation "agent_revocations" does not exist, skipping
DB: policy "insert_only" for relation "agent_account_links" does not exist, skipping
DB: policy "select_all" for relation "agent_account_links" does not exist, skipping
DB: policy "insert_only" for relation "account_email_stubs" does not exist, skipping
DB: policy "select_all" for relation "account_email_stubs" does not exist, skipping
DB: policy "insert_only" for relation "signal_revocations" does not exist, skipping
DB: policy "select_all" for relation "signal_revocations" does not exist, skipping
Successfully applied 64 migrations to schema "public", now at version v64 (execution time 00:00.279s)

--------------------------------------------------------------------------------------------------------
A more recent version of Flyway is available. Find out more about Flyway 13.4.0 at https://rd.gt/3rXiSlV
--------------------------------------------------------------------------------------------------------
Next: run  cello status  to confirm 'agentA' is registered.
  • it's normal for this to take a minute or two while registration settles.
  • ready = the agent shows state 'online' and directory_signaling 'connected'.
  • if it stays offline, run  cello logout  then  cello login.
Next: run  cello status  to confirm 'agentB' is registered.
  • it's normal for this to take a minute or two while registration settles.
  • ready = the agent shows state 'online' and directory_signaling 'connected'.
  • if it stays offline, run  cello logout  then  cello login.
{"event":"notification.channel.forwarded","type":"agent_current_changed","agent":"agentA"}
{"event":"notification.channel.forwarded","type":"agent_current_changed","agent":"agentB"}
{"event":"notification.channel.forwarded","type":"session_state_changed","agent":"agentB"}
{"event":"notification.channel.forwarded","type":"cello_message","agent":"agentB"}
 ✓ src/spine/j-optionb-setup.spine.test.ts (1 test) 61378ms
   ✓ J-OPTIONB-SETUP — any-relay/any-directory session setup (DOD-OPTIONB-SETUP-1) > a session established through a NON-node-0 directory is recorded on the relay by the CLIENT (no directory→relay dial)  3613ms
 Container trustless-cello-postgres-1  Running
 Container trustless-cello-postgres-1  Waiting
 Container trustless-cello-postgres-1  Healthy
DROP DATABASE
CREATE DATABASE
 Container trustless-cello-postgres-1  Running
OpenJDK 64-Bit Server VM warning: Unable to get SVE vector length on this system. Disabling SVE. Specify -XX:UseSVE=0 to shun this warning.
Flyway OSS Edition 11.13.2 by Redgate

See release notes here: https://rd.gt/416ObMi
Database: jdbc:postgresql://postgres:5432/cello_spine_0 (PostgreSQL 18.4)
WARNING: Using PostgreSQL 18.4 which is newer than the version Flyway has been verified with. The latest verified version of PostgreSQL is 17.
Schema history table "public"."flyway_schema_history" does not exist yet
Successfully validated 64 migrations (execution time 00:00.023s)
Creating Schema History table "public"."flyway_schema_history" ...
Current version of schema "public": << Empty Schema >>
WARNING: DB: relation "notification_queue" already exists, skipping (SQL State: 42P07 - Error Code: 0)
DB: policy "delete_own" for relation "notification_queue" does not exist, skipping
DB: policy "select_by_pubkey" for relation "notification_queue" does not exist, skipping
DB: policy "delete_by_pubkey" for relation "notification_queue" does not exist, skipping
WARNING: DB: relation "pending_connection_requests" already exists, skipping (SQL State: 42P07 - Error Code: 0)
DB: policy "delete_own" for relation "pending_connection_requests" does not exist, skipping
DB: policy "delete_all" for relation "pending_connection_requests" does not exist, skipping
DB: policy "insert_only" for relation "pending_notifications" does not exist, skipping
DB: policy "select_all" for relation "pending_notifications" does not exist, skipping
DB: policy "delete_all" for relation "pending_notifications" does not exist, skipping
DB: policy "select_by_recipient" for relation "pending_notifications" does not exist, skipping
DB: policy "delete_by_recipient" for relation "pending_notifications" does not exist, skipping
DB: policy "insert_only" for relation "agent_revocations" does not exist, skipping
DB: policy "select_all" for relation "agent_revocations" does not exist, skipping
DB: policy "insert_only" for relation "agent_account_links" does not exist, skipping
DB: policy "select_all" for relation "agent_account_links" does not exist, skipping
DB: policy "insert_only" for relation "account_email_stubs" does not exist, skipping
DB: policy "select_all" for relation "account_email_stubs" does not exist, skipping
DB: policy "insert_only" for relation "signal_revocations" does not exist, skipping
DB: policy "select_all" for relation "signal_revocations" does not exist, skipping
Successfully applied 64 migrations to schema "public", now at version v64 (execution time 00:00.244s)
DROP DATABASE
CREATE DATABASE
 Container trustless-cello-postgres-1  Running
OpenJDK 64-Bit Server VM warning: Unable to get SVE vector length on this system. Disabling SVE. Specify -XX:UseSVE=0 to shun this warning.
Flyway OSS Edition 11.13.2 by Redgate

See release notes here: https://rd.gt/416ObMi
Database: jdbc:postgresql://postgres:5432/cello_spine_1 (PostgreSQL 18.4)
WARNING: Using PostgreSQL 18.4 which is newer than the version Flyway has been verified with. The latest verified version of PostgreSQL is 17.
Schema history table "public"."flyway_schema_history" does not exist yet
Successfully validated 64 migrations (execution time 00:00.026s)
Creating Schema History table "public"."flyway_schema_history" ...
Current version of schema "public": << Empty Schema >>
WARNING: DB: relation "notification_queue" already exists, skipping (SQL State: 42P07 - Error Code: 0)
DB: policy "delete_own" for relation "notification_queue" does not exist, skipping
DB: policy "select_by_pubkey" for relation "notification_queue" does not exist, skipping
DB: policy "delete_by_pubkey" for relation "notification_queue" does not exist, skipping
WARNING: DB: relation "pending_connection_requests" already exists, skipping (SQL State: 42P07 - Error Code: 0)
DB: policy "delete_own" for relation "pending_connection_requests" does not exist, skipping
DB: policy "delete_all" for relation "pending_connection_requests" does not exist, skipping
DB: policy "insert_only" for relation "pending_notifications" does not exist, skipping
DB: policy "select_all" for relation "pending_notifications" does not exist, skipping
DB: policy "delete_all" for relation "pending_notifications" does not exist, skipping
DB: policy "select_by_recipient" for relation "pending_notifications" does not exist, skipping
DB: policy "delete_by_recipient" for relation "pending_notifications" does not exist, skipping
DB: policy "insert_only" for relation "agent_revocations" does not exist, skipping
DB: policy "select_all" for relation "agent_revocations" does not exist, skipping
DB: policy "insert_only" for relation "agent_account_links" does not exist, skipping
DB: policy "select_all" for relation "agent_account_links" does not exist, skipping
DB: policy "insert_only" for relation "account_email_stubs" does not exist, skipping
DB: policy "select_all" for relation "account_email_stubs" does not exist, skipping
DB: policy "insert_only" for relation "signal_revocations" does not exist, skipping
DB: policy "select_all" for relation "signal_revocations" does not exist, skipping
Successfully applied 64 migrations to schema "public", now at version v64 (execution time 00:00.236s)

--------------------------------------------------------------------------------------------------------
A more recent version of Flyway is available. Find out more about Flyway 13.4.0 at https://rd.gt/3rXiSlV
--------------------------------------------------------------------------------------------------------
DROP DATABASE
CREATE DATABASE
 Container trustless-cello-postgres-1  Running
OpenJDK 64-Bit Server VM warning: Unable to get SVE vector length on this system. Disabling SVE. Specify -XX:UseSVE=0 to shun this warning.
Flyway OSS Edition 11.13.2 by Redgate

See release notes here: https://rd.gt/416ObMi
Database: jdbc:postgresql://postgres:5432/cello_spine_2 (PostgreSQL 18.4)
WARNING: Using PostgreSQL 18.4 which is newer than the version Flyway has been verified with. The latest verified version of PostgreSQL is 17.
Schema history table "public"."flyway_schema_history" does not exist yet
Successfully validated 64 migrations (execution time 00:00.032s)
Creating Schema History table "public"."flyway_schema_history" ...
Current version of schema "public": << Empty Schema >>
WARNING: DB: relation "notification_queue" already exists, skipping (SQL State: 42P07 - Error Code: 0)
DB: policy "delete_own" for relation "notification_queue" does not exist, skipping
DB: policy "select_by_pubkey" for relation "notification_queue" does not exist, skipping
DB: policy "delete_by_pubkey" for relation "notification_queue" does not exist, skipping
WARNING: DB: relation "pending_connection_requests" already exists, skipping (SQL State: 42P07 - Error Code: 0)
DB: policy "delete_own" for relation "pending_connection_requests" does not exist, skipping
DB: policy "delete_all" for relation "pending_connection_requests" does not exist, skipping
DB: policy "insert_only" for relation "pending_notifications" does not exist, skipping
DB: policy "select_all" for relation "pending_notifications" does not exist, skipping
DB: policy "delete_all" for relation "pending_notifications" does not exist, skipping
DB: policy "select_by_recipient" for relation "pending_notifications" does not exist, skipping
DB: policy "delete_by_recipient" for relation "pending_notifications" does not exist, skipping
DB: policy "insert_only" for relation "agent_revocations" does not exist, skipping
DB: policy "select_all" for relation "agent_revocations" does not exist, skipping
DB: policy "insert_only" for relation "agent_account_links" does not exist, skipping
DB: policy "select_all" for relation "agent_account_links" does not exist, skipping
DB: policy "insert_only" for relation "account_email_stubs" does not exist, skipping
DB: policy "select_all" for relation "account_email_stubs" does not exist, skipping
DB: policy "insert_only" for relation "signal_revocations" does not exist, skipping
DB: policy "select_all" for relation "signal_revocations" does not exist, skipping
Successfully applied 64 migrations to schema "public", now at version v64 (execution time 00:00.279s)

--------------------------------------------------------------------------------------------------------
A more recent version of Flyway is available. Find out more about Flyway 13.4.0 at https://rd.gt/3rXiSlV
--------------------------------------------------------------------------------------------------------
Next: run  cello status  to confirm 'dkgagent' is registered.
  • it's normal for this to take a minute or two while registration settles.
  • ready = the agent shows state 'online' and directory_signaling 'connected'.
  • if it stays offline, run  cello logout  then  cello login.
Next: run  cello status  to confirm 'quorumagent' is registered.
  • it's normal for this to take a minute or two while registration settles.
  • ready = the agent shows state 'online' and directory_signaling 'connected'.
  • if it stays offline, run  cello logout  then  cello login.
 ✓ src/spine/j-tofn-dkg.spine.test.ts (2 tests) 61389ms
   ✓ J-TOFN-DKG — multi-node 2-of-3 FROST DKG (DOD-DKG-1) > registration fans the DKG ceremony to ALL 3 directory nodes (one group key)  3239ms
   ✓ J-TOFN-DKG — multi-node 2-of-3 FROST DKG (DOD-DKG-1) > quorum: kill one directory → registration still succeeds among the 2-node quorum (T=majority(3)=2)  4701ms
 Container trustless-cello-postgres-1  Running
 Container trustless-cello-postgres-1  Waiting
 Container trustless-cello-postgres-1  Healthy
DROP DATABASE
CREATE DATABASE
 Container trustless-cello-postgres-1  Running
OpenJDK 64-Bit Server VM warning: Unable to get SVE vector length on this system. Disabling SVE. Specify -XX:UseSVE=0 to shun this warning.
Flyway OSS Edition 11.13.2 by Redgate

See release notes here: https://rd.gt/416ObMi
Database: jdbc:postgresql://postgres:5432/cello_spine_0 (PostgreSQL 18.4)
WARNING: Using PostgreSQL 18.4 which is newer than the version Flyway has been verified with. The latest verified version of PostgreSQL is 17.
Schema history table "public"."flyway_schema_history" does not exist yet
Successfully validated 64 migrations (execution time 00:00.034s)
Creating Schema History table "public"."flyway_schema_history" ...
Current version of schema "public": << Empty Schema >>
WARNING: DB: relation "notification_queue" already exists, skipping (SQL State: 42P07 - Error Code: 0)
DB: policy "delete_own" for relation "notification_queue" does not exist, skipping
DB: policy "select_by_pubkey" for relation "notification_queue" does not exist, skipping
DB: policy "delete_by_pubkey" for relation "notification_queue" does not exist, skipping
WARNING: DB: relation "pending_connection_requests" already exists, skipping (SQL State: 42P07 - Error Code: 0)
DB: policy "delete_own" for relation "pending_connection_requests" does not exist, skipping
DB: policy "delete_all" for relation "pending_connection_requests" does not exist, skipping
DB: policy "insert_only" for relation "pending_notifications" does not exist, skipping
DB: policy "select_all" for relation "pending_notifications" does not exist, skipping
DB: policy "delete_all" for relation "pending_notifications" does not exist, skipping
DB: policy "select_by_recipient" for relation "pending_notifications" does not exist, skipping
DB: policy "delete_by_recipient" for relation "pending_notifications" does not exist, skipping
DB: policy "insert_only" for relation "agent_revocations" does not exist, skipping
DB: policy "select_all" for relation "agent_revocations" does not exist, skipping
DB: policy "insert_only" for relation "agent_account_links" does not exist, skipping
DB: policy "select_all" for relation "agent_account_links" does not exist, skipping
DB: policy "insert_only" for relation "account_email_stubs" does not exist, skipping
DB: policy "select_all" for relation "account_email_stubs" does not exist, skipping
DB: policy "insert_only" for relation "signal_revocations" does not exist, skipping
DB: policy "select_all" for relation "signal_revocations" does not exist, skipping
Successfully applied 64 migrations to schema "public", now at version v64 (execution time 00:00.213s)
DROP DATABASE
CREATE DATABASE
 Container trustless-cello-postgres-1  Running
OpenJDK 64-Bit Server VM warning: Unable to get SVE vector length on this system. Disabling SVE. Specify -XX:UseSVE=0 to shun this warning.
Flyway OSS Edition 11.13.2 by Redgate

See release notes here: https://rd.gt/416ObMi
Database: jdbc:postgresql://postgres:5432/cello_spine_1 (PostgreSQL 18.4)
WARNING: Using PostgreSQL 18.4 which is newer than the version Flyway has been verified with. The latest verified version of PostgreSQL is 17.
Schema history table "public"."flyway_schema_history" does not exist yet
Successfully validated 64 migrations (execution time 00:00.057s)
Creating Schema History table "public"."flyway_schema_history" ...
Current version of schema "public": << Empty Schema >>
WARNING: DB: relation "notification_queue" already exists, skipping (SQL State: 42P07 - Error Code: 0)
DB: policy "delete_own" for relation "notification_queue" does not exist, skipping
DB: policy "select_by_pubkey" for relation "notification_queue" does not exist, skipping
DB: policy "delete_by_pubkey" for relation "notification_queue" does not exist, skipping
WARNING: DB: relation "pending_connection_requests" already exists, skipping (SQL State: 42P07 - Error Code: 0)
DB: policy "delete_own" for relation "pending_connection_requests" does not exist, skipping
DB: policy "delete_all" for relation "pending_connection_requests" does not exist, skipping
DB: policy "insert_only" for relation "pending_notifications" does not exist, skipping
DB: policy "select_all" for relation "pending_notifications" does not exist, skipping
DB: policy "delete_all" for relation "pending_notifications" does not exist, skipping
DB: policy "select_by_recipient" for relation "pending_notifications" does not exist, skipping
DB: policy "delete_by_recipient" for relation "pending_notifications" does not exist, skipping
DB: policy "insert_only" for relation "agent_revocations" does not exist, skipping
DB: policy "select_all" for relation "agent_revocations" does not exist, skipping
DB: policy "insert_only" for relation "agent_account_links" does not exist, skipping
DB: policy "select_all" for relation "agent_account_links" does not exist, skipping
DB: policy "insert_only" for relation "account_email_stubs" does not exist, skipping
DB: policy "select_all" for relation "account_email_stubs" does not exist, skipping
DB: policy "insert_only" for relation "signal_revocations" does not exist, skipping
DB: policy "select_all" for relation "signal_revocations" does not exist, skipping
Successfully applied 64 migrations to schema "public", now at version v64 (execution time 00:00.290s)
DROP DATABASE
CREATE DATABASE
 Container trustless-cello-postgres-1  Running
OpenJDK 64-Bit Server VM warning: Unable to get SVE vector length on this system. Disabling SVE. Specify -XX:UseSVE=0 to shun this warning.
Flyway OSS Edition 11.13.2 by Redgate

See release notes here: https://rd.gt/416ObMi
Database: jdbc:postgresql://postgres:5432/cello_spine_2 (PostgreSQL 18.4)
WARNING: Using PostgreSQL 18.4 which is newer than the version Flyway has been verified with. The latest verified version of PostgreSQL is 17.
Schema history table "public"."flyway_schema_history" does not exist yet
Successfully validated 64 migrations (execution time 00:00.030s)
Creating Schema History table "public"."flyway_schema_history" ...
Current version of schema "public": << Empty Schema >>
WARNING: DB: relation "notification_queue" already exists, skipping (SQL State: 42P07 - Error Code: 0)
DB: policy "delete_own" for relation "notification_queue" does not exist, skipping
DB: policy "select_by_pubkey" for relation "notification_queue" does not exist, skipping
DB: policy "delete_by_pubkey" for relation "notification_queue" does not exist, skipping
WARNING: DB: relation "pending_connection_requests" already exists, skipping (SQL State: 42P07 - Error Code: 0)
DB: policy "delete_own" for relation "pending_connection_requests" does not exist, skipping
DB: policy "delete_all" for relation "pending_connection_requests" does not exist, skipping
DB: policy "insert_only" for relation "pending_notifications" does not exist, skipping
DB: policy "select_all" for relation "pending_notifications" does not exist, skipping
DB: policy "delete_all" for relation "pending_notifications" does not exist, skipping
DB: policy "select_by_recipient" for relation "pending_notifications" does not exist, skipping
DB: policy "delete_by_recipient" for relation "pending_notifications" does not exist, skipping
DB: policy "insert_only" for relation "agent_revocations" does not exist, skipping
DB: policy "select_all" for relation "agent_revocations" does not exist, skipping
DB: policy "insert_only" for relation "agent_account_links" does not exist, skipping
DB: policy "select_all" for relation "agent_account_links" does not exist, skipping
DB: policy "insert_only" for relation "account_email_stubs" does not exist, skipping
DB: policy "select_all" for relation "account_email_stubs" does not exist, skipping
DB: policy "insert_only" for relation "signal_revocations" does not exist, skipping
DB: policy "select_all" for relation "signal_revocations" does not exist, skipping
Successfully applied 64 migrations to schema "public", now at version v64 (execution time 00:00.286s)
Next: run  cello status  to confirm 'agentA' is registered.
  • it's normal for this to take a minute or two while registration settles.
  • ready = the agent shows state 'online' and directory_signaling 'connected'.
  • if it stays offline, run  cello logout  then  cello login.
Next: run  cello status  to confirm 'agentB' is registered.
  • it's normal for this to take a minute or two while registration settles.
  • ready = the agent shows state 'online' and directory_signaling 'connected'.
  • if it stays offline, run  cello logout  then  cello login.
{"event":"notification.channel.forwarded","type":"agent_current_changed","agent":"agentA"}
{"event":"notification.channel.forwarded","type":"agent_current_changed","agent":"agentB"}
{"event":"notification.channel.forwarded","type":"session_state_changed","agent":"agentB"}
{"event":"notification.channel.forwarded","type":"cello_message","agent":"agentB"}
 ✓ src/spine/j-upgrade.spine.test.ts (1 test) 63962ms
   ✓ J-UPGRADE — auto-acknowledge close, live (DOD-UP-2) > A closes, B's agent never closes → B's daemon auto-co-signs → BILATERAL seal completes (not unilateral)  2769ms
 Container trustless-cello-postgres-1  Running
 Container trustless-cello-postgres-1  Waiting
 Container trustless-cello-postgres-1  Healthy
DROP DATABASE
CREATE DATABASE
 Container trustless-cello-postgres-1  Running
OpenJDK 64-Bit Server VM warning: Unable to get SVE vector length on this system. Disabling SVE. Specify -XX:UseSVE=0 to shun this warning.
Flyway OSS Edition 11.13.2 by Redgate

See release notes here: https://rd.gt/416ObMi
Database: jdbc:postgresql://postgres:5432/cello_spine (PostgreSQL 18.4)
WARNING: Using PostgreSQL 18.4 which is newer than the version Flyway has been verified with. The latest verified version of PostgreSQL is 17.
Schema history table "public"."flyway_schema_history" does not exist yet
Successfully validated 64 migrations (execution time 00:00.028s)
Creating Schema History table "public"."flyway_schema_history" ...
Current version of schema "public": << Empty Schema >>
WARNING: DB: relation "notification_queue" already exists, skipping (SQL State: 42P07 - Error Code: 0)
DB: policy "delete_own" for relation "notification_queue" does not exist, skipping
DB: policy "select_by_pubkey" for relation "notification_queue" does not exist, skipping
DB: policy "delete_by_pubkey" for relation "notification_queue" does not exist, skipping
WARNING: DB: relation "pending_connection_requests" already exists, skipping (SQL State: 42P07 - Error Code: 0)
DB: policy "delete_own" for relation "pending_connection_requests" does not exist, skipping
DB: policy "delete_all" for relation "pending_connection_requests" does not exist, skipping
DB: policy "insert_only" for relation "pending_notifications" does not exist, skipping
DB: policy "select_all" for relation "pending_notifications" does not exist, skipping
DB: policy "delete_all" for relation "pending_notifications" does not exist, skipping
DB: policy "select_by_recipient" for relation "pending_notifications" does not exist, skipping
DB: policy "delete_by_recipient" for relation "pending_notifications" does not exist, skipping
DB: policy "insert_only" for relation "agent_revocations" does not exist, skipping
DB: policy "select_all" for relation "agent_revocations" does not exist, skipping
DB: policy "insert_only" for relation "agent_account_links" does not exist, skipping
DB: policy "select_all" for relation "agent_account_links" does not exist, skipping
DB: policy "insert_only" for relation "account_email_stubs" does not exist, skipping
DB: policy "select_all" for relation "account_email_stubs" does not exist, skipping
DB: policy "insert_only" for relation "signal_revocations" does not exist, skipping
DB: policy "select_all" for relation "signal_revocations" does not exist, skipping
Successfully applied 64 migrations to schema "public", now at version v64 (execution time 00:00.266s)
Next: run  cello status  to confirm 'alice' is registered.
  • it's normal for this to take a minute or two while registration settles.
  • ready = the agent shows state 'online' and directory_signaling 'connected'.
  • if it stays offline, run  cello logout  then  cello login.
Next: run  cello status  to confirm 'bob' is registered.
  • it's normal for this to take a minute or two while registration settles.
  • ready = the agent shows state 'online' and directory_signaling 'connected'.
  • if it stays offline, run  cello logout  then  cello login.
Next: run  cello status  to confirm 'carol' is registered.
  • it's normal for this to take a minute or two while registration settles.
  • ready = the agent shows state 'online' and directory_signaling 'connected'.
  • if it stays offline, run  cello logout  then  cello login.
{"event":"notification.channel.forwarded","type":"agent_state_changed","agent":"alice"}
{"event":"notification.channel.forwarded","type":"agent_current_changed","agent":"alice"}
{"event":"notification.channel.forwarded","type":"agent_current_changed","agent":"bob"}
{"event":"notification.channel.forwarded","type":"session_state_changed","agent":"bob"}
{"event":"notification.channel.forwarded","type":"agent_current_changed","agent":"carol"}
{"event":"notification.channel.forwarded","type":"session_state_changed","agent":"bob"}
 ✓ src/spine/j-combined-journey.spine.test.ts (1 test) 57506ms
   ✓ J-COMBINED-JOURNEY — DOD-T4-JOURNEY-1: all signal classes, v1 close > A presents phone+email+track_record+github to KNOWN B; framing correct for every class; floor demands identity proof; C (stranger) fails  28505ms
 Container trustless-cello-postgres-1  Running
 Container trustless-cello-postgres-1  Waiting
 Container trustless-cello-postgres-1  Healthy
DROP DATABASE
CREATE DATABASE
 Container trustless-cello-postgres-1  Running
OpenJDK 64-Bit Server VM warning: Unable to get SVE vector length on this system. Disabling SVE. Specify -XX:UseSVE=0 to shun this warning.
Flyway OSS Edition 11.13.2 by Redgate

See release notes here: https://rd.gt/416ObMi
Database: jdbc:postgresql://postgres:5432/cello_spine (PostgreSQL 18.4)
WARNING: Using PostgreSQL 18.4 which is newer than the version Flyway has been verified with. The latest verified version of PostgreSQL is 17.
Schema history table "public"."flyway_schema_history" does not exist yet
Successfully validated 64 migrations (execution time 00:00.023s)
Creating Schema History table "public"."flyway_schema_history" ...
Current version of schema "public": << Empty Schema >>
WARNING: DB: relation "notification_queue" already exists, skipping (SQL State: 42P07 - Error Code: 0)
DB: policy "delete_own" for relation "notification_queue" does not exist, skipping
DB: policy "select_by_pubkey" for relation "notification_queue" does not exist, skipping
DB: policy "delete_by_pubkey" for relation "notification_queue" does not exist, skipping
WARNING: DB: relation "pending_connection_requests" already exists, skipping (SQL State: 42P07 - Error Code: 0)
DB: policy "delete_own" for relation "pending_connection_requests" does not exist, skipping
DB: policy "delete_all" for relation "pending_connection_requests" does not exist, skipping
DB: policy "insert_only" for relation "pending_notifications" does not exist, skipping
DB: policy "select_all" for relation "pending_notifications" does not exist, skipping
DB: policy "delete_all" for relation "pending_notifications" does not exist, skipping
DB: policy "select_by_recipient" for relation "pending_notifications" does not exist, skipping
DB: policy "delete_by_recipient" for relation "pending_notifications" does not exist, skipping
DB: policy "insert_only" for relation "agent_revocations" does not exist, skipping
DB: policy "select_all" for relation "agent_revocations" does not exist, skipping
DB: policy "insert_only" for relation "agent_account_links" does not exist, skipping
DB: policy "select_all" for relation "agent_account_links" does not exist, skipping
DB: policy "insert_only" for relation "account_email_stubs" does not exist, skipping
DB: policy "select_all" for relation "account_email_stubs" does not exist, skipping
DB: policy "insert_only" for relation "signal_revocations" does not exist, skipping
DB: policy "select_all" for relation "signal_revocations" does not exist, skipping
Successfully applied 64 migrations to schema "public", now at version v64 (execution time 00:00.217s)
Next: run  cello status  to confirm 'tagent' is registered.
  • it's normal for this to take a minute or two while registration settles.
  • ready = the agent shows state 'online' and directory_signaling 'connected'.
  • if it stays offline, run  cello logout  then  cello login.
{"event":"notification.channel.forwarded","type":"agent_state_changed","agent":"tagent"}
{"event":"notification.channel.forwarded","type":"shutdown"}
cello-mcp: daemon connection lost — reconnecting…
{"event":"notification.channel.forwarded","type":"agent_state_changed","agent":"tagent"}
cello-mcp: reconnected to the CELLO daemon
{"event":"notification.channel.forwarded","type":"daemon_reconnected","agent":null}
 ✓ src/spine/j-trust.spine.test.ts (1 test) 53118ms
   ✓ J-TRUST — M10 sealed-envelope pickup end-to-end (M10-D18 / M10-D22) > a seeded sealed ENVELOPE is decoded+verified+stored into wallet_trust_signals; the directory then holds only the hash  26311ms
 Container trustless-cello-postgres-1  Running
 Container trustless-cello-postgres-1  Waiting
 Container trustless-cello-postgres-1  Healthy
DROP DATABASE
CREATE DATABASE
 Container trustless-cello-postgres-1  Running
OpenJDK 64-Bit Server VM warning: Unable to get SVE vector length on this system. Disabling SVE. Specify -XX:UseSVE=0 to shun this warning.
Flyway OSS Edition 11.13.2 by Redgate

See release notes here: https://rd.gt/416ObMi
Database: jdbc:postgresql://postgres:5432/cello_spine_0 (PostgreSQL 18.4)
WARNING: Using PostgreSQL 18.4 which is newer than the version Flyway has been verified with. The latest verified version of PostgreSQL is 17.
Schema history table "public"."flyway_schema_history" does not exist yet
Successfully validated 64 migrations (execution time 00:00.024s)
Creating Schema History table "public"."flyway_schema_history" ...
Current version of schema "public": << Empty Schema >>
WARNING: DB: relation "notification_queue" already exists, skipping (SQL State: 42P07 - Error Code: 0)
DB: policy "delete_own" for relation "notification_queue" does not exist, skipping
DB: policy "select_by_pubkey" for relation "notification_queue" does not exist, skipping
DB: policy "delete_by_pubkey" for relation "notification_queue" does not exist, skipping
WARNING: DB: relation "pending_connection_requests" already exists, skipping (SQL State: 42P07 - Error Code: 0)
DB: policy "delete_own" for relation "pending_connection_requests" does not exist, skipping
DB: policy "delete_all" for relation "pending_connection_requests" does not exist, skipping
DB: policy "insert_only" for relation "pending_notifications" does not exist, skipping
DB: policy "select_all" for relation "pending_notifications" does not exist, skipping
DB: policy "delete_all" for relation "pending_notifications" does not exist, skipping
DB: policy "select_by_recipient" for relation "pending_notifications" does not exist, skipping
DB: policy "delete_by_recipient" for relation "pending_notifications" does not exist, skipping
DB: policy "insert_only" for relation "agent_revocations" does not exist, skipping
DB: policy "select_all" for relation "agent_revocations" does not exist, skipping
DB: policy "insert_only" for relation "agent_account_links" does not exist, skipping
DB: policy "select_all" for relation "agent_account_links" does not exist, skipping
DB: policy "insert_only" for relation "account_email_stubs" does not exist, skipping
DB: policy "select_all" for relation "account_email_stubs" does not exist, skipping
DB: policy "insert_only" for relation "signal_revocations" does not exist, skipping
DB: policy "select_all" for relation "signal_revocations" does not exist, skipping
Successfully applied 64 migrations to schema "public", now at version v64 (execution time 00:00.213s)
DROP DATABASE
CREATE DATABASE
 Container trustless-cello-postgres-1  Running
OpenJDK 64-Bit Server VM warning: Unable to get SVE vector length on this system. Disabling SVE. Specify -XX:UseSVE=0 to shun this warning.
Flyway OSS Edition 11.13.2 by Redgate

See release notes here: https://rd.gt/416ObMi
Database: jdbc:postgresql://postgres:5432/cello_spine_1 (PostgreSQL 18.4)
WARNING: Using PostgreSQL 18.4 which is newer than the version Flyway has been verified with. The latest verified version of PostgreSQL is 17.
Schema history table "public"."flyway_schema_history" does not exist yet
Successfully validated 64 migrations (execution time 00:00.031s)
Creating Schema History table "public"."flyway_schema_history" ...
Current version of schema "public": << Empty Schema >>
WARNING: DB: relation "notification_queue" already exists, skipping (SQL State: 42P07 - Error Code: 0)
DB: policy "delete_own" for relation "notification_queue" does not exist, skipping
DB: policy "select_by_pubkey" for relation "notification_queue" does not exist, skipping
DB: policy "delete_by_pubkey" for relation "notification_queue" does not exist, skipping
WARNING: DB: relation "pending_connection_requests" already exists, skipping (SQL State: 42P07 - Error Code: 0)
DB: policy "delete_own" for relation "pending_connection_requests" does not exist, skipping
DB: policy "delete_all" for relation "pending_connection_requests" does not exist, skipping
DB: policy "insert_only" for relation "pending_notifications" does not exist, skipping
DB: policy "select_all" for relation "pending_notifications" does not exist, skipping
DB: policy "delete_all" for relation "pending_notifications" does not exist, skipping
DB: policy "select_by_recipient" for relation "pending_notifications" does not exist, skipping
DB: policy "delete_by_recipient" for relation "pending_notifications" does not exist, skipping
DB: policy "insert_only" for relation "agent_revocations" does not exist, skipping
DB: policy "select_all" for relation "agent_revocations" does not exist, skipping
DB: policy "insert_only" for relation "agent_account_links" does not exist, skipping
DB: policy "select_all" for relation "agent_account_links" does not exist, skipping
DB: policy "insert_only" for relation "account_email_stubs" does not exist, skipping
DB: policy "select_all" for relation "account_email_stubs" does not exist, skipping
DB: policy "insert_only" for relation "signal_revocations" does not exist, skipping
DB: policy "select_all" for relation "signal_revocations" does not exist, skipping
Successfully applied 64 migrations to schema "public", now at version v64 (execution time 00:00.277s)
DROP DATABASE
CREATE DATABASE
 Container trustless-cello-postgres-1  Running
OpenJDK 64-Bit Server VM warning: Unable to get SVE vector length on this system. Disabling SVE. Specify -XX:UseSVE=0 to shun this warning.
Flyway OSS Edition 11.13.2 by Redgate

See release notes here: https://rd.gt/416ObMi
Database: jdbc:postgresql://postgres:5432/cello_spine_2 (PostgreSQL 18.4)
WARNING: Using PostgreSQL 18.4 which is newer than the version Flyway has been verified with. The latest verified version of PostgreSQL is 17.
Schema history table "public"."flyway_schema_history" does not exist yet
Successfully validated 64 migrations (execution time 00:00.039s)
Creating Schema History table "public"."flyway_schema_history" ...
Current version of schema "public": << Empty Schema >>
WARNING: DB: relation "notification_queue" already exists, skipping (SQL State: 42P07 - Error Code: 0)
DB: policy "delete_own" for relation "notification_queue" does not exist, skipping
DB: policy "select_by_pubkey" for relation "notification_queue" does not exist, skipping
DB: policy "delete_by_pubkey" for relation "notification_queue" does not exist, skipping
WARNING: DB: relation "pending_connection_requests" already exists, skipping (SQL State: 42P07 - Error Code: 0)
DB: policy "delete_own" for relation "pending_connection_requests" does not exist, skipping
DB: policy "delete_all" for relation "pending_connection_requests" does not exist, skipping
DB: policy "insert_only" for relation "pending_notifications" does not exist, skipping
DB: policy "select_all" for relation "pending_notifications" does not exist, skipping
DB: policy "delete_all" for relation "pending_notifications" does not exist, skipping
DB: policy "select_by_recipient" for relation "pending_notifications" does not exist, skipping
DB: policy "delete_by_recipient" for relation "pending_notifications" does not exist, skipping
DB: policy "insert_only" for relation "agent_revocations" does not exist, skipping
DB: policy "select_all" for relation "agent_revocations" does not exist, skipping
DB: policy "insert_only" for relation "agent_account_links" does not exist, skipping
DB: policy "select_all" for relation "agent_account_links" does not exist, skipping
DB: policy "insert_only" for relation "account_email_stubs" does not exist, skipping
DB: policy "select_all" for relation "account_email_stubs" does not exist, skipping
DB: policy "insert_only" for relation "signal_revocations" does not exist, skipping
DB: policy "select_all" for relation "signal_revocations" does not exist, skipping
Successfully applied 64 migrations to schema "public", now at version v64 (execution time 00:00.283s)
Next: run  cello status  to confirm 'agentA' is registered.
  • it's normal for this to take a minute or two while registration settles.
  • ready = the agent shows state 'online' and directory_signaling 'connected'.
  • if it stays offline, run  cello logout  then  cello login.
Next: run  cello status  to confirm 'agentB' is registered.
  • it's normal for this to take a minute or two while registration settles.
  • ready = the agent shows state 'online' and directory_signaling 'connected'.
  • if it stays offline, run  cello logout  then  cello login.
{"event":"notification.channel.forwarded","type":"agent_current_changed","agent":"agentA"}
{"event":"notification.channel.forwarded","type":"agent_current_changed","agent":"agentB"}
{"event":"notification.channel.forwarded","type":"session_state_changed","agent":"agentB"}
{"event":"notification.channel.forwarded","type":"cello_message","agent":"agentB"}
 ✓ src/spine/j-relaysig.spine.test.ts (1 test) 61476ms
   ✓ J-RELAYSIG — relay-signed ordering receipts (DOD-RELAYSIG-1) > the daemon verifies the relay's signed ACK and durably stores an immutable receipt  3853ms
 Container trustless-cello-postgres-1  Running
 Container trustless-cello-postgres-1  Waiting
 Container trustless-cello-postgres-1  Healthy
DROP DATABASE
CREATE DATABASE
 Container trustless-cello-postgres-1  Running
OpenJDK 64-Bit Server VM warning: Unable to get SVE vector length on this system. Disabling SVE. Specify -XX:UseSVE=0 to shun this warning.
Flyway OSS Edition 11.13.2 by Redgate

See release notes here: https://rd.gt/416ObMi
Database: jdbc:postgresql://postgres:5432/cello_spine (PostgreSQL 18.4)
WARNING: Using PostgreSQL 18.4 which is newer than the version Flyway has been verified with. The latest verified version of PostgreSQL is 17.
Schema history table "public"."flyway_schema_history" does not exist yet
Successfully validated 64 migrations (execution time 00:00.026s)
Creating Schema History table "public"."flyway_schema_history" ...
Current version of schema "public": << Empty Schema >>
WARNING: DB: relation "notification_queue" already exists, skipping (SQL State: 42P07 - Error Code: 0)
DB: policy "delete_own" for relation "notification_queue" does not exist, skipping
DB: policy "select_by_pubkey" for relation "notification_queue" does not exist, skipping
DB: policy "delete_by_pubkey" for relation "notification_queue" does not exist, skipping
WARNING: DB: relation "pending_connection_requests" already exists, skipping (SQL State: 42P07 - Error Code: 0)
DB: policy "delete_own" for relation "pending_connection_requests" does not exist, skipping
DB: policy "delete_all" for relation "pending_connection_requests" does not exist, skipping
DB: policy "insert_only" for relation "pending_notifications" does not exist, skipping
DB: policy "select_all" for relation "pending_notifications" does not exist, skipping
DB: policy "delete_all" for relation "pending_notifications" does not exist, skipping
DB: policy "select_by_recipient" for relation "pending_notifications" does not exist, skipping
DB: policy "delete_by_recipient" for relation "pending_notifications" does not exist, skipping
DB: policy "insert_only" for relation "agent_revocations" does not exist, skipping
DB: policy "select_all" for relation "agent_revocations" does not exist, skipping
DB: policy "insert_only" for relation "agent_account_links" does not exist, skipping
DB: policy "select_all" for relation "agent_account_links" does not exist, skipping
DB: policy "insert_only" for relation "account_email_stubs" does not exist, skipping
DB: policy "select_all" for relation "account_email_stubs" does not exist, skipping
DB: policy "insert_only" for relation "signal_revocations" does not exist, skipping
DB: policy "select_all" for relation "signal_revocations" does not exist, skipping
Successfully applied 64 migrations to schema "public", now at version v64 (execution time 00:00.230s)
Next: run  cello status  to confirm 'agentA' is registered.
  • it's normal for this to take a minute or two while registration settles.
  • ready = the agent shows state 'online' and directory_signaling 'connected'.
  • if it stays offline, run  cello logout  then  cello login.
Next: run  cello status  to confirm 'agentB' is registered.
  • it's normal for this to take a minute or two while registration settles.
  • ready = the agent shows state 'online' and directory_signaling 'connected'.
  • if it stays offline, run  cello logout  then  cello login.
{"event":"notification.channel.forwarded","type":"agent_current_changed","agent":"agentA"}
{"event":"notification.channel.forwarded","type":"agent_current_changed","agent":"agentB"}
{"event":"notification.channel.forwarded","type":"session_state_changed","agent":"agentB"}
{"event":"notification.channel.forwarded","type":"cello_message","agent":"agentB"}
 ✓ src/spine/j-loopback.spine.test.ts (1 test) 44731ms
   ✓ J-LOOPBACK — two agents converse on ONE daemon (DOD-LOOP-1) > A initiates to B on the SAME daemon → exchange + bilateral seal, byte-identical root, no 2nd daemon  18217ms
 Container trustless-cello-postgres-1  Running
 Container trustless-cello-postgres-1  Waiting
 Container trustless-cello-postgres-1  Healthy
DROP DATABASE
CREATE DATABASE
 Container trustless-cello-postgres-1  Running
OpenJDK 64-Bit Server VM warning: Unable to get SVE vector length on this system. Disabling SVE. Specify -XX:UseSVE=0 to shun this warning.
Flyway OSS Edition 11.13.2 by Redgate

See release notes here: https://rd.gt/416ObMi
Database: jdbc:postgresql://postgres:5432/cello_spine_0 (PostgreSQL 18.4)
WARNING: Using PostgreSQL 18.4 which is newer than the version Flyway has been verified with. The latest verified version of PostgreSQL is 17.
Schema history table "public"."flyway_schema_history" does not exist yet
Successfully validated 64 migrations (execution time 00:00.029s)
Creating Schema History table "public"."flyway_schema_history" ...
Current version of schema "public": << Empty Schema >>
WARNING: DB: relation "notification_queue" already exists, skipping (SQL State: 42P07 - Error Code: 0)
DB: policy "delete_own" for relation "notification_queue" does not exist, skipping
DB: policy "select_by_pubkey" for relation "notification_queue" does not exist, skipping
DB: policy "delete_by_pubkey" for relation "notification_queue" does not exist, skipping
WARNING: DB: relation "pending_connection_requests" already exists, skipping (SQL State: 42P07 - Error Code: 0)
DB: policy "delete_own" for relation "pending_connection_requests" does not exist, skipping
DB: policy "delete_all" for relation "pending_connection_requests" does not exist, skipping
DB: policy "insert_only" for relation "pending_notifications" does not exist, skipping
DB: policy "select_all" for relation "pending_notifications" does not exist, skipping
DB: policy "delete_all" for relation "pending_notifications" does not exist, skipping
DB: policy "select_by_recipient" for relation "pending_notifications" does not exist, skipping
DB: policy "delete_by_recipient" for relation "pending_notifications" does not exist, skipping
DB: policy "insert_only" for relation "agent_revocations" does not exist, skipping
DB: policy "select_all" for relation "agent_revocations" does not exist, skipping
DB: policy "insert_only" for relation "agent_account_links" does not exist, skipping
DB: policy "select_all" for relation "agent_account_links" does not exist, skipping
DB: policy "insert_only" for relation "account_email_stubs" does not exist, skipping
DB: policy "select_all" for relation "account_email_stubs" does not exist, skipping
DB: policy "insert_only" for relation "signal_revocations" does not exist, skipping
DB: policy "select_all" for relation "signal_revocations" does not exist, skipping
Successfully applied 64 migrations to schema "public", now at version v64 (execution time 00:00.235s)
DROP DATABASE
CREATE DATABASE
 Container trustless-cello-postgres-1  Running
OpenJDK 64-Bit Server VM warning: Unable to get SVE vector length on this system. Disabling SVE. Specify -XX:UseSVE=0 to shun this warning.
Flyway OSS Edition 11.13.2 by Redgate

See release notes here: https://rd.gt/416ObMi
Database: jdbc:postgresql://postgres:5432/cello_spine_1 (PostgreSQL 18.4)
WARNING: Using PostgreSQL 18.4 which is newer than the version Flyway has been verified with. The latest verified version of PostgreSQL is 17.
Schema history table "public"."flyway_schema_history" does not exist yet
Successfully validated 64 migrations (execution time 00:00.030s)
Creating Schema History table "public"."flyway_schema_history" ...
Current version of schema "public": << Empty Schema >>
WARNING: DB: relation "notification_queue" already exists, skipping (SQL State: 42P07 - Error Code: 0)
DB: policy "delete_own" for relation "notification_queue" does not exist, skipping
DB: policy "select_by_pubkey" for relation "notification_queue" does not exist, skipping
DB: policy "delete_by_pubkey" for relation "notification_queue" does not exist, skipping
WARNING: DB: relation "pending_connection_requests" already exists, skipping (SQL State: 42P07 - Error Code: 0)
DB: policy "delete_own" for relation "pending_connection_requests" does not exist, skipping
DB: policy "delete_all" for relation "pending_connection_requests" does not exist, skipping
DB: policy "insert_only" for relation "pending_notifications" does not exist, skipping
DB: policy "select_all" for relation "pending_notifications" does not exist, skipping
DB: policy "delete_all" for relation "pending_notifications" does not exist, skipping
DB: policy "select_by_recipient" for relation "pending_notifications" does not exist, skipping
DB: policy "delete_by_recipient" for relation "pending_notifications" does not exist, skipping
DB: policy "insert_only" for relation "agent_revocations" does not exist, skipping
DB: policy "select_all" for relation "agent_revocations" does not exist, skipping
DB: policy "insert_only" for relation "agent_account_links" does not exist, skipping
DB: policy "select_all" for relation "agent_account_links" does not exist, skipping
DB: policy "insert_only" for relation "account_email_stubs" does not exist, skipping
DB: policy "select_all" for relation "account_email_stubs" does not exist, skipping
DB: policy "insert_only" for relation "signal_revocations" does not exist, skipping
DB: policy "select_all" for relation "signal_revocations" does not exist, skipping
Successfully applied 64 migrations to schema "public", now at version v64 (execution time 00:00.298s)
DROP DATABASE
CREATE DATABASE
 Container trustless-cello-postgres-1  Running
OpenJDK 64-Bit Server VM warning: Unable to get SVE vector length on this system. Disabling SVE. Specify -XX:UseSVE=0 to shun this warning.
Flyway OSS Edition 11.13.2 by Redgate

See release notes here: https://rd.gt/416ObMi
Database: jdbc:postgresql://postgres:5432/cello_spine_2 (PostgreSQL 18.4)
WARNING: Using PostgreSQL 18.4 which is newer than the version Flyway has been verified with. The latest verified version of PostgreSQL is 17.
Schema history table "public"."flyway_schema_history" does not exist yet
Successfully validated 64 migrations (execution time 00:00.038s)
Creating Schema History table "public"."flyway_schema_history" ...
Current version of schema "public": << Empty Schema >>
WARNING: DB: relation "notification_queue" already exists, skipping (SQL State: 42P07 - Error Code: 0)
DB: policy "delete_own" for relation "notification_queue" does not exist, skipping
DB: policy "select_by_pubkey" for relation "notification_queue" does not exist, skipping
DB: policy "delete_by_pubkey" for relation "notification_queue" does not exist, skipping
WARNING: DB: relation "pending_connection_requests" already exists, skipping (SQL State: 42P07 - Error Code: 0)
DB: policy "delete_own" for relation "pending_connection_requests" does not exist, skipping
DB: policy "delete_all" for relation "pending_connection_requests" does not exist, skipping
DB: policy "insert_only" for relation "pending_notifications" does not exist, skipping
DB: policy "select_all" for relation "pending_notifications" does not exist, skipping
DB: policy "delete_all" for relation "pending_notifications" does not exist, skipping
DB: policy "select_by_recipient" for relation "pending_notifications" does not exist, skipping
DB: policy "delete_by_recipient" for relation "pending_notifications" does not exist, skipping
DB: policy "insert_only" for relation "agent_revocations" does not exist, skipping
DB: policy "select_all" for relation "agent_revocations" does not exist, skipping
DB: policy "insert_only" for relation "agent_account_links" does not exist, skipping
DB: policy "select_all" for relation "agent_account_links" does not exist, skipping
DB: policy "insert_only" for relation "account_email_stubs" does not exist, skipping
DB: policy "select_all" for relation "account_email_stubs" does not exist, skipping
DB: policy "insert_only" for relation "signal_revocations" does not exist, skipping
DB: policy "select_all" for relation "signal_revocations" does not exist, skipping
Successfully applied 64 migrations to schema "public", now at version v64 (execution time 00:00.286s)
 ✓ src/spine/j-antientropy.spine.test.ts (5 tests) 307428ms
   ✓ J-ANTIENTROPY — 3 directory processes converge over /cello/anti-entropy/1.0.0 > authenticates peers against the manifest-pinned identity (handshake over real Noise)  1508ms
   ✓ J-ANTIENTROPY — 3 directory processes converge over /cello/anti-entropy/1.0.0 > divergent seeded state converges on ALL THREE nodes (Tier-A union)  19836ms
   ✓ J-ANTIENTROPY — 3 directory processes converge over /cello/anti-entropy/1.0.0 > a node absent for a BURST of writes converges on rejoin (no operator action)  207753ms
   ✓ J-ANTIENTROPY — 3 directory processes converge over /cello/anti-entropy/1.0.0 > a PAUSE written while a node is partitioned converges to it on heal (kill switch, Tier-B)  7018ms
   ✓ J-ANTIENTROPY — 3 directory processes converge over /cello/anti-entropy/1.0.0 > a burn written on ONE node converges to the others and stays burned (kill switch)  16686ms
 Container trustless-cello-postgres-1  Running
 Container trustless-cello-postgres-1  Waiting
 Container trustless-cello-postgres-1  Healthy
DROP DATABASE
CREATE DATABASE
 Container trustless-cello-postgres-1  Running
OpenJDK 64-Bit Server VM warning: Unable to get SVE vector length on this system. Disabling SVE. Specify -XX:UseSVE=0 to shun this warning.
Flyway OSS Edition 11.13.2 by Redgate

See release notes here: https://rd.gt/416ObMi
Database: jdbc:postgresql://postgres:5432/cello_spine_0 (PostgreSQL 18.4)
WARNING: Using PostgreSQL 18.4 which is newer than the version Flyway has been verified with. The latest verified version of PostgreSQL is 17.
Schema history table "public"."flyway_schema_history" does not exist yet
Successfully validated 64 migrations (execution time 00:00.025s)
Creating Schema History table "public"."flyway_schema_history" ...
Current version of schema "public": << Empty Schema >>
WARNING: DB: relation "notification_queue" already exists, skipping (SQL State: 42P07 - Error Code: 0)
DB: policy "delete_own" for relation "notification_queue" does not exist, skipping
DB: policy "select_by_pubkey" for relation "notification_queue" does not exist, skipping
DB: policy "delete_by_pubkey" for relation "notification_queue" does not exist, skipping
WARNING: DB: relation "pending_connection_requests" already exists, skipping (SQL State: 42P07 - Error Code: 0)
DB: policy "delete_own" for relation "pending_connection_requests" does not exist, skipping
DB: policy "delete_all" for relation "pending_connection_requests" does not exist, skipping
DB: policy "insert_only" for relation "pending_notifications" does not exist, skipping
DB: policy "select_all" for relation "pending_notifications" does not exist, skipping
DB: policy "delete_all" for relation "pending_notifications" does not exist, skipping
DB: policy "select_by_recipient" for relation "pending_notifications" does not exist, skipping
DB: policy "delete_by_recipient" for relation "pending_notifications" does not exist, skipping
DB: policy "insert_only" for relation "agent_revocations" does not exist, skipping
DB: policy "select_all" for relation "agent_revocations" does not exist, skipping
DB: policy "insert_only" for relation "agent_account_links" does not exist, skipping
DB: policy "select_all" for relation "agent_account_links" does not exist, skipping
DB: policy "insert_only" for relation "account_email_stubs" does not exist, skipping
DB: policy "select_all" for relation "account_email_stubs" does not exist, skipping
DB: policy "insert_only" for relation "signal_revocations" does not exist, skipping
DB: policy "select_all" for relation "signal_revocations" does not exist, skipping
Successfully applied 64 migrations to schema "public", now at version v64 (execution time 00:00.217s)
DROP DATABASE
CREATE DATABASE
 Container trustless-cello-postgres-1  Running
OpenJDK 64-Bit Server VM warning: Unable to get SVE vector length on this system. Disabling SVE. Specify -XX:UseSVE=0 to shun this warning.
Flyway OSS Edition 11.13.2 by Redgate

See release notes here: https://rd.gt/416ObMi
Database: jdbc:postgresql://postgres:5432/cello_spine_1 (PostgreSQL 18.4)
WARNING: Using PostgreSQL 18.4 which is newer than the version Flyway has been verified with. The latest verified version of PostgreSQL is 17.
Schema history table "public"."flyway_schema_history" does not exist yet
Successfully validated 64 migrations (execution time 00:00.030s)
Creating Schema History table "public"."flyway_schema_history" ...
Current version of schema "public": << Empty Schema >>
WARNING: DB: relation "notification_queue" already exists, skipping (SQL State: 42P07 - Error Code: 0)
DB: policy "delete_own" for relation "notification_queue" does not exist, skipping
DB: policy "select_by_pubkey" for relation "notification_queue" does not exist, skipping
DB: policy "delete_by_pubkey" for relation "notification_queue" does not exist, skipping
WARNING: DB: relation "pending_connection_requests" already exists, skipping (SQL State: 42P07 - Error Code: 0)
DB: policy "delete_own" for relation "pending_connection_requests" does not exist, skipping
DB: policy "delete_all" for relation "pending_connection_requests" does not exist, skipping
DB: policy "insert_only" for relation "pending_notifications" does not exist, skipping
DB: policy "select_all" for relation "pending_notifications" does not exist, skipping
DB: policy "delete_all" for relation "pending_notifications" does not exist, skipping
DB: policy "select_by_recipient" for relation "pending_notifications" does not exist, skipping
DB: policy "delete_by_recipient" for relation "pending_notifications" does not exist, skipping
DB: policy "insert_only" for relation "agent_revocations" does not exist, skipping
DB: policy "select_all" for relation "agent_revocations" does not exist, skipping
DB: policy "insert_only" for relation "agent_account_links" does not exist, skipping
DB: policy "select_all" for relation "agent_account_links" does not exist, skipping
DB: policy "insert_only" for relation "account_email_stubs" does not exist, skipping
DB: policy "select_all" for relation "account_email_stubs" does not exist, skipping
DB: policy "insert_only" for relation "signal_revocations" does not exist, skipping
DB: policy "select_all" for relation "signal_revocations" does not exist, skipping
Successfully applied 64 migrations to schema "public", now at version v64 (execution time 00:00.239s)
DROP DATABASE
CREATE DATABASE
 Container trustless-cello-postgres-1  Running
OpenJDK 64-Bit Server VM warning: Unable to get SVE vector length on this system. Disabling SVE. Specify -XX:UseSVE=0 to shun this warning.
Flyway OSS Edition 11.13.2 by Redgate

See release notes here: https://rd.gt/416ObMi
Database: jdbc:postgresql://postgres:5432/cello_spine_2 (PostgreSQL 18.4)
WARNING: Using PostgreSQL 18.4 which is newer than the version Flyway has been verified with. The latest verified version of PostgreSQL is 17.
Schema history table "public"."flyway_schema_history" does not exist yet
Successfully validated 64 migrations (execution time 00:00.040s)
Creating Schema History table "public"."flyway_schema_history" ...
Current version of schema "public": << Empty Schema >>
WARNING: DB: relation "notification_queue" already exists, skipping (SQL State: 42P07 - Error Code: 0)
DB: policy "delete_own" for relation "notification_queue" does not exist, skipping
DB: policy "select_by_pubkey" for relation "notification_queue" does not exist, skipping
DB: policy "delete_by_pubkey" for relation "notification_queue" does not exist, skipping
WARNING: DB: relation "pending_connection_requests" already exists, skipping (SQL State: 42P07 - Error Code: 0)
DB: policy "delete_own" for relation "pending_connection_requests" does not exist, skipping
DB: policy "delete_all" for relation "pending_connection_requests" does not exist, skipping
DB: policy "insert_only" for relation "pending_notifications" does not exist, skipping
DB: policy "select_all" for relation "pending_notifications" does not exist, skipping
DB: policy "delete_all" for relation "pending_notifications" does not exist, skipping
DB: policy "select_by_recipient" for relation "pending_notifications" does not exist, skipping
DB: policy "delete_by_recipient" for relation "pending_notifications" does not exist, skipping
DB: policy "insert_only" for relation "agent_revocations" does not exist, skipping
DB: policy "select_all" for relation "agent_revocations" does not exist, skipping
DB: policy "insert_only" for relation "agent_account_links" does not exist, skipping
DB: policy "select_all" for relation "agent_account_links" does not exist, skipping
DB: policy "insert_only" for relation "account_email_stubs" does not exist, skipping
DB: policy "select_all" for relation "account_email_stubs" does not exist, skipping
DB: policy "insert_only" for relation "signal_revocations" does not exist, skipping
DB: policy "select_all" for relation "signal_revocations" does not exist, skipping
Successfully applied 64 migrations to schema "public", now at version v64 (execution time 00:00.242s)
Next: run  cello status  to confirm 'agent0' is registered.
  • it's normal for this to take a minute or two while registration settles.
  • ready = the agent shows state 'online' and directory_signaling 'connected'.
  • if it stays offline, run  cello logout  then  cello login.
Next: run  cello status  to confirm 'agent1' is registered.
  • it's normal for this to take a minute or two while registration settles.
  • ready = the agent shows state 'online' and directory_signaling 'connected'.
  • if it stays offline, run  cello logout  then  cello login.
Next: run  cello status  to confirm 'agent2' is registered.
  • it's normal for this to take a minute or two while registration settles.
  • ready = the agent shows state 'online' and directory_signaling 'connected'.
  • if it stays offline, run  cello logout  then  cello login.
 ✓ src/spine/j-tofn.spine.test.ts (4 tests) 94419ms
   ✓ J-TOFN — 3-directory spine substrate (DOD-SPINE-1) > each node writes ONLY to its own database — sovereign isolation, real DKG per node  33352ms
   ✓ J-TOFN — 3-directory spine substrate (DOD-SPINE-1) > daemon resolves the FULL 3-node consortium roster from a verified manifest (DOD-MANIFEST-1)  600ms
   ✓ J-TOFN — 3-directory spine substrate (DOD-SPINE-1) > daemon REFUSES a forged 3-node consortium manifest — no silent downgrade (DOD-MANIFEST-1)  411ms
 Container trustless-cello-postgres-1  Running
 Container trustless-cello-postgres-1  Waiting
 Container trustless-cello-postgres-1  Healthy
DROP DATABASE
CREATE DATABASE
 Container trustless-cello-postgres-1  Running
OpenJDK 64-Bit Server VM warning: Unable to get SVE vector length on this system. Disabling SVE. Specify -XX:UseSVE=0 to shun this warning.
Flyway OSS Edition 11.13.2 by Redgate

See release notes here: https://rd.gt/416ObMi
Database: jdbc:postgresql://postgres:5432/cello_spine (PostgreSQL 18.4)
WARNING: Using PostgreSQL 18.4 which is newer than the version Flyway has been verified with. The latest verified version of PostgreSQL is 17.
Schema history table "public"."flyway_schema_history" does not exist yet
Successfully validated 64 migrations (execution time 00:00.030s)
Creating Schema History table "public"."flyway_schema_history" ...
Current version of schema "public": << Empty Schema >>
WARNING: DB: relation "notification_queue" already exists, skipping (SQL State: 42P07 - Error Code: 0)
DB: policy "delete_own" for relation "notification_queue" does not exist, skipping
DB: policy "select_by_pubkey" for relation "notification_queue" does not exist, skipping
DB: policy "delete_by_pubkey" for relation "notification_queue" does not exist, skipping
WARNING: DB: relation "pending_connection_requests" already exists, skipping (SQL State: 42P07 - Error Code: 0)
DB: policy "delete_own" for relation "pending_connection_requests" does not exist, skipping
DB: policy "delete_all" for relation "pending_connection_requests" does not exist, skipping
DB: policy "insert_only" for relation "pending_notifications" does not exist, skipping
DB: policy "select_all" for relation "pending_notifications" does not exist, skipping
DB: policy "delete_all" for relation "pending_notifications" does not exist, skipping
DB: policy "select_by_recipient" for relation "pending_notifications" does not exist, skipping
DB: policy "delete_by_recipient" for relation "pending_notifications" does not exist, skipping
DB: policy "insert_only" for relation "agent_revocations" does not exist, skipping
DB: policy "select_all" for relation "agent_revocations" does not exist, skipping
DB: policy "insert_only" for relation "agent_account_links" does not exist, skipping
DB: policy "select_all" for relation "agent_account_links" does not exist, skipping
DB: policy "insert_only" for relation "account_email_stubs" does not exist, skipping
DB: policy "select_all" for relation "account_email_stubs" does not exist, skipping
DB: policy "insert_only" for relation "signal_revocations" does not exist, skipping
DB: policy "select_all" for relation "signal_revocations" does not exist, skipping
Successfully applied 64 migrations to schema "public", now at version v64 (execution time 00:00.252s)

--------------------------------------------------------------------------------------------------------
A more recent version of Flyway is available. Find out more about Flyway 13.4.0 at https://rd.gt/3rXiSlV
--------------------------------------------------------------------------------------------------------
Next: run  cello status  to confirm 'canaryA' is registered.
  • it's normal for this to take a minute or two while registration settles.
  • ready = the agent shows state 'online' and directory_signaling 'connected'.
  • if it stays offline, run  cello logout  then  cello login.
Next: run  cello status  to confirm 'canaryB' is registered.
  • it's normal for this to take a minute or two while registration settles.
  • ready = the agent shows state 'online' and directory_signaling 'connected'.
  • if it stays offline, run  cello logout  then  cello login.
{"event":"notification.channel.forwarded","type":"agent_state_changed","agent":"canaryA"}
{"event":"notification.channel.forwarded","type":"agent_current_changed","agent":"canaryA"}
{"event":"notification.channel.forwarded","type":"agent_current_changed","agent":"canaryB"}
{"event":"notification.channel.forwarded","type":"session_state_changed","agent":"canaryB"}
 ✓ src/spine/j-canary.spine.test.ts (1 test) 51531ms
   ✓ J-CANARY — DOD-ZEROBUMP-CANARY-1: a type the system has never seen, live, zero diffs > canary_test type: compose→submit→deliver→present→verify→consume→floor→retire — git stays clean  23992ms
 Container trustless-cello-postgres-1  Running
 Container trustless-cello-postgres-1  Waiting
 Container trustless-cello-postgres-1  Healthy
DROP DATABASE
CREATE DATABASE
 Container trustless-cello-postgres-1  Running
OpenJDK 64-Bit Server VM warning: Unable to get SVE vector length on this system. Disabling SVE. Specify -XX:UseSVE=0 to shun this warning.
Flyway OSS Edition 11.13.2 by Redgate

See release notes here: https://rd.gt/416ObMi
Database: jdbc:postgresql://postgres:5432/cello_spine (PostgreSQL 18.4)
WARNING: Using PostgreSQL 18.4 which is newer than the version Flyway has been verified with. The latest verified version of PostgreSQL is 17.
Schema history table "public"."flyway_schema_history" does not exist yet
Successfully validated 64 migrations (execution time 00:00.022s)
Creating Schema History table "public"."flyway_schema_history" ...
Current version of schema "public": << Empty Schema >>
WARNING: DB: relation "notification_queue" already exists, skipping (SQL State: 42P07 - Error Code: 0)
DB: policy "delete_own" for relation "notification_queue" does not exist, skipping
DB: policy "select_by_pubkey" for relation "notification_queue" does not exist, skipping
DB: policy "delete_by_pubkey" for relation "notification_queue" does not exist, skipping
WARNING: DB: relation "pending_connection_requests" already exists, skipping (SQL State: 42P07 - Error Code: 0)
DB: policy "delete_own" for relation "pending_connection_requests" does not exist, skipping
DB: policy "delete_all" for relation "pending_connection_requests" does not exist, skipping
DB: policy "insert_only" for relation "pending_notifications" does not exist, skipping
DB: policy "select_all" for relation "pending_notifications" does not exist, skipping
DB: policy "delete_all" for relation "pending_notifications" does not exist, skipping
DB: policy "select_by_recipient" for relation "pending_notifications" does not exist, skipping
DB: policy "delete_by_recipient" for relation "pending_notifications" does not exist, skipping
DB: policy "insert_only" for relation "agent_revocations" does not exist, skipping
DB: policy "select_all" for relation "agent_revocations" does not exist, skipping
DB: policy "insert_only" for relation "agent_account_links" does not exist, skipping
DB: policy "select_all" for relation "agent_account_links" does not exist, skipping
DB: policy "insert_only" for relation "account_email_stubs" does not exist, skipping
DB: policy "select_all" for relation "account_email_stubs" does not exist, skipping
DB: policy "insert_only" for relation "signal_revocations" does not exist, skipping
DB: policy "select_all" for relation "signal_revocations" does not exist, skipping
Successfully applied 64 migrations to schema "public", now at version v64 (execution time 00:00.214s)
Next: run  cello status  to confirm 'agentA' is registered.
  • it's normal for this to take a minute or two while registration settles.
  • ready = the agent shows state 'online' and directory_signaling 'connected'.
  • if it stays offline, run  cello logout  then  cello login.
Next: run  cello status  to confirm 'agentB' is registered.
  • it's normal for this to take a minute or two while registration settles.
  • ready = the agent shows state 'online' and directory_signaling 'connected'.
  • if it stays offline, run  cello logout  then  cello login.
{"event":"notification.channel.forwarded","type":"agent_current_changed","agent":"agentA"}
{"event":"notification.channel.forwarded","type":"agent_current_changed","agent":"agentB"}
{"event":"notification.channel.forwarded","type":"session_state_changed","agent":"agentB"}
{"event":"notification.channel.forwarded","type":"cello_message","agent":"agentB"}
stdout | src/spine/j-relayloss.spine.test.ts > J-RELAYLOSS — kill a relay mid-conversation and watch (016-RELAYLOSS) > records what an operator gets when their relay stops answering
RECORD Q0 healthy send response: {"ok":true,"sequence_number":0,"delivered":true,"modified":false,"witnessed":true}
RECORD Q0 healthy send: own_leaf_unwitnessed count: 0

stdout | src/spine/j-relayloss.spine.test.ts > J-RELAYLOSS — kill a relay mid-conversation and watch (016-RELAYLOSS) > records what an operator gets when their relay stops answering
RECORD Q0 standing_receiver_reachability at first read: retrying
RECORD Q0 standing_receiver_reachability after waiting: retrying
RECORD Q4 measurable on this harness: no — the receiver never became reserved within 180s
RECORD Q5 measurable on this harness: NO — question 5 asks about a DIFFERENT relay and this harness runs one. Answered from the production log.
RECORD T0 relay black-holed at: 2026-09-02T18:03:40.100Z

stdout | src/spine/j-relayloss.spine.test.ts > J-RELAYLOSS — kill a relay mid-conversation and watch (016-RELAYLOSS) > records what an operator gets when their relay stops answering
RECORD Q1 send during outage: elapsed ms: 10013
RECORD Q1 send during outage: FULL response: {"ok":true,"sequence_number":1,"delivered":true,"modified":false,"witnessed":false,"guidance":"Delivered and in your transcript — but the relay did not witness it, so the ordering authority has no copy of it: the counterparty has your message, and neither of you has independent proof you sent it. Do NOT resend: that adds a second copy to your record and does not witness the first. ORDERING DOES NOT REPAIR ITSELF — your record is now one leaf ahead of the relay's, so the next message the relay DOES witness will report this session as diverged, and a diverged session can never be sealed with the counterparty. If the receipt matters, stop sending and close now; if you keep talking, do it knowing this conversation is unlikely to produce one."}

{"event":"notification.channel.forwarded","type":"cello_message","agent":"agentB"}
stdout | src/spine/j-relayloss.spine.test.ts > J-RELAYLOSS — kill a relay mid-conversation and watch (016-RELAYLOSS) > records what an operator gets when their relay stops answering
RECORD Q1b counterparty received it during the outage: during the outage [[OVER]]

stdout | src/spine/j-relayloss.spine.test.ts > J-RELAYLOSS — kill a relay mid-conversation and watch (016-RELAYLOSS) > records what an operator gets when their relay stops answering
RECORD Q2 own_leaf_unwitnessed count after the outage send: 1
RECORD Q2 the daemon's own words: {"level":"error","event":"session.tree.own_leaf_unwitnessed","sessionId":"6547ea57d06f01a00dde0419b7a081e0","leafIndex":1,"kind":"msg","correlationId":"fdfc520d-ed44-416d-a9d4-4d2edc5151cf","impact":"this message was appended to the local record with NO relay witness, so the ordering authority has no copy of it. The counterparty's tree cannot gain this leaf from the relay, so the two records may no longer agree — and a bilateral seal needs them to.","guidance":"Usually the relay was briefly unreachable and the next send re-establishes ordering. If it repeats, the relay is not carrying this session: check connectivity before closing, because sealing on a record the counterparty cannot match produces a receipt only one side can verify.","ts":"2026-09-02T18:03:50.113Z"}
RECORD Q2b does the send response name the missing witness: yes
RECORD Q6 cello status ~immediately after the relay died: {
  "daemon": "running",
  "directory_signaling": "connected",
  "directory_authentication": "enforced",
  "agents": [
    {
      "name": "agentA",
      "state": "online",
      "pubkey": "e3d8205dc7d7582ad2d816240bb8206b2408e1aba600f5003da36f10a23dacd4",
      "standing_receiver_ready": true,
      "standing_receiver_reachability": "retrying"
    }
  ],
  "standing_receiver_ready": true,
  "retryQueueDepth": 0,
  "interrupted_sessions": [],
  "active_sessions": [
    {
      "sessionId": "6547ea57d06f01a00dde0419b7a081e0",
      "agentName": "agentA",
      "counterpartyPubkey": "fad23b90d1b82bf8f82403de99662f851bc667aa272bc568643be9b4360f61f6",
      "liveness": "alive",
      "sessionName": null,
      "sealReadiness": {
        "state": "unknown",
        "reason": "witness_state_predates_daemon_start"
      },
      "sealing": false
    }
  ]
}
RECORD Q4a ms from a MUTE relay to reservation.lost: not measured here — the receiver was not yet reserved at t0; measured in phase 5 instead
RECORD Q5 rebuild against a different relay: not measurable here — this harness runs ONE relay

stdout | src/spine/j-relayloss.spine.test.ts > J-RELAYLOSS — kill a relay mid-conversation and watch (016-RELAYLOSS) > records what an operator gets when their relay stops answering
RECORD Q3 close during outage: elapsed ms: 10019
RECORD Q3 close during outage: A's FULL response: {"ok":true,"sessionId":"6547ea57d06f01a00dde0419b7a081e0","status":"seal_interrupted_pending","rootHex":"ea4055d79ac9aba5d6d9ff7f38b4889474e829bedb78d0fe2653fbe3e33b4573"}
RECORD Q3 close during outage: B's FULL response: {"ok":false,"reason":"relay_submit_timeout","guidance":"The SEAL leaf could not be submitted to the relay witness. Retry once the relay is reachable (cello status)."}

stdout | src/spine/j-relayloss.spine.test.ts > J-RELAYLOSS — kill a relay mid-conversation and watch (016-RELAYLOSS) > records what an operator gets when their relay stops answering
RECORD Q3 DID IT SEAL WHILE THE RELAY WAS GONE: NO — no sealed_root within 45s
RECORD Q3 last sealed-receipt answer during the outage: {"ok":false,"reason":"not_sealed_yet","guidance":"This session exists but is not sealed yet, and no seal ceremony is currently running for it. Close it with cello_close_session (it will answer immediately with seal_status \"committed\" and notarize in the background), then retry this once that finishes. IF cello_close_session ALREADY reported session_already_sealed, do not close again — both answers are true and they point at each other. The seal completion never reached this side, so no local certificate exists and none can be produced here. Do NOT use { force: true } to break out: it PERMANENTLY forfeits this side's half, and a receipt you cannot yet verify is still recoverable where a forfeited one never is. Leave the session as it is and tell the operator the session id and the counterparty's pubkey — this is a known daemon defect (the seal completion is pushed with no pull twin), not an error they caused."}
RECORD T1 relay restored at: 2026-09-02T18:04:47.783Z

{"event":"notification.channel.forwarded","type":"session_state_changed","agent":"agentB"}
stdout | src/spine/j-relayloss.spine.test.ts > J-RELAYLOSS — kill a relay mid-conversation and watch (016-RELAYLOSS) > records what an operator gets when their relay stops answering
RECORD Q4b a NEW session could be opened after the relay came back: yes

{"event":"notification.channel.forwarded","type":"cello_message","agent":"agentB"}
stdout | src/spine/j-relayloss.spine.test.ts > J-RELAYLOSS — kill a relay mid-conversation and watch (016-RELAYLOSS) > records what an operator gets when their relay stops answering
RECORD Q4b ms from relay restored to a WITNESSED send: 2146
RECORD Q4b the recovery send was witnessed: yes
RECORD Q4b recovery send response: {"ok":true,"sequence_number":0,"delivered":true,"modified":false,"witnessed":true}

stdout | src/spine/j-relayloss.spine.test.ts > J-RELAYLOSS — kill a relay mid-conversation and watch (016-RELAYLOSS) > records what an operator gets when their relay stops answering
RECORD Q3b DID THE SEAL COMPLETE ONCE THE RELAY CAME BACK: NO
RECORD Q3b last sealed-receipt answer after recovery: {"ok":false,"reason":"not_sealed_yet","guidance":"This session exists but is not sealed yet, and no seal ceremony is currently running for it. Close it with cello_close_session (it will answer immediately with seal_status \"committed\" and notarize in the background), then retry this once that finishes. IF cello_close_session ALREADY reported session_already_sealed, do not close again — both answers are true and they point at each other. The seal completion never reached this side, so no local certificate exists and none can be produced here. Do NOT use { force: true } to break out: it PERMANENTLY forfeits this side's half, and a receipt you cannot yet verify is still recoverable where a forfeited one never is. Leave the session as it is and tell the operator the session id and the counterparty's pubkey — this is a known daemon defect (the seal completion is pushed with no pull twin), not an error they caused."}

stdout | src/spine/j-relayloss.spine.test.ts > J-RELAYLOSS — kill a relay mid-conversation and watch (016-RELAYLOSS) > records what an operator gets when their relay stops answering
RECORD Q3c B re-closes after recovery (the remedy its own guidance named): {"ok":false,"reason":"seal_counterparty_present","guidance":"The counterparty is online right now, so a solo seal is refused — it would record them ABSENT on a permanent receipt, which would be false. Nothing is wrong and nothing is lost. Close the conversation together and the seal completes BILATERALLY, which is the stronger receipt anyway. If they do go offline, retry cello_close_session then."}

stdout | src/spine/j-relayloss.spine.test.ts > J-RELAYLOSS — kill a relay mid-conversation and watch (016-RELAYLOSS) > records what an operator gets when their relay stops answering
RECORD Q3c DOES A MANUAL RE-CLOSE RECOVER THE RECEIPT: NO — the receipt is not recoverable by re-closing
RECORD Q3c last sealed-receipt answer after the re-close: {"ok":false,"reason":"not_sealed_yet","guidance":"This session exists but is not sealed yet, and no seal ceremony is currently running for it. Close it with cello_close_session (it will answer immediately with seal_status \"committed\" and notarize in the background), then retry this once that finishes. IF cello_close_session ALREADY reported session_already_sealed, do not close again — both answers are true and they point at each other. The seal completion never reached this side, so no local certificate exists and none can be produced here. Do NOT use { force: true } to break out: it PERMANENTLY forfeits this side's half, and a receipt you cannot yet verify is still recoverable where a forfeited one never is. Leave the session as it is and tell the operator the session id and the counterparty's pubkey — this is a known daemon defect (the seal completion is pushed with no pull twin), not an error they caused."}
RECORD Q4 standing_receiver_reachability before the timed kills: reserved

stdout | src/spine/j-relayloss.spine.test.ts > J-RELAYLOSS — kill a relay mid-conversation and watch (016-RELAYLOSS) > records what an operator gets when their relay stops answering
RECORD Q4 ms from a MUTE relay to the daemon noticing (the silent window): 43385
RECORD Q4 what `cello status` reported during the mute outage: 
RECORD Q4 the lost event on the mute path: {"level":"warn","event":"session.standing_receiver.reservation.lost","agentName":"agentA","relayPeerId":"12D3KooWADo1gQNKgWNFdMzYGtM6AbnSxv8s1hs49dYKv43kg2L5","reason":"relay_connection_gone","upstreamReason":"The operation was aborted due to timeout","ts":"2026-09-02T18:10:05.090Z"}

stdout | src/spine/j-relayloss.spine.test.ts > J-RELAYLOSS — kill a relay mid-conversation and watch (016-RELAYLOSS) > records what an operator gets when their relay stops answering
RECORD Q4 reachability after restoring the relay: reserved
RECORD Q4c standing_receiver_reachability just before the kill: reserved

stdout | src/spine/j-relayloss.spine.test.ts > J-RELAYLOSS — kill a relay mid-conversation and watch (016-RELAYLOSS) > records what an operator gets when their relay stops answering
RECORD T2 relay process SIGKILLed at: 2026-09-02T18:10:09.216Z

stdout | src/spine/j-relayloss.spine.test.ts > J-RELAYLOSS — kill a relay mid-conversation and watch (016-RELAYLOSS) > records what an operator gets when their relay stops answering
RECORD Q4c ms from a KILLED relay process to reservation.lost: 25876
RECORD Q4c reader-ended cause on the kill path: {"level":"warn","event":"session.relay.reader.ended","relayPeerId":"12D3KooWADo1gQNKgWNFdMzYGtM6AbnSxv8s1hs49dYKv43kg2L5","error":"The operation was aborted due to timeout","ts":"2026-09-02T18:09:55.831Z"}

stdout | src/spine/j-relayloss.spine.test.ts

===== 016-RELAYLOSS ANSWERS =====
Q0 healthy send response: {"ok":true,"sequence_number":0,"delivered":true,"modified":false,"witnessed":true}
Q0 healthy send: own_leaf_unwitnessed count: 0
Q0 standing_receiver_reachability at first read: retrying
Q0 standing_receiver_reachability after waiting: retrying
Q4 measurable on this harness: no — the receiver never became reserved within 180s
Q5 measurable on this harness: NO — question 5 asks about a DIFFERENT relay and this harness runs one. Answered from the production log.
T0 relay black-holed at: 2026-09-02T18:03:40.100Z
Q1 send during outage: elapsed ms: 10013
Q1 send during outage: FULL response: {"ok":true,"sequence_number":1,"delivered":true,"modified":false,"witnessed":false,"guidance":"Delivered and in your transcript — but the relay did not witness it, so the ordering authority has no copy of it: the counterparty has your message, and neither of you has independent proof you sent it. Do NOT resend: that adds a second copy to your record and does not witness the first. ORDERING DOES NOT REPAIR ITSELF — your record is now one leaf ahead of the relay's, so the next message the relay DOES witness will report this session as diverged, and a diverged session can never be sealed with the counterparty. If the receipt matters, stop sending and close now; if you keep talking, do it knowing this conversation is unlikely to produce one."}
Q1b counterparty received it during the outage: during the outage [[OVER]]
Q2 own_leaf_unwitnessed count after the outage send: 1
Q2 the daemon's own words: {"level":"error","event":"session.tree.own_leaf_unwitnessed","sessionId":"6547ea57d06f01a00dde0419b7a081e0","leafIndex":1,"kind":"msg","correlationId":"fdfc520d-ed44-416d-a9d4-4d2edc5151cf","impact":"this message was appended to the local record with NO relay witness, so the ordering authority has no copy of it. The counterparty's tree cannot gain this leaf from the relay, so the two records may no longer agree — and a bilateral seal needs them to.","guidance":"Usually the relay was briefly unreachable and the next send re-establishes ordering. If it repeats, the relay is not carrying this session: check connectivity before closing, because sealing on a record the counterparty cannot match produces a receipt only one side can verify.","ts":"2026-09-02T18:03:50.113Z"}
Q2b does the send response name the missing witness: yes
Q6 cello status ~immediately after the relay died: {
  "daemon": "running",
  "directory_signaling": "connected",
  "directory_authentication": "enforced",
  "agents": [
    {
      "name": "agentA",
      "state": "online",
      "pubkey": "e3d8205dc7d7582ad2d816240bb8206b2408e1aba600f5003da36f10a23dacd4",
      "standing_receiver_ready": true,
      "standing_receiver_reachability": "retrying"
    }
  ],
  "standing_receiver_ready": true,
  "retryQueueDepth": 0,
  "interrupted_sessions": [],
  "active_sessions": [
    {
      "sessionId": "6547ea57d06f01a00dde0419b7a081e0",
      "agentName": "agentA",
      "counterpartyPubkey": "fad23b90d1b82bf8f82403de99662f851bc667aa272bc568643be9b4360f61f6",
      "liveness": "alive",
      "sessionName": null,
      "sealReadiness": {
        "state": "unknown",
        "reason": "witness_state_predates_daemon_start"
      },
      "sealing": false
    }
  ]
}
Q4a ms from a MUTE relay to reservation.lost: not measured here — the receiver was not yet reserved at t0; measured in phase 5 instead
Q5 rebuild against a different relay: not measurable here — this harness runs ONE relay
Q3 close during outage: elapsed ms: 10019
Q3 close during outage: A's FULL response: {"ok":true,"sessionId":"6547ea57d06f01a00dde0419b7a081e0","status":"seal_interrupted_pending","rootHex":"ea4055d79ac9aba5d6d9ff7f38b4889474e829bedb78d0fe2653fbe3e33b4573"}
Q3 close during outage: B's FULL response: {"ok":false,"reason":"relay_submit_timeout","guidance":"The SEAL leaf could not be submitted to the relay witness. Retry once the relay is reachable (cello status)."}
Q3 DID IT SEAL WHILE THE RELAY WAS GONE: NO — no sealed_root within 45s
Q3 last sealed-receipt answer during the outage: {"ok":false,"reason":"not_sealed_yet","guidance":"This session exists but is not sealed yet, and no seal ceremony is currently running for it. Close it with cello_close_session (it will answer immediately with seal_status \"committed\" and notarize in the background), then retry this once that finishes. IF cello_close_session ALREADY reported session_already_sealed, do not close again — both answers are true and they point at each other. The seal completion never reached this side, so no local certificate exists and none can be produced here. Do NOT use { force: true } to break out: it PERMANENTLY forfeits this side's half, and a receipt you cannot yet verify is still recoverable where a forfeited one never is. Leave the session as it is and tell the operator the session id and the counterparty's pubkey — this is a known daemon defect (the seal completion is pushed with no pull twin), not an error they caused."}
T1 relay restored at: 2026-09-02T18:04:47.783Z
Q4b a NEW session could be opened after the relay came back: yes
Q4b ms from relay restored to a WITNESSED send: 2146
Q4b the recovery send was witnessed: yes
Q4b recovery send response: {"ok":true,"sequence_number":0,"delivered":true,"modified":false,"witnessed":true}
Q3b DID THE SEAL COMPLETE ONCE THE RELAY CAME BACK: NO
Q3b last sealed-receipt answer after recovery: {"ok":false,"reason":"not_sealed_yet","guidance":"This session exists but is not sealed yet, and no seal ceremony is currently running for it. Close it with cello_close_session (it will answer immediately with seal_status \"committed\" and notarize in the background), then retry this once that finishes. IF cello_close_session ALREADY reported session_already_sealed, do not close again — both answers are true and they point at each other. The seal completion never reached this side, so no local certificate exists and none can be produced here. Do NOT use { force: true } to break out: it PERMANENTLY forfeits this side's half, and a receipt you cannot yet verify is still recoverable where a forfeited one never is. Leave the session as it is and tell the operator the session id and the counterparty's pubkey — this is a known daemon defect (the seal completion is pushed with no pull twin), not an error they caused."}
Q3c B re-closes after recovery (the remedy its own guidance named): {"ok":false,"reason":"seal_counterparty_present","guidance":"The counterparty is online right now, so a solo seal is refused — it would record them ABSENT on a permanent receipt, which would be false. Nothing is wrong and nothing is lost. Close the conversation together and the seal completes BILATERALLY, which is the stronger receipt anyway. If they do go offline, retry cello_close_session then."}
Q3c DOES A MANUAL RE-CLOSE RECOVER THE RECEIPT: NO — the receipt is not recoverable by re-closing
Q3c last sealed-receipt answer after the re-close: {"ok":false,"reason":"not_sealed_yet","guidance":"This session exists but is not sealed yet, and no seal ceremony is currently running for it. Close it with cello_close_session (it will answer immediately with seal_status \"committed\" and notarize in the background), then retry this once that finishes. IF cello_close_session ALREADY reported session_already_sealed, do not close again — both answers are true and they point at each other. The seal completion never reached this side, so no local certificate exists and none can be produced here. Do NOT use { force: true } to break out: it PERMANENTLY forfeits this side's half, and a receipt you cannot yet verify is still recoverable where a forfeited one never is. Leave the session as it is and tell the operator the session id and the counterparty's pubkey — this is a known daemon defect (the seal completion is pushed with no pull twin), not an error they caused."}
Q4 standing_receiver_reachability before the timed kills: reserved
Q4 ms from a MUTE relay to the daemon noticing (the silent window): 43385
Q4 what `cello status` reported during the mute outage: 
Q4 the lost event on the mute path: {"level":"warn","event":"session.standing_receiver.reservation.lost","agentName":"agentA","relayPeerId":"12D3KooWADo1gQNKgWNFdMzYGtM6AbnSxv8s1hs49dYKv43kg2L5","reason":"relay_connection_gone","upstreamReason":"The operation was aborted due to timeout","ts":"2026-09-02T18:10:05.090Z"}
Q4 reachability after restoring the relay: reserved
Q4c standing_receiver_reachability just before the kill: reserved
T2 relay process SIGKILLed at: 2026-09-02T18:10:09.216Z
Q4c ms from a KILLED relay process to reservation.lost: 25876
Q4c reader-ended cause on the kill path: {"level":"warn","event":"session.relay.reader.ended","relayPeerId":"12D3KooWADo1gQNKgWNFdMzYGtM6AbnSxv8s1hs49dYKv43kg2L5","error":"The operation was aborted due to timeout","ts":"2026-09-02T18:09:55.831Z"}
=================================

 ✓ src/spine/j-relayloss.spine.test.ts (1 test) 627892ms
   ✓ J-RELAYLOSS — kill a relay mid-conversation and watch (016-RELAYLOSS) > records what an operator gets when their relay stops answering  601292ms
 Container trustless-cello-postgres-1  Running
 Container trustless-cello-postgres-1  Waiting
 Container trustless-cello-postgres-1  Healthy
DROP DATABASE
CREATE DATABASE
 Container trustless-cello-postgres-1  Running
OpenJDK 64-Bit Server VM warning: Unable to get SVE vector length on this system. Disabling SVE. Specify -XX:UseSVE=0 to shun this warning.
Flyway OSS Edition 11.13.2 by Redgate

See release notes here: https://rd.gt/416ObMi
Database: jdbc:postgresql://postgres:5432/cello_spine_0 (PostgreSQL 18.4)
WARNING: Using PostgreSQL 18.4 which is newer than the version Flyway has been verified with. The latest verified version of PostgreSQL is 17.
Schema history table "public"."flyway_schema_history" does not exist yet
Successfully validated 64 migrations (execution time 00:00.023s)
Creating Schema History table "public"."flyway_schema_history" ...
Current version of schema "public": << Empty Schema >>
WARNING: DB: relation "notification_queue" already exists, skipping (SQL State: 42P07 - Error Code: 0)
DB: policy "delete_own" for relation "notification_queue" does not exist, skipping
DB: policy "select_by_pubkey" for relation "notification_queue" does not exist, skipping
DB: policy "delete_by_pubkey" for relation "notification_queue" does not exist, skipping
WARNING: DB: relation "pending_connection_requests" already exists, skipping (SQL State: 42P07 - Error Code: 0)
DB: policy "delete_own" for relation "pending_connection_requests" does not exist, skipping
DB: policy "delete_all" for relation "pending_connection_requests" does not exist, skipping
DB: policy "insert_only" for relation "pending_notifications" does not exist, skipping
DB: policy "select_all" for relation "pending_notifications" does not exist, skipping
DB: policy "delete_all" for relation "pending_notifications" does not exist, skipping
DB: policy "select_by_recipient" for relation "pending_notifications" does not exist, skipping
DB: policy "delete_by_recipient" for relation "pending_notifications" does not exist, skipping
DB: policy "insert_only" for relation "agent_revocations" does not exist, skipping
DB: policy "select_all" for relation "agent_revocations" does not exist, skipping
DB: policy "insert_only" for relation "agent_account_links" does not exist, skipping
DB: policy "select_all" for relation "agent_account_links" does not exist, skipping
DB: policy "insert_only" for relation "account_email_stubs" does not exist, skipping
DB: policy "select_all" for relation "account_email_stubs" does not exist, skipping
DB: policy "insert_only" for relation "signal_revocations" does not exist, skipping
DB: policy "select_all" for relation "signal_revocations" does not exist, skipping
Successfully applied 64 migrations to schema "public", now at version v64 (execution time 00:00.228s)
DROP DATABASE
CREATE DATABASE
 Container trustless-cello-postgres-1  Running
OpenJDK 64-Bit Server VM warning: Unable to get SVE vector length on this system. Disabling SVE. Specify -XX:UseSVE=0 to shun this warning.
Flyway OSS Edition 11.13.2 by Redgate

See release notes here: https://rd.gt/416ObMi
Database: jdbc:postgresql://postgres:5432/cello_spine_1 (PostgreSQL 18.4)
WARNING: Using PostgreSQL 18.4 which is newer than the version Flyway has been verified with. The latest verified version of PostgreSQL is 17.
Schema history table "public"."flyway_schema_history" does not exist yet
Successfully validated 64 migrations (execution time 00:00.033s)
Creating Schema History table "public"."flyway_schema_history" ...
Current version of schema "public": << Empty Schema >>
WARNING: DB: relation "notification_queue" already exists, skipping (SQL State: 42P07 - Error Code: 0)
DB: policy "delete_own" for relation "notification_queue" does not exist, skipping
DB: policy "select_by_pubkey" for relation "notification_queue" does not exist, skipping
DB: policy "delete_by_pubkey" for relation "notification_queue" does not exist, skipping
WARNING: DB: relation "pending_connection_requests" already exists, skipping (SQL State: 42P07 - Error Code: 0)
DB: policy "delete_own" for relation "pending_connection_requests" does not exist, skipping
DB: policy "delete_all" for relation "pending_connection_requests" does not exist, skipping
DB: policy "insert_only" for relation "pending_notifications" does not exist, skipping
DB: policy "select_all" for relation "pending_notifications" does not exist, skipping
DB: policy "delete_all" for relation "pending_notifications" does not exist, skipping
DB: policy "select_by_recipient" for relation "pending_notifications" does not exist, skipping
DB: policy "delete_by_recipient" for relation "pending_notifications" does not exist, skipping
DB: policy "insert_only" for relation "agent_revocations" does not exist, skipping
DB: policy "select_all" for relation "agent_revocations" does not exist, skipping
DB: policy "insert_only" for relation "agent_account_links" does not exist, skipping
DB: policy "select_all" for relation "agent_account_links" does not exist, skipping
DB: policy "insert_only" for relation "account_email_stubs" does not exist, skipping
DB: policy "select_all" for relation "account_email_stubs" does not exist, skipping
DB: policy "insert_only" for relation "signal_revocations" does not exist, skipping
DB: policy "select_all" for relation "signal_revocations" does not exist, skipping
Successfully applied 64 migrations to schema "public", now at version v64 (execution time 00:00.290s)

--------------------------------------------------------------------------------------------------------
A more recent version of Flyway is available. Find out more about Flyway 13.4.0 at https://rd.gt/3rXiSlV
--------------------------------------------------------------------------------------------------------
DROP DATABASE
CREATE DATABASE
 Container trustless-cello-postgres-1  Running
OpenJDK 64-Bit Server VM warning: Unable to get SVE vector length on this system. Disabling SVE. Specify -XX:UseSVE=0 to shun this warning.
Flyway OSS Edition 11.13.2 by Redgate

See release notes here: https://rd.gt/416ObMi
Database: jdbc:postgresql://postgres:5432/cello_spine_2 (PostgreSQL 18.4)
WARNING: Using PostgreSQL 18.4 which is newer than the version Flyway has been verified with. The latest verified version of PostgreSQL is 17.
Schema history table "public"."flyway_schema_history" does not exist yet
Successfully validated 64 migrations (execution time 00:00.036s)
Creating Schema History table "public"."flyway_schema_history" ...
Current version of schema "public": << Empty Schema >>
WARNING: DB: relation "notification_queue" already exists, skipping (SQL State: 42P07 - Error Code: 0)
DB: policy "delete_own" for relation "notification_queue" does not exist, skipping
DB: policy "select_by_pubkey" for relation "notification_queue" does not exist, skipping
DB: policy "delete_by_pubkey" for relation "notification_queue" does not exist, skipping
WARNING: DB: relation "pending_connection_requests" already exists, skipping (SQL State: 42P07 - Error Code: 0)
DB: policy "delete_own" for relation "pending_connection_requests" does not exist, skipping
DB: policy "delete_all" for relation "pending_connection_requests" does not exist, skipping
DB: policy "insert_only" for relation "pending_notifications" does not exist, skipping
DB: policy "select_all" for relation "pending_notifications" does not exist, skipping
DB: policy "delete_all" for relation "pending_notifications" does not exist, skipping
DB: policy "select_by_recipient" for relation "pending_notifications" does not exist, skipping
DB: policy "delete_by_recipient" for relation "pending_notifications" does not exist, skipping
DB: policy "insert_only" for relation "agent_revocations" does not exist, skipping
DB: policy "select_all" for relation "agent_revocations" does not exist, skipping
DB: policy "insert_only" for relation "agent_account_links" does not exist, skipping
DB: policy "select_all" for relation "agent_account_links" does not exist, skipping
DB: policy "insert_only" for relation "account_email_stubs" does not exist, skipping
DB: policy "select_all" for relation "account_email_stubs" does not exist, skipping
DB: policy "insert_only" for relation "signal_revocations" does not exist, skipping
DB: policy "select_all" for relation "signal_revocations" does not exist, skipping
Successfully applied 64 migrations to schema "public", now at version v64 (execution time 00:00.358s)

--------------------------------------------------------------------------------------------------------
A more recent version of Flyway is available. Find out more about Flyway 13.4.0 at https://rd.gt/3rXiSlV
--------------------------------------------------------------------------------------------------------
Next: run  cello status  to confirm 'agentA' is registered.
  • it's normal for this to take a minute or two while registration settles.
  • ready = the agent shows state 'online' and directory_signaling 'connected'.
  • if it stays offline, run  cello logout  then  cello login.
Next: run  cello status  to confirm 'agentB' is registered.
  • it's normal for this to take a minute or two while registration settles.
  • ready = the agent shows state 'online' and directory_signaling 'connected'.
  • if it stays offline, run  cello logout  then  cello login.
{"event":"notification.channel.forwarded","type":"agent_current_changed","agent":"agentA"}
{"event":"notification.channel.forwarded","type":"agent_current_changed","agent":"agentB"}
{"event":"notification.channel.forwarded","type":"session_state_changed","agent":"agentB"}
{"event":"notification.channel.forwarded","type":"cello_message","agent":"agentB"}
cello-mcp: daemon connection lost — reconnecting…
Next: run  cello status  to confirm 'agentA' is registered.
  • it's normal for this to take a minute or two while registration settles.
  • ready = the agent shows state 'online' and directory_signaling 'connected'.
  • if it stays offline, run  cello logout  then  cello login.
Next: run  cello status  to confirm 'agentB' is registered.
  • it's normal for this to take a minute or two while registration settles.
  • ready = the agent shows state 'online' and directory_signaling 'connected'.
  • if it stays offline, run  cello logout  then  cello login.
{"event":"notification.channel.forwarded","type":"agent_current_changed","agent":"agentA"}
{"event":"notification.channel.forwarded","type":"agent_current_changed","agent":"agentB"}
{"event":"notification.channel.forwarded","type":"session_state_changed","agent":"agentB"}
{"event":"notification.channel.forwarded","type":"cello_message","agent":"agentB"}
cello-mcp: daemon connection lost — reconnecting…
Next: run  cello status  to confirm 'agentA' is registered.
  • it's normal for this to take a minute or two while registration settles.
  • ready = the agent shows state 'online' and directory_signaling 'connected'.
  • if it stays offline, run  cello logout  then  cello login.
Next: run  cello status  to confirm 'agentB' is registered.
  • it's normal for this to take a minute or two while registration settles.
  • ready = the agent shows state 'online' and directory_signaling 'connected'.
  • if it stays offline, run  cello logout  then  cello login.
{"event":"notification.channel.forwarded","type":"agent_current_changed","agent":"agentA"}
{"event":"notification.channel.forwarded","type":"agent_current_changed","agent":"agentB"}
{"event":"notification.channel.forwarded","type":"session_state_changed","agent":"agentB"}
{"event":"notification.channel.forwarded","type":"cello_message","agent":"agentB"}
 ✓ src/spine/j-unilateral.spine.test.ts (3 tests) 78234ms
   ✓ J-UNILATERAL — unilateral seal → real notarization, live (DOD-SEAL-1/2/3) > A seals while B is GONE → directory rebuilds+verifies the root, FROST-notarizes with B ABSENT, A gets a verifiable unilateral certificate  10011ms
   ✓ J-UNILATERAL — DOD-LIVE-2: the ABSENT gate (gone→ABSENT vs alive-but-silent→DELIVERED) > B GONE (relay observed the disconnect) → counterparty recorded ABSENT  2261ms
   ✓ J-UNILATERAL — DOD-LIVE-2: the ABSENT gate (gone→ABSENT vs alive-but-silent→DELIVERED) > B ALIVE but its agent never closes → B's NODE auto-acks → BILATERAL seal, B never recorded ABSENT  2702ms
 Container trustless-cello-postgres-1  Running
 Container trustless-cello-postgres-1  Waiting
 Container trustless-cello-postgres-1  Healthy
DROP DATABASE
CREATE DATABASE
 Container trustless-cello-postgres-1  Running
OpenJDK 64-Bit Server VM warning: Unable to get SVE vector length on this system. Disabling SVE. Specify -XX:UseSVE=0 to shun this warning.
Flyway OSS Edition 11.13.2 by Redgate

See release notes here: https://rd.gt/416ObMi
Database: jdbc:postgresql://postgres:5432/cello_spine_0 (PostgreSQL 18.4)
WARNING: Using PostgreSQL 18.4 which is newer than the version Flyway has been verified with. The latest verified version of PostgreSQL is 17.
Schema history table "public"."flyway_schema_history" does not exist yet
Successfully validated 64 migrations (execution time 00:00.034s)
Creating Schema History table "public"."flyway_schema_history" ...
Current version of schema "public": << Empty Schema >>
WARNING: DB: relation "notification_queue" already exists, skipping (SQL State: 42P07 - Error Code: 0)
DB: policy "delete_own" for relation "notification_queue" does not exist, skipping
DB: policy "select_by_pubkey" for relation "notification_queue" does not exist, skipping
DB: policy "delete_by_pubkey" for relation "notification_queue" does not exist, skipping
WARNING: DB: relation "pending_connection_requests" already exists, skipping (SQL State: 42P07 - Error Code: 0)
DB: policy "delete_own" for relation "pending_connection_requests" does not exist, skipping
DB: policy "delete_all" for relation "pending_connection_requests" does not exist, skipping
DB: policy "insert_only" for relation "pending_notifications" does not exist, skipping
DB: policy "select_all" for relation "pending_notifications" does not exist, skipping
DB: policy "delete_all" for relation "pending_notifications" does not exist, skipping
DB: policy "select_by_recipient" for relation "pending_notifications" does not exist, skipping
DB: policy "delete_by_recipient" for relation "pending_notifications" does not exist, skipping
DB: policy "insert_only" for relation "agent_revocations" does not exist, skipping
DB: policy "select_all" for relation "agent_revocations" does not exist, skipping
DB: policy "insert_only" for relation "agent_account_links" does not exist, skipping
DB: policy "select_all" for relation "agent_account_links" does not exist, skipping
DB: policy "insert_only" for relation "account_email_stubs" does not exist, skipping
DB: policy "select_all" for relation "account_email_stubs" does not exist, skipping
DB: policy "insert_only" for relation "signal_revocations" does not exist, skipping
DB: policy "select_all" for relation "signal_revocations" does not exist, skipping
Successfully applied 64 migrations to schema "public", now at version v64 (execution time 00:00.246s)

--------------------------------------------------------------------------------------------------------
A more recent version of Flyway is available. Find out more about Flyway 13.4.0 at https://rd.gt/3rXiSlV
--------------------------------------------------------------------------------------------------------
DROP DATABASE
CREATE DATABASE
 Container trustless-cello-postgres-1  Running
OpenJDK 64-Bit Server VM warning: Unable to get SVE vector length on this system. Disabling SVE. Specify -XX:UseSVE=0 to shun this warning.
Flyway OSS Edition 11.13.2 by Redgate

See release notes here: https://rd.gt/416ObMi
Database: jdbc:postgresql://postgres:5432/cello_spine_1 (PostgreSQL 18.4)
WARNING: Using PostgreSQL 18.4 which is newer than the version Flyway has been verified with. The latest verified version of PostgreSQL is 17.
Schema history table "public"."flyway_schema_history" does not exist yet
Successfully validated 64 migrations (execution time 00:00.028s)
Creating Schema History table "public"."flyway_schema_history" ...
Current version of schema "public": << Empty Schema >>
WARNING: DB: relation "notification_queue" already exists, skipping (SQL State: 42P07 - Error Code: 0)
DB: policy "delete_own" for relation "notification_queue" does not exist, skipping
DB: policy "select_by_pubkey" for relation "notification_queue" does not exist, skipping
DB: policy "delete_by_pubkey" for relation "notification_queue" does not exist, skipping
WARNING: DB: relation "pending_connection_requests" already exists, skipping (SQL State: 42P07 - Error Code: 0)
DB: policy "delete_own" for relation "pending_connection_requests" does not exist, skipping
DB: policy "delete_all" for relation "pending_connection_requests" does not exist, skipping
DB: policy "insert_only" for relation "pending_notifications" does not exist, skipping
DB: policy "select_all" for relation "pending_notifications" does not exist, skipping
DB: policy "delete_all" for relation "pending_notifications" does not exist, skipping
DB: policy "select_by_recipient" for relation "pending_notifications" does not exist, skipping
DB: policy "delete_by_recipient" for relation "pending_notifications" does not exist, skipping
DB: policy "insert_only" for relation "agent_revocations" does not exist, skipping
DB: policy "select_all" for relation "agent_revocations" does not exist, skipping
DB: policy "insert_only" for relation "agent_account_links" does not exist, skipping
DB: policy "select_all" for relation "agent_account_links" does not exist, skipping
DB: policy "insert_only" for relation "account_email_stubs" does not exist, skipping
DB: policy "select_all" for relation "account_email_stubs" does not exist, skipping
DB: policy "insert_only" for relation "signal_revocations" does not exist, skipping
DB: policy "select_all" for relation "signal_revocations" does not exist, skipping
Successfully applied 64 migrations to schema "public", now at version v64 (execution time 00:00.269s)

--------------------------------------------------------------------------------------------------------
A more recent version of Flyway is available. Find out more about Flyway 13.4.0 at https://rd.gt/3rXiSlV
--------------------------------------------------------------------------------------------------------
DROP DATABASE
CREATE DATABASE
 Container trustless-cello-postgres-1  Running
OpenJDK 64-Bit Server VM warning: Unable to get SVE vector length on this system. Disabling SVE. Specify -XX:UseSVE=0 to shun this warning.
Flyway OSS Edition 11.13.2 by Redgate

See release notes here: https://rd.gt/416ObMi
Database: jdbc:postgresql://postgres:5432/cello_spine_2 (PostgreSQL 18.4)
WARNING: Using PostgreSQL 18.4 which is newer than the version Flyway has been verified with. The latest verified version of PostgreSQL is 17.
Schema history table "public"."flyway_schema_history" does not exist yet
Successfully validated 64 migrations (execution time 00:00.032s)
Creating Schema History table "public"."flyway_schema_history" ...
Current version of schema "public": << Empty Schema >>
WARNING: DB: relation "notification_queue" already exists, skipping (SQL State: 42P07 - Error Code: 0)
DB: policy "delete_own" for relation "notification_queue" does not exist, skipping
DB: policy "select_by_pubkey" for relation "notification_queue" does not exist, skipping
DB: policy "delete_by_pubkey" for relation "notification_queue" does not exist, skipping
WARNING: DB: relation "pending_connection_requests" already exists, skipping (SQL State: 42P07 - Error Code: 0)
DB: policy "delete_own" for relation "pending_connection_requests" does not exist, skipping
DB: policy "delete_all" for relation "pending_connection_requests" does not exist, skipping
DB: policy "insert_only" for relation "pending_notifications" does not exist, skipping
DB: policy "select_all" for relation "pending_notifications" does not exist, skipping
DB: policy "delete_all" for relation "pending_notifications" does not exist, skipping
DB: policy "select_by_recipient" for relation "pending_notifications" does not exist, skipping
DB: policy "delete_by_recipient" for relation "pending_notifications" does not exist, skipping
DB: policy "insert_only" for relation "agent_revocations" does not exist, skipping
DB: policy "select_all" for relation "agent_revocations" does not exist, skipping
DB: policy "insert_only" for relation "agent_account_links" does not exist, skipping
DB: policy "select_all" for relation "agent_account_links" does not exist, skipping
DB: policy "insert_only" for relation "account_email_stubs" does not exist, skipping
DB: policy "select_all" for relation "account_email_stubs" does not exist, skipping
DB: policy "insert_only" for relation "signal_revocations" does not exist, skipping
DB: policy "select_all" for relation "signal_revocations" does not exist, skipping
Successfully applied 64 migrations to schema "public", now at version v64 (execution time 00:00.283s)

--------------------------------------------------------------------------------------------------------
A more recent version of Flyway is available. Find out more about Flyway 13.4.0 at https://rd.gt/3rXiSlV
--------------------------------------------------------------------------------------------------------
 ✓ src/spine/j-multiplayer.spine.test.ts (7 tests | 6 skipped) 54190ms
 Container trustless-cello-postgres-1  Running
 Container trustless-cello-postgres-1  Waiting
 Container trustless-cello-postgres-1  Healthy
DROP DATABASE
CREATE DATABASE
 Container trustless-cello-postgres-1  Running
OpenJDK 64-Bit Server VM warning: Unable to get SVE vector length on this system. Disabling SVE. Specify -XX:UseSVE=0 to shun this warning.
Flyway OSS Edition 11.13.2 by Redgate

See release notes here: https://rd.gt/416ObMi
Database: jdbc:postgresql://postgres:5432/cello_spine (PostgreSQL 18.4)
WARNING: Using PostgreSQL 18.4 which is newer than the version Flyway has been verified with. The latest verified version of PostgreSQL is 17.
Schema history table "public"."flyway_schema_history" does not exist yet
Successfully validated 64 migrations (execution time 00:00.034s)
Creating Schema History table "public"."flyway_schema_history" ...
Current version of schema "public": << Empty Schema >>
WARNING: DB: relation "notification_queue" already exists, skipping (SQL State: 42P07 - Error Code: 0)
DB: policy "delete_own" for relation "notification_queue" does not exist, skipping
DB: policy "select_by_pubkey" for relation "notification_queue" does not exist, skipping
DB: policy "delete_by_pubkey" for relation "notification_queue" does not exist, skipping
WARNING: DB: relation "pending_connection_requests" already exists, skipping (SQL State: 42P07 - Error Code: 0)
DB: policy "delete_own" for relation "pending_connection_requests" does not exist, skipping
DB: policy "delete_all" for relation "pending_connection_requests" does not exist, skipping
DB: policy "insert_only" for relation "pending_notifications" does not exist, skipping
DB: policy "select_all" for relation "pending_notifications" does not exist, skipping
DB: policy "delete_all" for relation "pending_notifications" does not exist, skipping
DB: policy "select_by_recipient" for relation "pending_notifications" does not exist, skipping
DB: policy "delete_by_recipient" for relation "pending_notifications" does not exist, skipping
DB: policy "insert_only" for relation "agent_revocations" does not exist, skipping
DB: policy "select_all" for relation "agent_revocations" does not exist, skipping
DB: policy "insert_only" for relation "agent_account_links" does not exist, skipping
DB: policy "select_all" for relation "agent_account_links" does not exist, skipping
DB: policy "insert_only" for relation "account_email_stubs" does not exist, skipping
DB: policy "select_all" for relation "account_email_stubs" does not exist, skipping
DB: policy "insert_only" for relation "signal_revocations" does not exist, skipping
DB: policy "select_all" for relation "signal_revocations" does not exist, skipping
Successfully applied 64 migrations to schema "public", now at version v64 (execution time 00:00.318s)

--------------------------------------------------------------------------------------------------------
A more recent version of Flyway is available. Find out more about Flyway 13.4.0 at https://rd.gt/3rXiSlV
--------------------------------------------------------------------------------------------------------
 ✓ src/spine/j-witness.spine.test.ts (1 test) 22940ms
 ✓ src/spine/__tests__/portal-ingress-reachable.spine.test.ts (1 test) 112ms
 ↓ src/spine/j-documents.spine.test.ts (12 tests | 12 skipped)
 ↓ src/spine/j-gcp-live.spine.test.ts (1 test | 1 skipped)
 ↓ src/spine/j-stale-session.spine.test.ts (1 test | 1 skipped)
 ↓ src/spine/j-suspend-tofn.spine.test.ts (1 test | 1 skipped)

⎯⎯⎯⎯⎯⎯⎯ Failed Tests 6 ⎯⎯⎯⎯⎯⎯⎯

 FAIL  src/spine/j-content.spine.test.ts > J-CONTENT — relay store-and-forward, live (DOD-MSG-3 / MSG-001-3b) > DOD-MSG-3 (transport) — deposit ciphertext for an offline recipient → recipient pulls the SAME bytes
AssertionError: pull failed: {"ok":false,"reason":"relay_refused_pull:not_a_participant","guidance":"This relay refused to release parked content for this agent — it is NOT an empty mailbox, and content may still be waiting. A relay only recognises agents named by a session assignment it has recorded, and it forgets them when it restarts. Establish a session with this relay (cello initiate-session) and retry, or pull from the relay that brokered the session the content belongs to."}: expected false to be true // Object.is equality

[32m- Expected[39m
[31m+ Received[39m

[32m- true[39m
[31m+ false[39m

 ❯ src/spine/j-content.spine.test.ts:150:61
    148|       recipientPubkey: pubB,
    149|     })) as PullResult;
    150|     expect(pull.ok, `pull failed: ${JSON.stringify(pull)}`).toBe(true);
       |                                                             ^
    151| 
    152|     const got = (pull.entries ?? []).find((e) => e.contentHash === con…

⎯⎯⎯⎯⎯⎯⎯⎯⎯⎯⎯⎯⎯⎯⎯⎯⎯⎯⎯⎯⎯⎯⎯⎯[1/6]⎯

 FAIL  src/spine/j-content.spine.test.ts > J-CONTENT — relay store-and-forward, live (DOD-MSG-3 / MSG-001-3b) > DOD-MSG-7 (desync only on tamper) — tampered parked content is the ONLY desync; recovery-failure keeps the session alive
 FAIL  src/spine/j-content.spine.test.ts > J-CONTENT — relay store-and-forward, live (DOD-MSG-3 / MSG-001-3b) > DOD-MSG-5 (dedup) — a message arriving BOTH directly and via park yields exactly ONE leaf
Error: ipcCall content_park_deposit error: {"code":"internal_error","message":"[object Object]","guidance":"An unexpected error occurred. Check daemon logs for details."}
 ❯ Socket.<anonymous> src/spine/live-harness.ts:1080:32
    1078|         clearTimeout(timer);
    1079|         socket.end();
    1080|         if (resp.error) reject(new Error(`ipcCall ${method} error: ${J…
       |                                ^
    1081|         else resolve(resp.result ?? {});
    1082|         return;

⎯⎯⎯⎯⎯⎯⎯⎯⎯⎯⎯⎯⎯⎯⎯⎯⎯⎯⎯⎯⎯⎯⎯⎯[2/6]⎯

 FAIL  src/spine/j-content.spine.test.ts > J-CONTENT — relay store-and-forward, live (DOD-MSG-3 / MSG-001-3b) > DOD-MSG-8 (irreducible loss is honest) — a post-seal straggler is rejected (session_committed); B's certificate frontier is honest and the straggler never inflates it nor re-enters the transcript
Error: MCP tool "cello_get_transcript" did not return JSON: MCP error -32602: Tool cello_get_transcript not found
 ❯ Object.call src/spine/live-harness.ts:1358:15
    1356|         // names the parser and DESTROYS the only sentence that says w…
    1357|         // reader is sent to the harness instead of to the failing too…
    1358|         throw new Error(`MCP tool "${name}" did not return JSON: ${tex…
       |               ^
    1359|       }
    1360|     },
 ❯ src/spine/j-content.spine.test.ts:995:17

⎯⎯⎯⎯⎯⎯⎯⎯⎯⎯⎯⎯⎯⎯⎯⎯⎯⎯⎯⎯⎯⎯⎯⎯[3/6]⎯

 FAIL  src/spine/j-remove.spine.test.ts > J-REMOVE — retire-and-keep + name reuse (CELLO-M7-REMOVE-001 DOD-REMOVE-1) > DOD-REMOVE-3: a revoked agent is refused as a session target (agent_revoked)
AssertionError: the directory must refuse a revoked target with agent_revoked: expected 'counterparty_offline' to be 'agent_revoked' // Object.is equality

Expected: [32m"agent_revoked"[39m
Received: [31m"counterparty_offline"[39m

 ❯ src/spine/j-remove.spine.test.ts:340:91
    338|     const after = (await connA.call("cello_initiate_session", { target…
    339|     expect(after.ok, `initiate to a revoked agent must fail: ${JSON.st…
    340|     expect(after.reason, "the directory must refuse a revoked target w…
       |                                                                                           ^
    341|   }, 150_000);
    342| });

⎯⎯⎯⎯⎯⎯⎯⎯⎯⎯⎯⎯⎯⎯⎯⎯⎯⎯⎯⎯⎯⎯⎯⎯[4/6]⎯

 FAIL  src/spine/j-upgrade-bilateral.spine.test.ts > J-UPGRADE-001 — unilateral → bilateral upgrade on the absent party's return (DOD-UP-1) > B killed → A seals UNILATERAL → B returns, recovers+verifies, RATIFIES → directory records a superseding BILATERAL notarization over the same root
AssertionError: seal must be unilateral (B was gone):
close: {"ok":true,"session_id":"85e60783578bca40cfeabd4f5ea35510","seal_status":"committed","guidance":"Your SEAL commitment for session 85e60783578bca40cfeabd4f5ea35510 is recorded and the notarization is now running in the background. The receipt is NOT YET available: the seal completes as soon as the counterparty also closes, and if they never do it escalates to a unilateral seal after about 1 minutes. Fetch it with cello_sealed_receipt (session_id 85e60783578bca40cfeabd4f5ea35510) — an empty answer before then means \"still running\", not \"failed\". Do NOT re-close with force:true to hurry it: forcing ABANDONS the session and forfeits the receipt this is earning, which is exactly how seventeen sessions were lost when this call used to block. If the daemon restarts before the seal finishes, it resumes the notarization on its next start."}
--- directory ---
: expected undefined to be 'unilateral' // Object.is equality

[32m- Expected:[39m 
"unilateral"

[31m+ Received:[39m 
undefined

 ❯ src/spine/j-upgrade-bilateral.spine.test.ts:150:87
    148|       `\n--- directory ---\n${cluster.directory.output.split("\n").fil…
    149|     expect(close.ok, `A unilateral close must succeed:${unilateralDiag…
    150|     expect(close.seal_type, `seal must be unilateral (B was gone):${un…
       |                                                                                       ^
    151|     /**
    152|      * ⚠️ THIS WAS `const rootHex = close.sealed_root!;` AND THE `!` I…

⎯⎯⎯⎯⎯⎯⎯⎯⎯⎯⎯⎯⎯⎯⎯⎯⎯⎯⎯⎯⎯⎯⎯⎯[5/6]⎯


 Test Files  3 failed | 31 passed | 4 skipped (38)
      Tests  6 failed | 73 passed | 21 skipped (100)
   Start at  19:23:57
   Duration  2960.70s (transform 499ms, setup 0ms, collect 11.29s, tests 2943.44s, environment 3ms, prepare 1.25s)

/Users/andrep/Documents/code/trustless-cello/packages/e2e-tests:
 ERR_PNPM_RECURSIVE_RUN_FIRST_FAIL  @cello-protocol/e2e-tests@0.0.1 test:spine: `vitest run --config vitest.spine.config.ts`
Exit status 1
 ELIFECYCLE  Command failed with exit code 1.
