
 RUN  v3.2.4 /Users/andrep/Documents/code/trustless-cello/packages/e2e-tests

 ↓ src/spine/j-gcp-live.spine.test.ts (1 test | 1 skipped)
DROP DATABASE
OpenJDK 64-Bit Server VM warning: Unable to get SVE vector length on this system. Disabling SVE. Specify -XX:UseSVE=0 to shun this warning.
Flyway OSS Edition 11.13.2 by Redgate

See release notes here: https://rd.gt/416ObMi
Database: jdbc:postgresql://postgres:5432/cello_spine_0 (PostgreSQL 18.4)
WARNING: Using PostgreSQL 18.4 which is newer than the version Flyway has been verified with. The latest verified version of PostgreSQL is 17.
Schema history table "public"."flyway_schema_history" does not exist yet
Successfully validated 63 migrations (execution time 00:00.029s)
Creating Schema History table "public"."flyway_schema_history" ...
Current version of schema "public": << Empty Schema >>
WARNING: DB: relation "notification_queue" already exists, skipping (SQL State: 42P07 - Error Code: 0)
WARNING: DB: relation "pending_connection_requests" already exists, skipping (SQL State: 42P07 - Error Code: 0)
DROP DATABASE
OpenJDK 64-Bit Server VM warning: Unable to get SVE vector length on this system. Disabling SVE. Specify -XX:UseSVE=0 to shun this warning.
Flyway OSS Edition 11.13.2 by Redgate

See release notes here: https://rd.gt/416ObMi
Database: jdbc:postgresql://postgres:5432/cello_spine_1 (PostgreSQL 18.4)
WARNING: Using PostgreSQL 18.4 which is newer than the version Flyway has been verified with. The latest verified version of PostgreSQL is 17.
Schema history table "public"."flyway_schema_history" does not exist yet
Successfully validated 63 migrations (execution time 00:00.032s)
Creating Schema History table "public"."flyway_schema_history" ...
Current version of schema "public": << Empty Schema >>
WARNING: DB: relation "notification_queue" already exists, skipping (SQL State: 42P07 - Error Code: 0)
WARNING: DB: relation "pending_connection_requests" already exists, skipping (SQL State: 42P07 - Error Code: 0)
DROP DATABASE
OpenJDK 64-Bit Server VM warning: Unable to get SVE vector length on this system. Disabling SVE. Specify -XX:UseSVE=0 to shun this warning.
Flyway OSS Edition 11.13.2 by Redgate

See release notes here: https://rd.gt/416ObMi
Database: jdbc:postgresql://postgres:5432/cello_spine_2 (PostgreSQL 18.4)
WARNING: Using PostgreSQL 18.4 which is newer than the version Flyway has been verified with. The latest verified version of PostgreSQL is 17.
Schema history table "public"."flyway_schema_history" does not exist yet
Successfully validated 63 migrations (execution time 00:00.084s)
Creating Schema History table "public"."flyway_schema_history" ...
Current version of schema "public": << Empty Schema >>
WARNING: DB: relation "notification_queue" already exists, skipping (SQL State: 42P07 - Error Code: 0)
WARNING: DB: relation "pending_connection_requests" already exists, skipping (SQL State: 42P07 - Error Code: 0)
{"event":"notification.channel.forwarded","type":"agent_current_changed","agent":"agentA"}
{"event":"notification.channel.forwarded","type":"agent_current_changed","agent":"agentB"}
{"event":"notification.channel.forwarded","type":"agent_current_changed","agent":"agentA"}
{"event":"notification.channel.forwarded","type":"agent_current_changed","agent":"agentB"}
{"event":"notification.channel.forwarded","type":"session_state_changed","agent":"agentB"}
{"event":"notification.channel.forwarded","type":"cello_message","agent":"agentB"}
{"event":"notification.channel.forwarded","type":"agent_current_changed","agent":"agentA"}
{"event":"notification.channel.forwarded","type":"agent_current_changed","agent":"agentB"}
{"event":"notification.channel.forwarded","type":"session_state_changed","agent":"agentB"}
{"event":"notification.channel.forwarded","type":"cello_message","agent":"agentB"}
{"event":"notification.channel.forwarded","type":"agent_current_changed","agent":"agentB"}
{"event":"notification.channel.forwarded","type":"agent_current_changed","agent":"agentA"}
{"event":"notification.channel.forwarded","type":"agent_current_changed","agent":"agentB"}
{"event":"notification.channel.forwarded","type":"session_state_changed","agent":"agentB"}
{"event":"notification.channel.forwarded","type":"agent_current_changed","agent":"agentA"}
{"event":"notification.channel.forwarded","type":"agent_current_changed","agent":"agentB"}
{"event":"notification.channel.forwarded","type":"session_state_changed","agent":"agentB"}
{"event":"notification.channel.forwarded","type":"cello_message","agent":"agentB"}
{"event":"notification.channel.forwarded","type":"agent_current_changed","agent":"agentA"}
{"event":"notification.channel.forwarded","type":"agent_current_changed","agent":"agentB"}
{"event":"notification.channel.forwarded","type":"session_state_changed","agent":"agentB"}
{"event":"notification.channel.forwarded","type":"cello_message","agent":"agentB"}
{"event":"notification.channel.forwarded","type":"agent_current_changed","agent":"agentA"}
{"event":"notification.channel.forwarded","type":"agent_current_changed","agent":"agentB"}
{"event":"notification.channel.forwarded","type":"session_state_changed","agent":"agentB"}
{"event":"notification.channel.forwarded","type":"agent_current_changed","agent":"agentA"}
{"event":"notification.channel.forwarded","type":"cello_message","agent":"agentB"}
{"event":"notification.channel.forwarded","type":"agent_current_changed","agent":"agentA"}
{"event":"notification.channel.forwarded","type":"agent_current_changed","agent":"agentB"}
{"event":"notification.channel.forwarded","type":"session_state_changed","agent":"agentB"}
{"event":"notification.channel.forwarded","type":"cello_message","agent":"agentB"}
{"event":"notification.channel.forwarded","type":"cello_message","agent":"agentB"}
{"event":"notification.channel.forwarded","type":"agent_current_changed","agent":"agentA"}
{"event":"notification.channel.forwarded","type":"agent_current_changed","agent":"agentB"}
{"event":"notification.channel.forwarded","type":"session_state_changed","agent":"agentB"}
{"event":"notification.channel.forwarded","type":"cello_message","agent":"agentB"}
{"event":"notification.channel.forwarded","type":"agent_current_changed","agent":"agentB"}
{"event":"notification.channel.forwarded","type":"agent_current_changed","agent":"agentA"}
{"event":"notification.channel.forwarded","type":"agent_current_changed","agent":"agentB"}
{"event":"notification.channel.forwarded","type":"session_state_changed","agent":"agentB"}
{"event":"notification.channel.forwarded","type":"cello_message","agent":"agentB"}
 ❯ src/spine/j-content.spine.test.ts (10 tests | 5 failed) 151254ms
   ✓ J-CONTENT — relay store-and-forward, live (DOD-MSG-3 / MSG-001-3b) > DOD-MSG-3 (transport) — deposit ciphertext for an offline recipient → recipient pulls the SAME bytes  2058ms
   ✓ J-CONTENT — relay store-and-forward, live (DOD-MSG-3 / MSG-001-3b) > DOD-MSG-3 (send park) — A sends to an offline recipient → hash witnessed + content auto-parked (R1)  4144ms
   ✓ J-CONTENT — relay store-and-forward, live (DOD-MSG-3 / MSG-001-3b) > DOD-MSG-3/4 (recover) — offline recipient comes back, RECOVERS the parked message through the inbound funnel  5014ms
   × J-CONTENT — relay store-and-forward, live (DOD-MSG-3 / MSG-001-3b) > DOD-MSG-7 (desync only on tamper) — tampered parked content is the ONLY desync; recovery-failure keeps the session alive 2123ms
     → only the honest entry is accepted: expected +0 to be 1 // Object.is equality
   × J-CONTENT — relay store-and-forward, live (DOD-MSG-3 / MSG-001-3b) > DOD-MSG-5 (dedup) — a message arriving BOTH directly and via park yields exactly ONE leaf 17111ms
     → [daemon-dedupB] timed out after 15000ms waiting for /"event":"session\.content\.received"[^\n]*"contentHashHex":"d4a23aea5e6a01bfd9a1a1024380c01bfb2feaad7b813fd30ac93470b0faa2ba"/.
--- last 20 lines ---
{"level":"info","event":"session.relay.assignment.recorded","relayPeerId":"12D3KooWBFHbJpeU38vF4KfbD1EVxFyeJoE8cDXUnsJVA4G2WQYQ","sessionShort":"566376f79b18f4eb","ts":"2026-08-23T15:58:41.891Z"}
{"level":"info","event":"transport.autonat.result","dialable":false,"publicAddr":null,"nodeType":"standing_receiver","note":"autonat_unavailable — directory in reconnecting state","ts":"2026-08-23T15:58:41.897Z"}
{"level":"warn","event":"transport.autonat.unavailable","nodeType":"standing_receiver","directorySignalingStatus":"reconnecting","ts":"2026-08-23T15:58:41.897Z"}
{"level":"info","event":"session.node.created","sessionId":"standing_receiver_e3c3b938-1607-48ec-8952-73971ff11742","agentName":"__standing_receiver__:agentB","sessionPeerId":"12D3KooWK1F4TJddr7ud35qUssSMiKXkKefvJa3KaCJ48s7xhy2X","correlationId":"35625179-c186-4b5e-a725-e7427a4a227c","ts":"2026-08-23T15:58:41.897Z"}
{"level":"info","event":"session.standing_receiver.reachability","agentName":"agentB","circuitAddrs":1,"reservationsRequested":1,"correlationId":"35625179-c186-4b5e-a725-e7427a4a227c","ts":"2026-08-23T15:58:41.897Z"}
{"level":"info","event":"content.recover.drain.triggered","agentName":"agentB","reason":"standing_receiver_ready","ts":"2026-08-23T15:58:41.897Z"}
{"level":"info","event":"session.liveness.changed","sessionId":"566376f79b18f4ebee6b3c74b904db75","counterpartyPubkey":"a1948c86ce4478302e482549873f8c8466f61cea036f27d6a03ac5a16461ad11","transportPath":"direct","liveness":"alive","observedBy":"session_node","correlationId":"35625179-c186-4b5e-a725-e7427a4a227c","ts":"2026-08-23T15:58:41.898Z"}
{"level":"debug","event":"session.salt.announced","agentName":"agentB","sessionId":"566376f79b18f4ebee6b3c74b904db75","correlationId":"35625179-c186-4b5e-a725-e7427a4a227c","state":"offering_contribution","ts":"2026-08-23T15:58:41.900Z"}
{"level":"info","event":"session.salt.agreed","agentName":"agentB","sessionId":"566376f79b18f4ebee6b3c74b904db75","via":"derived","ts":"2026-08-23T15:58:41.901Z"}
{"level":"debug","event":"session.salt.announced","agentName":"agentB","sessionId":"566376f79b18f4ebee6b3c74b904db75","state":"holds_salt","ts":"2026-08-23T15:58:41.903Z"}
{"level":"info","event":"content.park.pull.result","relayPeerId":"12D3KooWBFHbJpeU38vF4KfbD1EVxFyeJoE8cDXUnsJVA4G2WQYQ","count":0,"ts":"2026-08-23T15:58:41.904Z"}
{"level":"info","event":"content.recover.auto.completed","agentName":"agentB","trigger":"standing_receiver_ready","recovered":0,"relayCount":1,"failedRelays":0,"refused":0,"ts":"2026-08-23T15:58:41.904Z"}
{"level":"info","event":"session.salt.agreed","agentName":"agentB","sessionId":"566376f79b18f4ebee6b3c74b904db75","via":"fingerprint_match","ts":"2026-08-23T15:58:41.905Z"}
{"level":"info","event":"session.relay.leaf.delivered","sessionId":"566376f79b18f4ebee6b3c74b904db75","sequenceNumber":1,"leafKind":0,"correlationId":"35625179-c186-4b5e-a725-e7427a4a227c","ts":"2026-08-23T15:58:41.906Z"}
{"level":"info","event":"session.content.ordering.recorded","sessionId":"566376f79b18f4ebee6b3c74b904db75","canonicalSeq":0,"source":"content_frame","correlationId":"036f24ec-3f3e-4eda-898b-603105b8950d","ts":"2026-08-23T15:58:41.909Z"}
{"level":"info","event":"session.tree.appended","sessionId":"566376f79b18f4ebee6b3c74b904db75","leafIndex":0,"newRootHex":"288c6be396f4f1bc4def276fcd019718807dc1c11f6b2362c63761cc1ad2dbbc","correlationId":"036f24ec-3f3e-4eda-898b-603105b8950d","ts":"2026-08-23T15:58:41.912Z"}
{"level":"info","event":"transcript.message.recorded","sessionId":"566376f79b18f4ebee6b3c74b904db75","agentName":"agentB","sequence":0,"direction":"received","correlationId":"036f24ec-3f3e-4eda-898b-603105b8950d","ts":"2026-08-23T15:58:41.912Z"}
{"level":"info","event":"session.content.received","sessionId":"566376f79b18f4ebee6b3c74b904db75","senderPubkey":"a1948c86ce4478302e482549873f8c8466f61cea036f27d6a03ac5a16461ad11","contentHashHex":"288c6be396f4f1bc4def276fcd019718807dc1c11f6b2362c63761cc1ad2dbbc","sequenceNumber":0,"correlationId":"036f24ec-3f3e-4eda-898b-603105b8950d","ts":"2026-08-23T15:58:41.913Z"}
{"level":"debug","event":"moniker.resolved","agentName":"agentB","sessionId":"566376f79b18f4ebee6b3c74b904db75","pubkey":"a1948c86ce4478302e482549873f8c8466f61cea036f27d6a03ac5a16461ad11","source":"offered","whoKnown":false,"ts":"2026-08-23T15:58:41.913Z"}
{"level":"info","event":"content.delivery.ack.sent","sessionId":"566376f79b18f4ebee6b3c74b904db75","contentHash":"288c6be396f4f1bc4def276fcd019718807dc1c11f6b2362c63761cc1ad2dbbc","correlationId":"036f24ec-3f3e-4eda-898b-603105b8950d","ts":"2026-08-23T15:58:41.914Z"}
   × J-CONTENT — relay store-and-forward, live (DOD-MSG-3 / MSG-001-3b) > DOD-MSG-1 (ACK ladder) — a persisted delivery ACK resolves the send; the protocol acts on persisted 14170ms
     → [daemon-ackA] timed out after 12000ms waiting for /"event":"content\.delivery\.acked"[^\n]*"contentHash":"4b26f3540b02957f9e255c7cb738bc1612789fc9fb93b6b3582f4ea64bd76257"/.
--- last 20 lines ---
{"level":"warn","event":"transport.autonat.unavailable","nodeType":"standing_receiver","directorySignalingStatus":"reconnecting","ts":"2026-08-23T15:58:59.071Z"}
{"level":"info","event":"session.node.created","sessionId":"standing_receiver_21c276cd-de3b-44b6-9e57-6dafbbf38d98","agentName":"__standing_receiver__:agentA","sessionPeerId":"12D3KooWGghpDFtZWWEVveNrMGC5xAN4C9ihUMDv9Ur22JFH3LVq","correlationId":"1f90ea6c-8677-41f6-9e98-fa524334dccf","ts":"2026-08-23T15:58:59.071Z"}
{"level":"info","event":"session.standing_receiver.reachability","agentName":"agentA","circuitAddrs":1,"reservationsRequested":1,"correlationId":"1f90ea6c-8677-41f6-9e98-fa524334dccf","ts":"2026-08-23T15:58:59.071Z"}
{"level":"info","event":"content.recover.drain.triggered","agentName":"agentA","reason":"standing_receiver_ready","ts":"2026-08-23T15:58:59.071Z"}
{"level":"info","event":"session.liveness.changed","sessionId":"953432fbc4ac83952482d7fc5b94d7e7","counterpartyPubkey":"50f96f0a2e2adbb06ef508d6ae974dd751a41f07c8714ade7d0384814d93d441","transportPath":"direct","liveness":"alive","observedBy":"session_node","correlationId":"1f90ea6c-8677-41f6-9e98-fa524334dccf","ts":"2026-08-23T15:58:59.072Z"}
{"level":"info","event":"session.transport.connected","sessionId":"953432fbc4ac83952482d7fc5b94d7e7","addr":"/ip4/127.0.0.1/tcp/55668/p2p/12D3KooWBNgngLf2zpU4TauFtk1PhvyKiQf5y8Nv4YGE5W7umoQj","correlationId":"1f90ea6c-8677-41f6-9e98-fa524334dccf","ts":"2026-08-23T15:58:59.073Z"}
{"level":"info","event":"document.reconcile.reachable_trigger_fired","agentName":"agentA","trigger":"outbound_session_opened","peer":"50f96f0a2e2adbb0","ts":"2026-08-23T15:58:59.073Z"}
{"level":"info","event":"content.park.pull.result","relayPeerId":"12D3KooWBFHbJpeU38vF4KfbD1EVxFyeJoE8cDXUnsJVA4G2WQYQ","count":0,"ts":"2026-08-23T15:58:59.076Z"}
{"level":"info","event":"content.recover.auto.completed","agentName":"agentA","trigger":"standing_receiver_ready","recovered":0,"relayCount":1,"failedRelays":0,"refused":0,"ts":"2026-08-23T15:58:59.076Z"}
{"level":"info","event":"session.salt.agreed","agentName":"agentA","sessionId":"953432fbc4ac83952482d7fc5b94d7e7","via":"derived","ts":"2026-08-23T15:58:59.078Z"}
{"level":"debug","event":"session.salt.announced","agentName":"agentA","sessionId":"953432fbc4ac83952482d7fc5b94d7e7","correlationId":"1f90ea6c-8677-41f6-9e98-fa524334dccf","state":"offering_contribution","ts":"2026-08-23T15:58:59.078Z"}
{"level":"debug","event":"session.salt.announced","agentName":"agentA","sessionId":"953432fbc4ac83952482d7fc5b94d7e7","state":"holds_salt","ts":"2026-08-23T15:58:59.080Z"}
{"level":"info","event":"session.salt.agreed","agentName":"agentA","sessionId":"953432fbc4ac83952482d7fc5b94d7e7","via":"fingerprint_match","ts":"2026-08-23T15:58:59.080Z"}
{"level":"info","event":"relay.receipt.stored","seq":1,"hashShort":"c4e1e905151d8c21","relayShort":"bade1c3acab5a15c","ts":"2026-08-23T15:58:59.082Z"}
{"level":"info","event":"session.relay.hash.submitted","sessionId":"953432fbc4ac83952482d7fc5b94d7e7","relaySequence":1,"leafIndex":0,"correlationId":"126fd2aa-758c-4632-bbec-1154cbdc839a","ts":"2026-08-23T15:58:59.082Z"}
{"level":"info","event":"session.relay.leaf.delivered","sessionId":"953432fbc4ac83952482d7fc5b94d7e7","sequenceNumber":1,"leafKind":0,"correlationId":"1f90ea6c-8677-41f6-9e98-fa524334dccf","ts":"2026-08-23T15:58:59.083Z"}
{"level":"info","event":"session.tree.appended","sessionId":"953432fbc4ac83952482d7fc5b94d7e7","leafIndex":0,"newRootHex":"c4e1e905151d8c21d7c590ecb7ade326dc42bdbae7258ab1adaa2e9a0ae14325","correlationId":"126fd2aa-758c-4632-bbec-1154cbdc839a","ts":"2026-08-23T15:58:59.083Z"}
{"level":"info","event":"transcript.message.recorded","sessionId":"953432fbc4ac83952482d7fc5b94d7e7","agentName":"agentA","sequence":0,"direction":"sent","correlationId":"126fd2aa-758c-4632-bbec-1154cbdc839a","ts":"2026-08-23T15:58:59.084Z"}
{"level":"info","event":"session.content.sent","sessionId":"953432fbc4ac83952482d7fc5b94d7e7","recipientPubkey":"50f96f0a2e2adbb06ef508d6ae974dd751a41f07c8714ade7d0384814d93d441","contentHashHex":"c4e1e905151d8c21d7c590ecb7ade326dc42bdbae7258ab1adaa2e9a0ae14325","sequenceNumber":0,"correlationId":"126fd2aa-758c-4632-bbec-1154cbdc839a","ts":"2026-08-23T15:58:59.084Z"}
{"level":"persisted","event":"content.delivery.acked","sessionId":"953432fbc4ac83952482d7fc5b94d7e7","contentHash":"c4e1e905151d8c21d7c590ecb7ade326dc42bdbae7258ab1adaa2e9a0ae14325","correlationId":"126fd2aa-758c-4632-bbec-1154cbdc839a","ts":"2026-08-23T15:58:59.089Z"}
   ✓ J-CONTENT — relay store-and-forward, live (DOD-MSG-3 / MSG-001-3b) > DOD-MSG-2 (startup-flush park) — a sender that crashed with un-acked content re-parks it on restart  4903ms
   ✓ J-CONTENT — relay store-and-forward, live (DOD-MSG-3 / MSG-001-3b) > DOD-MSG-4 (self-ordering frame) — the content frame carries the relay's signed Structure2; B verifies it and orders from the FRAME, not the witness stream  2011ms
   × J-CONTENT — relay store-and-forward, live (DOD-MSG-3 / MSG-001-3b) > DOD-MSG-4 (auto-recover) — B drains its parked mailbox automatically on reconnect, with NO explicit recover call 4864ms
     → expected '{"level":"info","event":"content.reco…' to match /"recovered":1/
   × J-CONTENT — relay store-and-forward, live (DOD-MSG-3 / MSG-001-3b) > DOD-MSG-8 (irreducible loss is honest) — a post-seal straggler is rejected (session_committed); B's certificate frontier is honest and the straggler never inflates it nor re-enters the transcript 2084ms
     → B reads the sealed receipt:
closeA:{"ok":true,"session_id":"9f3b0f4f3398ebdc99f21d992253365d","seal_status":"committed","guidance":"Your SEAL commitment for session 9f3b0f4f3398ebdc99f21d992253365d is recorded and the notarization is now running in the background. The receipt is NOT YET available: the seal completes as soon as the counterparty also closes, and if they never do it escalates to a unilateral seal after about 11 minutes. Fetch it with cello_sealed_receipt (session_id 9f3b0f4f3398ebdc99f21d992253365d) — an empty answer before then means \"still running\", not \"failed\". Do NOT re-close with force:true to hurry it: forcing ABANDONS the session and forfeits the receipt this is earning, which is exactly how seventeen sessions were lost when this call used to block. If the daemon restarts before the seal finishes, it resumes the notarization on its next start."}
closeB:{"ok":true,"session_id":"9f3b0f4f3398ebdc99f21d992253365d","seal_status":"committed","guidance":"Your SEAL commitment for session 9f3b0f4f3398ebdc99f21d992253365d is recorded and the notarization is now running in the background. The receipt is NOT YET available: the seal completes as soon as the counterparty also closes, and if they never do it escalates to a unilateral seal after about 11 minutes. Fetch it with cello_sealed_receipt (session_id 9f3b0f4f3398ebdc99f21d992253365d) — an empty answer before then means \"still running\", not \"failed\". Do NOT re-close with force:true to hurry it: forcing ABANDONS the session and forfeits the receipt this is earning, which is exactly how seventeen sessions were lost when this call used to block. If the daemon restarts before the seal finishes, it resumes the notarization on its next start."}
--- daemonB ---
{"level":"info","event":"content.recover.drain.triggered","agentName":"agentB","reason":"standing_receiver_ready","ts":"2026-08-23T15:59:24.603Z"}
{"level":"info","event":"session.inbound.assignment.verified","sessionId":"9f3b0f4f3398ebdc99f21d992253365d","agentName":"agentB","mode":"internal","impact":"FIRST CONTACT. The signature is internally consistent, which proves the frame was not altered after signing — it does NOT prove which directory signed it, because there is no earlier key recorded for this counterparty to check against. The key in this frame is being pinned now and every later session with them is measured against it.","guidance":"If this counterparty matters, confirm their pubkey out of band before relying on the seal. Once pinned, a substitution IS caught.","correlationId":"3976e1fd-b67f-45fe-b685-2295093708a6","ts":"2026-08-23T15:59:24.877Z"}
{"level":"info","event":"content.recover.drain.triggered","agentName":"agentB","reason":"standing_receiver_ready","ts":"2026-08-23T15:59:24.893Z"}
{"level":"info","event":"content.recover.auto.completed","agentName":"agentB","trigger":"standing_receiver_ready","recovered":0,"relayCount":1,"failedRelays":0,"refused":0,"ts":"2026-08-23T15:59:24.900Z"}
{"level":"info","event":"session.seal.leaf.submitted","sessionId":"9f3b0f4f3398ebdc99f21d992253365d","sequenceNumber":2,"correlationId":"0bc221b8-b222-470f-acec-719b44625286","ts":"2026-08-23T15:59:24.937Z"}
{"level":"warn","event":"session.seal.awaiting_counterparty","sessionId":"9f3b0f4f3398ebdc99f21d992253365d","agentName":"agentB","deadlineMs":660000,"correlationId":"0bc221b8-b222-470f-acec-719b44625286","impact":"the seal is waiting for the counterparty for up to 11 minutes, then escalates to a unilateral seal and produces a real receipt. It is working. Do NOT force-abandon it — that forfeits the receipt this wait is earning.","ts":"2026-08-23T15:59:24.937Z"}: expected false to be true // Object.is equality
DROP DATABASE
OpenJDK 64-Bit Server VM warning: Unable to get SVE vector length on this system. Disabling SVE. Specify -XX:UseSVE=0 to shun this warning.
Flyway OSS Edition 11.13.2 by Redgate

See release notes here: https://rd.gt/416ObMi
Database: jdbc:postgresql://postgres:5432/cello_spine (PostgreSQL 18.4)
WARNING: Using PostgreSQL 18.4 which is newer than the version Flyway has been verified with. The latest verified version of PostgreSQL is 17.
Schema history table "public"."flyway_schema_history" does not exist yet
Successfully validated 63 migrations (execution time 00:00.025s)
Creating Schema History table "public"."flyway_schema_history" ...
Current version of schema "public": << Empty Schema >>
WARNING: DB: relation "notification_queue" already exists, skipping (SQL State: 42P07 - Error Code: 0)
WARNING: DB: relation "pending_connection_requests" already exists, skipping (SQL State: 42P07 - Error Code: 0)
 ✓ src/spine/j-auth.spine.test.ts (6 tests) 28020ms
   ✓ J-AUTH — directory bidirectional auth, live (DOD-AUTH-1 / DOD-AUTH-2) > DOD-AUTH-1 (happy) — directory in the manifest → daemon verifies step-6 → agent connects  799ms
   ✓ J-AUTH — directory bidirectional auth, live (DOD-AUTH-1 / DOD-AUTH-2) > DOD-AUTH-1 (rogue) — directory NOT in the manifest → step-6 fails (key_not_in_manifest), never connects  693ms
   ✓ J-AUTH — directory bidirectional auth, live (DOD-AUTH-1 / DOD-AUTH-2) > DOD-AUTH-2 (expired) — expired manifest is refused → daemon will not operate (no silent downgrade)  401ms
   ✓ J-AUTH — directory bidirectional auth, live (DOD-AUTH-1 / DOD-AUTH-2) > DOD-AUTH-2 (rollback) — a lower manifest version is rejected across restarts (anti-rollback)  802ms
   ✓ J-AUTH — directory bidirectional auth, live (DOD-AUTH-1 / DOD-AUTH-2) > DOD-AUTH-2 (poll refresh) — daemon polls the directory on an interval and adopts a newer manifest version  1559ms
   ✓ J-AUTH — directory bidirectional auth, live (DOD-AUTH-1 / DOD-AUTH-2) > DOD-AUTH-2 (poll rejects forged) — a FORGED manifest served by the directory is NOT adopted  857ms
DROP DATABASE
OpenJDK 64-Bit Server VM warning: Unable to get SVE vector length on this system. Disabling SVE. Specify -XX:UseSVE=0 to shun this warning.
Flyway OSS Edition 11.13.2 by Redgate

See release notes here: https://rd.gt/416ObMi
Database: jdbc:postgresql://postgres:5432/cello_spine (PostgreSQL 18.4)
WARNING: Using PostgreSQL 18.4 which is newer than the version Flyway has been verified with. The latest verified version of PostgreSQL is 17.
Schema history table "public"."flyway_schema_history" does not exist yet
Successfully validated 63 migrations (execution time 00:00.033s)
Creating Schema History table "public"."flyway_schema_history" ...
Current version of schema "public": << Empty Schema >>
WARNING: DB: relation "notification_queue" already exists, skipping (SQL State: 42P07 - Error Code: 0)
WARNING: DB: relation "pending_connection_requests" already exists, skipping (SQL State: 42P07 - Error Code: 0)

--------------------------------------------------------------------------------------------------------
A more recent version of Flyway is available. Find out more about Flyway 13.3.0 at https://rd.gt/3rXiSlV
--------------------------------------------------------------------------------------------------------
 ✓ src/spine/j-onboard.spine.test.ts (1 test) 24526ms
   ✓ J-ONBOARD — keystone elects the first runtime-created agent (CELLO-M7-ONBOARD-001) > fresh daemon (no agents) → cello create-agent → directory_signaling connects, NO restart  1577ms
DROP DATABASE
OpenJDK 64-Bit Server VM warning: Unable to get SVE vector length on this system. Disabling SVE. Specify -XX:UseSVE=0 to shun this warning.
Flyway OSS Edition 11.13.2 by Redgate

See release notes here: https://rd.gt/416ObMi
Database: jdbc:postgresql://postgres:5432/cello_spine (PostgreSQL 18.4)
WARNING: Using PostgreSQL 18.4 which is newer than the version Flyway has been verified with. The latest verified version of PostgreSQL is 17.
Schema history table "public"."flyway_schema_history" does not exist yet
Successfully validated 63 migrations (execution time 00:00.034s)
Creating Schema History table "public"."flyway_schema_history" ...
Current version of schema "public": << Empty Schema >>
WARNING: DB: relation "notification_queue" already exists, skipping (SQL State: 42P07 - Error Code: 0)
WARNING: DB: relation "pending_connection_requests" already exists, skipping (SQL State: 42P07 - Error Code: 0)

--------------------------------------------------------------------------------------------------------
A more recent version of Flyway is available. Find out more about Flyway 13.3.0 at https://rd.gt/3rXiSlV
--------------------------------------------------------------------------------------------------------
 ❯ src/spine/j-trust.spine.test.ts (1 test | 1 failed) 28012ms
   × J-TRUST — M10 sealed-envelope pickup end-to-end (M10-D18 / M10-D22) > a seeded sealed ENVELOPE is decoded+verified+stored into wallet_trust_signals; the directory then holds only the hash 4932ms
     → trust-signal envelope: missing mandatory field "same_operator" (the preimage is a closed set — spec §4)
DROP DATABASE
OpenJDK 64-Bit Server VM warning: Unable to get SVE vector length on this system. Disabling SVE. Specify -XX:UseSVE=0 to shun this warning.
Flyway OSS Edition 11.13.2 by Redgate

See release notes here: https://rd.gt/416ObMi
Database: jdbc:postgresql://postgres:5432/cello_spine (PostgreSQL 18.4)
WARNING: Using PostgreSQL 18.4 which is newer than the version Flyway has been verified with. The latest verified version of PostgreSQL is 17.
Schema history table "public"."flyway_schema_history" does not exist yet
Successfully validated 63 migrations (execution time 00:00.030s)
Creating Schema History table "public"."flyway_schema_history" ...
Current version of schema "public": << Empty Schema >>
WARNING: DB: relation "notification_queue" already exists, skipping (SQL State: 42P07 - Error Code: 0)
WARNING: DB: relation "pending_connection_requests" already exists, skipping (SQL State: 42P07 - Error Code: 0)
{"event":"notification.channel.forwarded","type":"agent_state_changed","agent":"alice"}
{"event":"notification.channel.forwarded","type":"agent_current_changed","agent":"bob"}
{"event":"notification.channel.forwarded","type":"agent_current_changed","agent":"alice"}
{"event":"notification.channel.forwarded","type":"session_state_changed","agent":"bob"}
{"event":"notification.channel.forwarded","type":"agent_current_changed","agent":"carol"}
{"event":"notification.channel.forwarded","type":"session_state_changed","agent":"bob"}
 ✓ src/spine/j-trust-journey.spine.test.ts (1 test) 46522ms
   ✓ J-TRUST-JOURNEY — DOD-T2-JOURNEY-1: live signal presentation→consumption→floor > A (phone+email holder) presents to KNOWN contact B; B sees correct framing; C (stranger, no signals) fails the floor  17538ms
DROP DATABASE
OpenJDK 64-Bit Server VM warning: Unable to get SVE vector length on this system. Disabling SVE. Specify -XX:UseSVE=0 to shun this warning.
Flyway OSS Edition 11.13.2 by Redgate

See release notes here: https://rd.gt/416ObMi
Database: jdbc:postgresql://postgres:5432/cello_spine_0 (PostgreSQL 18.4)
WARNING: Using PostgreSQL 18.4 which is newer than the version Flyway has been verified with. The latest verified version of PostgreSQL is 17.
Schema history table "public"."flyway_schema_history" does not exist yet
Successfully validated 63 migrations (execution time 00:00.023s)
Creating Schema History table "public"."flyway_schema_history" ...
Current version of schema "public": << Empty Schema >>
WARNING: DB: relation "notification_queue" already exists, skipping (SQL State: 42P07 - Error Code: 0)
WARNING: DB: relation "pending_connection_requests" already exists, skipping (SQL State: 42P07 - Error Code: 0)
DROP DATABASE
OpenJDK 64-Bit Server VM warning: Unable to get SVE vector length on this system. Disabling SVE. Specify -XX:UseSVE=0 to shun this warning.
Flyway OSS Edition 11.13.2 by Redgate

See release notes here: https://rd.gt/416ObMi
Database: jdbc:postgresql://postgres:5432/cello_spine_1 (PostgreSQL 18.4)
WARNING: Using PostgreSQL 18.4 which is newer than the version Flyway has been verified with. The latest verified version of PostgreSQL is 17.
Schema history table "public"."flyway_schema_history" does not exist yet
Successfully validated 63 migrations (execution time 00:00.041s)
Creating Schema History table "public"."flyway_schema_history" ...
Current version of schema "public": << Empty Schema >>
WARNING: DB: relation "notification_queue" already exists, skipping (SQL State: 42P07 - Error Code: 0)
WARNING: DB: relation "pending_connection_requests" already exists, skipping (SQL State: 42P07 - Error Code: 0)
DROP DATABASE
OpenJDK 64-Bit Server VM warning: Unable to get SVE vector length on this system. Disabling SVE. Specify -XX:UseSVE=0 to shun this warning.
Flyway OSS Edition 11.13.2 by Redgate

See release notes here: https://rd.gt/416ObMi
Database: jdbc:postgresql://postgres:5432/cello_spine_2 (PostgreSQL 18.4)
WARNING: Using PostgreSQL 18.4 which is newer than the version Flyway has been verified with. The latest verified version of PostgreSQL is 17.
Schema history table "public"."flyway_schema_history" does not exist yet
Successfully validated 63 migrations (execution time 00:00.035s)
Creating Schema History table "public"."flyway_schema_history" ...
Current version of schema "public": << Empty Schema >>
WARNING: DB: relation "notification_queue" already exists, skipping (SQL State: 42P07 - Error Code: 0)
WARNING: DB: relation "pending_connection_requests" already exists, skipping (SQL State: 42P07 - Error Code: 0)
{"event":"notification.channel.forwarded","type":"agent_current_changed","agent":"agentA"}
{"event":"notification.channel.forwarded","type":"agent_current_changed","agent":"agentB"}
{"event":"notification.channel.forwarded","type":"session_state_changed","agent":"agentB"}
{"event":"notification.channel.forwarded","type":"cello_message","agent":"agentB"}
{"event":"notification.channel.forwarded","type":"cello_message","agent":"agentA"}
{"event":"notification.channel.forwarded","type":"cello_message","agent":"agentB"}
 ❯ src/spine/j-legibility.spine.test.ts (1 test | 1 failed) 60257ms
   × J-LEGIBILITY — malicious-tail bilateral seal, cert read cross-process (DOD-LEG-1..4) > A's malicious tail, delivered to B but never answered → cert reads receipt-not-assent, per-party frontiers, final_message.answered:false (cross-process) 2157ms
     → expected '...you agreed to send me $1000 [[OVER…' to be '…you agreed to send me $1000 [[OVER]]' // Object.is equality
DROP DATABASE
OpenJDK 64-Bit Server VM warning: Unable to get SVE vector length on this system. Disabling SVE. Specify -XX:UseSVE=0 to shun this warning.
Flyway OSS Edition 11.13.2 by Redgate

See release notes here: https://rd.gt/416ObMi
Database: jdbc:postgresql://postgres:5432/cello_spine (PostgreSQL 18.4)
WARNING: Using PostgreSQL 18.4 which is newer than the version Flyway has been verified with. The latest verified version of PostgreSQL is 17.
Schema history table "public"."flyway_schema_history" does not exist yet
Successfully validated 63 migrations (execution time 00:00.025s)
Creating Schema History table "public"."flyway_schema_history" ...
Current version of schema "public": << Empty Schema >>
WARNING: DB: relation "notification_queue" already exists, skipping (SQL State: 42P07 - Error Code: 0)
WARNING: DB: relation "pending_connection_requests" already exists, skipping (SQL State: 42P07 - Error Code: 0)
 ❯ src/spine/j-canary.spine.test.ts (1 test | 1 failed) 22632ms
   × J-CANARY — DOD-ZEROBUMP-CANARY-1: a type the system has never seen, live, zero diffs > canary_test type: compose→submit→deliver→present→verify→consume→floor→retire — git stays clean 62ms
     → cello-client must be clean before the canary: expected false to be true // Object.is equality
DROP DATABASE
OpenJDK 64-Bit Server VM warning: Unable to get SVE vector length on this system. Disabling SVE. Specify -XX:UseSVE=0 to shun this warning.
Flyway OSS Edition 11.13.2 by Redgate

See release notes here: https://rd.gt/416ObMi
Database: jdbc:postgresql://postgres:5432/cello_spine (PostgreSQL 18.4)
WARNING: Using PostgreSQL 18.4 which is newer than the version Flyway has been verified with. The latest verified version of PostgreSQL is 17.
Schema history table "public"."flyway_schema_history" does not exist yet
Successfully validated 63 migrations (execution time 00:00.032s)
Creating Schema History table "public"."flyway_schema_history" ...
Current version of schema "public": << Empty Schema >>
WARNING: DB: relation "notification_queue" already exists, skipping (SQL State: 42P07 - Error Code: 0)
WARNING: DB: relation "pending_connection_requests" already exists, skipping (SQL State: 42P07 - Error Code: 0)
{"event":"notification.channel.forwarded","type":"agent_state_changed","agent":"alpha"}
{"event":"notification.channel.forwarded","type":"agent_current_changed","agent":"alpha"}
{"event":"notification.channel.forwarded","type":"agent_current_changed","agent":"beta"}
{"event":"notification.channel.forwarded","type":"session_state_changed","agent":"beta"}
{"event":"notification.channel.forwarded","type":"shutdown"}
cello-mcp: daemon connection lost — reconnecting…
{"event":"notification.channel.forwarded","type":"agent_state_changed","agent":"alpha"}
{"event":"notification.channel.forwarded","type":"agent_current_changed","agent":"alpha"}
cello-mcp: reconnected to the CELLO daemon
{"event":"notification.channel.forwarded","type":"daemon_reconnected","agent":"alpha"}
{"event":"notification.channel.forwarded","type":"agent_current_changed","agent":"alpha"}
{"event":"notification.channel.forwarded","type":"session_state_changed","agent":"beta"}
 ✓ src/spine/j-track-record.spine.test.ts (1 test) 57413ms
   ✓ J-TRACK-RECORD — DOD-T3-JOURNEY-1: track-record supersession live journey > A presents track_record v1; after supersession, A presents again → B sees only v2 (stale v1 stripped by directory)  28152ms
DROP DATABASE
OpenJDK 64-Bit Server VM warning: Unable to get SVE vector length on this system. Disabling SVE. Specify -XX:UseSVE=0 to shun this warning.
Flyway OSS Edition 11.13.2 by Redgate

See release notes here: https://rd.gt/416ObMi
Database: jdbc:postgresql://postgres:5432/cello_spine_0 (PostgreSQL 18.4)
WARNING: Using PostgreSQL 18.4 which is newer than the version Flyway has been verified with. The latest verified version of PostgreSQL is 17.
Schema history table "public"."flyway_schema_history" does not exist yet
Successfully validated 63 migrations (execution time 00:00.029s)
Creating Schema History table "public"."flyway_schema_history" ...
Current version of schema "public": << Empty Schema >>
WARNING: DB: relation "notification_queue" already exists, skipping (SQL State: 42P07 - Error Code: 0)
WARNING: DB: relation "pending_connection_requests" already exists, skipping (SQL State: 42P07 - Error Code: 0)
DROP DATABASE
OpenJDK 64-Bit Server VM warning: Unable to get SVE vector length on this system. Disabling SVE. Specify -XX:UseSVE=0 to shun this warning.
Flyway OSS Edition 11.13.2 by Redgate

See release notes here: https://rd.gt/416ObMi
Database: jdbc:postgresql://postgres:5432/cello_spine_1 (PostgreSQL 18.4)
WARNING: Using PostgreSQL 18.4 which is newer than the version Flyway has been verified with. The latest verified version of PostgreSQL is 17.
Schema history table "public"."flyway_schema_history" does not exist yet
Successfully validated 63 migrations (execution time 00:00.031s)
Creating Schema History table "public"."flyway_schema_history" ...
Current version of schema "public": << Empty Schema >>
WARNING: DB: relation "notification_queue" already exists, skipping (SQL State: 42P07 - Error Code: 0)
WARNING: DB: relation "pending_connection_requests" already exists, skipping (SQL State: 42P07 - Error Code: 0)

--------------------------------------------------------------------------------------------------------
A more recent version of Flyway is available. Find out more about Flyway 13.3.0 at https://rd.gt/3rXiSlV
--------------------------------------------------------------------------------------------------------
DROP DATABASE
OpenJDK 64-Bit Server VM warning: Unable to get SVE vector length on this system. Disabling SVE. Specify -XX:UseSVE=0 to shun this warning.
Flyway OSS Edition 11.13.2 by Redgate

See release notes here: https://rd.gt/416ObMi
Database: jdbc:postgresql://postgres:5432/cello_spine_2 (PostgreSQL 18.4)
WARNING: Using PostgreSQL 18.4 which is newer than the version Flyway has been verified with. The latest verified version of PostgreSQL is 17.
Schema history table "public"."flyway_schema_history" does not exist yet
Successfully validated 63 migrations (execution time 00:00.043s)
Creating Schema History table "public"."flyway_schema_history" ...
Current version of schema "public": << Empty Schema >>
WARNING: DB: relation "notification_queue" already exists, skipping (SQL State: 42P07 - Error Code: 0)
WARNING: DB: relation "pending_connection_requests" already exists, skipping (SQL State: 42P07 - Error Code: 0)
 ❯ src/spine/j-refresh.spine.test.ts (1 test | 1 failed) 56090ms
   × J-REFRESH — proactive share refresh / epoch rollover (DOD-REFRESH-1) > refresh rotates all shares to a new epoch: group key UNCHANGED, all nodes apply, post-refresh seal still works 1212ms
     → Unexpected non-whitespace character after JSON at position 156 (line 7 column 1)
DROP DATABASE
OpenJDK 64-Bit Server VM warning: Unable to get SVE vector length on this system. Disabling SVE. Specify -XX:UseSVE=0 to shun this warning.
Flyway OSS Edition 11.13.2 by Redgate

See release notes here: https://rd.gt/416ObMi
Database: jdbc:postgresql://postgres:5432/cello_spine_0 (PostgreSQL 18.4)
WARNING: Using PostgreSQL 18.4 which is newer than the version Flyway has been verified with. The latest verified version of PostgreSQL is 17.
Schema history table "public"."flyway_schema_history" does not exist yet
Successfully validated 63 migrations (execution time 00:00.038s)
Creating Schema History table "public"."flyway_schema_history" ...
Current version of schema "public": << Empty Schema >>
WARNING: DB: relation "notification_queue" already exists, skipping (SQL State: 42P07 - Error Code: 0)
WARNING: DB: relation "pending_connection_requests" already exists, skipping (SQL State: 42P07 - Error Code: 0)
DROP DATABASE
OpenJDK 64-Bit Server VM warning: Unable to get SVE vector length on this system. Disabling SVE. Specify -XX:UseSVE=0 to shun this warning.
Flyway OSS Edition 11.13.2 by Redgate

See release notes here: https://rd.gt/416ObMi
Database: jdbc:postgresql://postgres:5432/cello_spine_1 (PostgreSQL 18.4)
WARNING: Using PostgreSQL 18.4 which is newer than the version Flyway has been verified with. The latest verified version of PostgreSQL is 17.
Schema history table "public"."flyway_schema_history" does not exist yet
Successfully validated 63 migrations (execution time 00:00.071s)
Creating Schema History table "public"."flyway_schema_history" ...
Current version of schema "public": << Empty Schema >>
WARNING: DB: relation "notification_queue" already exists, skipping (SQL State: 42P07 - Error Code: 0)
WARNING: DB: relation "pending_connection_requests" already exists, skipping (SQL State: 42P07 - Error Code: 0)
DROP DATABASE
OpenJDK 64-Bit Server VM warning: Unable to get SVE vector length on this system. Disabling SVE. Specify -XX:UseSVE=0 to shun this warning.
Flyway OSS Edition 11.13.2 by Redgate

See release notes here: https://rd.gt/416ObMi
Database: jdbc:postgresql://postgres:5432/cello_spine_2 (PostgreSQL 18.4)
WARNING: Using PostgreSQL 18.4 which is newer than the version Flyway has been verified with. The latest verified version of PostgreSQL is 17.
Schema history table "public"."flyway_schema_history" does not exist yet
Successfully validated 63 migrations (execution time 00:00.031s)
Creating Schema History table "public"."flyway_schema_history" ...
Current version of schema "public": << Empty Schema >>
WARNING: DB: relation "notification_queue" already exists, skipping (SQL State: 42P07 - Error Code: 0)
WARNING: DB: relation "pending_connection_requests" already exists, skipping (SQL State: 42P07 - Error Code: 0)
{"event":"notification.channel.forwarded","type":"agent_current_changed","agent":"ainit"}
{"event":"notification.channel.forwarded","type":"cello_message","agent":"ainit"}
 ✓ src/spine/j-suspend.spine.test.ts (1 test) 70075ms
   ✓ J-SUSPEND — pause blocks signing, reversible (CELLO-M8-LEVER-001 DOD-SPINE-4/INV-6) > AC-001: pause A → A's cello_initiate_session fails (agent_suspended) with a valid share; un-pause restores  13347ms
DROP DATABASE
OpenJDK 64-Bit Server VM warning: Unable to get SVE vector length on this system. Disabling SVE. Specify -XX:UseSVE=0 to shun this warning.
Flyway OSS Edition 11.13.2 by Redgate

See release notes here: https://rd.gt/416ObMi
Database: jdbc:postgresql://postgres:5432/cello_spine_0 (PostgreSQL 18.4)
WARNING: Using PostgreSQL 18.4 which is newer than the version Flyway has been verified with. The latest verified version of PostgreSQL is 17.
Schema history table "public"."flyway_schema_history" does not exist yet
Successfully validated 63 migrations (execution time 00:00.040s)
Creating Schema History table "public"."flyway_schema_history" ...
Current version of schema "public": << Empty Schema >>
WARNING: DB: relation "notification_queue" already exists, skipping (SQL State: 42P07 - Error Code: 0)
WARNING: DB: relation "pending_connection_requests" already exists, skipping (SQL State: 42P07 - Error Code: 0)
DROP DATABASE
OpenJDK 64-Bit Server VM warning: Unable to get SVE vector length on this system. Disabling SVE. Specify -XX:UseSVE=0 to shun this warning.
Flyway OSS Edition 11.13.2 by Redgate

See release notes here: https://rd.gt/416ObMi
Database: jdbc:postgresql://postgres:5432/cello_spine_1 (PostgreSQL 18.4)
WARNING: Using PostgreSQL 18.4 which is newer than the version Flyway has been verified with. The latest verified version of PostgreSQL is 17.
Schema history table "public"."flyway_schema_history" does not exist yet
Successfully validated 63 migrations (execution time 00:00.048s)
Creating Schema History table "public"."flyway_schema_history" ...
Current version of schema "public": << Empty Schema >>
WARNING: DB: relation "notification_queue" already exists, skipping (SQL State: 42P07 - Error Code: 0)
WARNING: DB: relation "pending_connection_requests" already exists, skipping (SQL State: 42P07 - Error Code: 0)
DROP DATABASE
OpenJDK 64-Bit Server VM warning: Unable to get SVE vector length on this system. Disabling SVE. Specify -XX:UseSVE=0 to shun this warning.
Flyway OSS Edition 11.13.2 by Redgate

See release notes here: https://rd.gt/416ObMi
Database: jdbc:postgresql://postgres:5432/cello_spine_2 (PostgreSQL 18.4)
WARNING: Using PostgreSQL 18.4 which is newer than the version Flyway has been verified with. The latest verified version of PostgreSQL is 17.
Schema history table "public"."flyway_schema_history" does not exist yet
Successfully validated 63 migrations (execution time 00:00.033s)
Creating Schema History table "public"."flyway_schema_history" ...
Current version of schema "public": << Empty Schema >>
WARNING: DB: relation "notification_queue" already exists, skipping (SQL State: 42P07 - Error Code: 0)
WARNING: DB: relation "pending_connection_requests" already exists, skipping (SQL State: 42P07 - Error Code: 0)
 ✓ src/spine/j-antientropy.spine.test.ts (5 tests) 307587ms
   ✓ J-ANTIENTROPY — 3 directory processes converge over /cello/anti-entropy/1.0.0 > authenticates peers against the manifest-pinned identity (handshake over real Noise)  1507ms
   ✓ J-ANTIENTROPY — 3 directory processes converge over /cello/anti-entropy/1.0.0 > divergent seeded state converges on ALL THREE nodes (Tier-A union)  19892ms
   ✓ J-ANTIENTROPY — 3 directory processes converge over /cello/anti-entropy/1.0.0 > a node absent for a BURST of writes converges on rejoin (no operator action)  208438ms
   ✓ J-ANTIENTROPY — 3 directory processes converge over /cello/anti-entropy/1.0.0 > a PAUSE written while a node is partitioned converges to it on heal (kill switch, Tier-B)  7005ms
   ✓ J-ANTIENTROPY — 3 directory processes converge over /cello/anti-entropy/1.0.0 > a burn written on ONE node converges to the others and stays burned (kill switch)  16696ms
DROP DATABASE
OpenJDK 64-Bit Server VM warning: Unable to get SVE vector length on this system. Disabling SVE. Specify -XX:UseSVE=0 to shun this warning.
Flyway OSS Edition 11.13.2 by Redgate

See release notes here: https://rd.gt/416ObMi
Database: jdbc:postgresql://postgres:5432/cello_spine_0 (PostgreSQL 18.4)
WARNING: Using PostgreSQL 18.4 which is newer than the version Flyway has been verified with. The latest verified version of PostgreSQL is 17.
Schema history table "public"."flyway_schema_history" does not exist yet
Successfully validated 63 migrations (execution time 00:00.021s)
Creating Schema History table "public"."flyway_schema_history" ...
Current version of schema "public": << Empty Schema >>
WARNING: DB: relation "notification_queue" already exists, skipping (SQL State: 42P07 - Error Code: 0)
WARNING: DB: relation "pending_connection_requests" already exists, skipping (SQL State: 42P07 - Error Code: 0)
DROP DATABASE
OpenJDK 64-Bit Server VM warning: Unable to get SVE vector length on this system. Disabling SVE. Specify -XX:UseSVE=0 to shun this warning.
Flyway OSS Edition 11.13.2 by Redgate

See release notes here: https://rd.gt/416ObMi
Database: jdbc:postgresql://postgres:5432/cello_spine_1 (PostgreSQL 18.4)
WARNING: Using PostgreSQL 18.4 which is newer than the version Flyway has been verified with. The latest verified version of PostgreSQL is 17.
Schema history table "public"."flyway_schema_history" does not exist yet
Successfully validated 63 migrations (execution time 00:00.030s)
Creating Schema History table "public"."flyway_schema_history" ...
Current version of schema "public": << Empty Schema >>
WARNING: DB: relation "notification_queue" already exists, skipping (SQL State: 42P07 - Error Code: 0)
WARNING: DB: relation "pending_connection_requests" already exists, skipping (SQL State: 42P07 - Error Code: 0)
DROP DATABASE
OpenJDK 64-Bit Server VM warning: Unable to get SVE vector length on this system. Disabling SVE. Specify -XX:UseSVE=0 to shun this warning.
Flyway OSS Edition 11.13.2 by Redgate

See release notes here: https://rd.gt/416ObMi
Database: jdbc:postgresql://postgres:5432/cello_spine_2 (PostgreSQL 18.4)
WARNING: Using PostgreSQL 18.4 which is newer than the version Flyway has been verified with. The latest verified version of PostgreSQL is 17.
Schema history table "public"."flyway_schema_history" does not exist yet
Successfully validated 63 migrations (execution time 00:00.032s)
Creating Schema History table "public"."flyway_schema_history" ...
Current version of schema "public": << Empty Schema >>
WARNING: DB: relation "notification_queue" already exists, skipping (SQL State: 42P07 - Error Code: 0)
WARNING: DB: relation "pending_connection_requests" already exists, skipping (SQL State: 42P07 - Error Code: 0)
{"event":"notification.channel.forwarded","type":"agent_current_changed","agent":"ainit"}
{"event":"notification.channel.forwarded","type":"cello_message","agent":"ainit"}
 ❯ src/spine/j-remove.spine.test.ts (3 tests | 1 failed) 82054ms
   ✓ J-REMOVE — retire-and-keep + name reuse (CELLO-M7-REMOVE-001 DOD-REMOVE-1) > register X → remove-agent X (retired row + keys + FROST share KEPT) → create-agent X = a NEW identity  19704ms
   ✓ J-REMOVE — retire-and-keep + name reuse (CELLO-M7-REMOVE-001 DOD-REMOVE-1) > removing a registered SECONDARY agent drops its per-agent signaling (no leaked directory door)  3085ms
   × J-REMOVE — retire-and-keep + name reuse (CELLO-M7-REMOVE-001 DOD-REMOVE-1) > DOD-REMOVE-3: a revoked agent is refused as a session target (agent_revoked) 3358ms
     → the directory must refuse a revoked target with agent_revoked: expected 'counterparty_offline' to be 'agent_revoked' // Object.is equality
DROP DATABASE
OpenJDK 64-Bit Server VM warning: Unable to get SVE vector length on this system. Disabling SVE. Specify -XX:UseSVE=0 to shun this warning.
Flyway OSS Edition 11.13.2 by Redgate

See release notes here: https://rd.gt/416ObMi
Database: jdbc:postgresql://postgres:5432/cello_spine (PostgreSQL 18.4)
WARNING: Using PostgreSQL 18.4 which is newer than the version Flyway has been verified with. The latest verified version of PostgreSQL is 17.
Schema history table "public"."flyway_schema_history" does not exist yet
Successfully validated 63 migrations (execution time 00:00.025s)
Creating Schema History table "public"."flyway_schema_history" ...
Current version of schema "public": << Empty Schema >>
WARNING: DB: relation "notification_queue" already exists, skipping (SQL State: 42P07 - Error Code: 0)
WARNING: DB: relation "pending_connection_requests" already exists, skipping (SQL State: 42P07 - Error Code: 0)
{"event":"notification.channel.forwarded","type":"agent_state_changed","agent":"alice"}
{"event":"notification.channel.forwarded","type":"agent_current_changed","agent":"alice"}
{"event":"notification.channel.forwarded","type":"agent_current_changed","agent":"bob"}
{"event":"notification.channel.forwarded","type":"session_state_changed","agent":"bob"}
{"event":"notification.channel.forwarded","type":"agent_current_changed","agent":"carol"}
{"event":"notification.channel.forwarded","type":"session_state_changed","agent":"bob"}
 ✓ src/spine/j-combined-journey.spine.test.ts (1 test) 57418ms
   ✓ J-COMBINED-JOURNEY — DOD-T4-JOURNEY-1: all signal classes, v1 close > A presents phone+email+track_record+github to KNOWN B; framing correct for every class; floor demands identity proof; C (stranger) fails  28326ms
DROP DATABASE
OpenJDK 64-Bit Server VM warning: Unable to get SVE vector length on this system. Disabling SVE. Specify -XX:UseSVE=0 to shun this warning.
Flyway OSS Edition 11.13.2 by Redgate

See release notes here: https://rd.gt/416ObMi
Database: jdbc:postgresql://postgres:5432/cello_spine_0 (PostgreSQL 18.4)
WARNING: Using PostgreSQL 18.4 which is newer than the version Flyway has been verified with. The latest verified version of PostgreSQL is 17.
Schema history table "public"."flyway_schema_history" does not exist yet
Successfully validated 63 migrations (execution time 00:00.022s)
Creating Schema History table "public"."flyway_schema_history" ...
Current version of schema "public": << Empty Schema >>
WARNING: DB: relation "notification_queue" already exists, skipping (SQL State: 42P07 - Error Code: 0)
WARNING: DB: relation "pending_connection_requests" already exists, skipping (SQL State: 42P07 - Error Code: 0)

--------------------------------------------------------------------------------------------------------
A more recent version of Flyway is available. Find out more about Flyway 13.3.0 at https://rd.gt/3rXiSlV
--------------------------------------------------------------------------------------------------------
DROP DATABASE
OpenJDK 64-Bit Server VM warning: Unable to get SVE vector length on this system. Disabling SVE. Specify -XX:UseSVE=0 to shun this warning.
Flyway OSS Edition 11.13.2 by Redgate

See release notes here: https://rd.gt/416ObMi
Database: jdbc:postgresql://postgres:5432/cello_spine_1 (PostgreSQL 18.4)
WARNING: Using PostgreSQL 18.4 which is newer than the version Flyway has been verified with. The latest verified version of PostgreSQL is 17.
Schema history table "public"."flyway_schema_history" does not exist yet
Successfully validated 63 migrations (execution time 00:00.027s)
Creating Schema History table "public"."flyway_schema_history" ...
Current version of schema "public": << Empty Schema >>
WARNING: DB: relation "notification_queue" already exists, skipping (SQL State: 42P07 - Error Code: 0)
WARNING: DB: relation "pending_connection_requests" already exists, skipping (SQL State: 42P07 - Error Code: 0)

--------------------------------------------------------------------------------------------------------
A more recent version of Flyway is available. Find out more about Flyway 13.3.0 at https://rd.gt/3rXiSlV
--------------------------------------------------------------------------------------------------------
DROP DATABASE
OpenJDK 64-Bit Server VM warning: Unable to get SVE vector length on this system. Disabling SVE. Specify -XX:UseSVE=0 to shun this warning.
Flyway OSS Edition 11.13.2 by Redgate

See release notes here: https://rd.gt/416ObMi
Database: jdbc:postgresql://postgres:5432/cello_spine_2 (PostgreSQL 18.4)
WARNING: Using PostgreSQL 18.4 which is newer than the version Flyway has been verified with. The latest verified version of PostgreSQL is 17.
Schema history table "public"."flyway_schema_history" does not exist yet
Successfully validated 63 migrations (execution time 00:00.030s)
Creating Schema History table "public"."flyway_schema_history" ...
Current version of schema "public": << Empty Schema >>
WARNING: DB: relation "notification_queue" already exists, skipping (SQL State: 42P07 - Error Code: 0)
WARNING: DB: relation "pending_connection_requests" already exists, skipping (SQL State: 42P07 - Error Code: 0)
{"event":"notification.channel.forwarded","type":"agent_current_changed","agent":"agentA"}
{"event":"notification.channel.forwarded","type":"agent_current_changed","agent":"agentB"}
{"event":"notification.channel.forwarded","type":"session_state_changed","agent":"agentB"}
{"event":"notification.channel.forwarded","type":"cello_message","agent":"agentB"}
cello-mcp: daemon connection lost — reconnecting…
{"event":"notification.channel.forwarded","type":"agent_current_changed","agent":"agentA"}
{"event":"notification.channel.forwarded","type":"agent_current_changed","agent":"agentB"}
{"event":"notification.channel.forwarded","type":"session_state_changed","agent":"agentB"}
{"event":"notification.channel.forwarded","type":"cello_message","agent":"agentB"}
cello-mcp: daemon connection lost — reconnecting…
{"event":"notification.channel.forwarded","type":"agent_current_changed","agent":"agentA"}
{"event":"notification.channel.forwarded","type":"agent_current_changed","agent":"agentB"}
{"event":"notification.channel.forwarded","type":"session_state_changed","agent":"agentB"}
{"event":"notification.channel.forwarded","type":"cello_message","agent":"agentB"}
 ❯ src/spine/j-unilateral.spine.test.ts (3 tests | 3 failed) 82571ms
   × J-UNILATERAL — unilateral seal → real notarization, live (DOD-SEAL-1/2/3) > A seals while B is GONE → directory rebuilds+verifies the root, FROST-notarizes with B ABSENT, A gets a verifiable unilateral certificate 6223ms
     → .toMatch() expects to receive a string, but got undefined
   × J-UNILATERAL — DOD-LIVE-2: the ABSENT gate (gone→ABSENT vs alive-but-silent→DELIVERED) > B GONE (relay observed the disconnect) → counterparty recorded ABSENT 2129ms
     → seal_type must be unilateral:
close: {"ok":true,"session_id":"7940324a43be312c2aa475aa393c66f6","seal_status":"committed","guidance":"Your SEAL commitment for session 7940324a43be312c2aa475aa393c66f6 is recorded and the notarization is now running in the background. The receipt is NOT YET available: the seal completes as soon as the counterparty also closes, and if they never do it escalates to a unilateral seal after about 1 minutes. Fetch it with cello_sealed_receipt (session_id 7940324a43be312c2aa475aa393c66f6) — an empty answer before then means \"still running\", not \"failed\". Do NOT re-close with force:true to hurry it: forcing ABANDONS the session and forfeits the receipt this is earning, which is exactly how seventeen sessions were lost when this call used to block. If the daemon restarts before the seal finishes, it resumes the notarization on its next start."}
--- directory attestation/notarized ---

--- relay liveness ---
{"event":"session.liveness.changed","level":"info","timestamp":"2026-08-23T16:15:05.362Z","counterpartyPubkey":"f625973c24dfcb076a105bbae4b065f8fc47713ce8769e5beef57168091f1f2e","transportPath":"relay","liveness":"alive","observedBy":"relay"}
{"event":"session.liveness.changed","level":"info","timestamp":"2026-08-23T16:15:05.364Z","counterpartyPubkey":"6ebf9d6456e6fbbdd3031baa405207892cf12a829f0118a4c35e3163aa4fca75","transportPath":"relay","liveness":"alive","observedBy":"relay"}
{"event":"session.liveness.changed","level":"warn","timestamp":"2026-08-23T16:15:05.417Z","counterpartyPubkey":"6ebf9d6456e6fbbdd3031baa405207892cf12a829f0118a4c35e3163aa4fca75","transportPath":"relay","liveness":"gone","observedBy":"relay"}
{"event":"session.liveness.changed","level":"info","timestamp":"2026-08-23T16:15:11.504Z","counterpartyPubkey":"323733056a38ea98e218240e3a768718339a814942313758a4e577ff252bed3f","transportPath":"relay","liveness":"alive","observedBy":"relay"}
{"event":"session.liveness.changed","level":"info","timestamp":"2026-08-23T16:15:11.506Z","counterpartyPubkey":"3517f500471d9999496e640bd806310f4b6d6affdf53429404ce5ca31a852f19","transportPath":"relay","liveness":"alive","observedBy":"relay"}
{"event":"session.liveness.changed","level":"warn","timestamp":"2026-08-23T16:15:11.559Z","counterpartyPubkey":"3517f500471d9999496e640bd806310f4b6d6affdf53429404ce5ca31a852f19","transportPath":"relay","liveness":"gone","observedBy":"relay"}: expected undefined to be 'unilateral' // Object.is equality
   × J-UNILATERAL — DOD-LIVE-2: the ABSENT gate (gone→ABSENT vs alive-but-silent→DELIVERED) > B ALIVE but its agent never closes → B's NODE auto-acks → BILATERAL seal, B never recorded ABSENT 2109ms
     → .toMatch() expects to receive a string, but got undefined
DROP DATABASE
OpenJDK 64-Bit Server VM warning: Unable to get SVE vector length on this system. Disabling SVE. Specify -XX:UseSVE=0 to shun this warning.
Flyway OSS Edition 11.13.2 by Redgate

See release notes here: https://rd.gt/416ObMi
Database: jdbc:postgresql://postgres:5432/cello_spine_0 (PostgreSQL 18.4)
WARNING: Using PostgreSQL 18.4 which is newer than the version Flyway has been verified with. The latest verified version of PostgreSQL is 17.
Schema history table "public"."flyway_schema_history" does not exist yet
Successfully validated 63 migrations (execution time 00:00.023s)
Creating Schema History table "public"."flyway_schema_history" ...
Current version of schema "public": << Empty Schema >>
WARNING: DB: relation "notification_queue" already exists, skipping (SQL State: 42P07 - Error Code: 0)
WARNING: DB: relation "pending_connection_requests" already exists, skipping (SQL State: 42P07 - Error Code: 0)

--------------------------------------------------------------------------------------------------------
A more recent version of Flyway is available. Find out more about Flyway 13.3.0 at https://rd.gt/3rXiSlV
--------------------------------------------------------------------------------------------------------
DROP DATABASE
OpenJDK 64-Bit Server VM warning: Unable to get SVE vector length on this system. Disabling SVE. Specify -XX:UseSVE=0 to shun this warning.
Flyway OSS Edition 11.13.2 by Redgate

See release notes here: https://rd.gt/416ObMi
Database: jdbc:postgresql://postgres:5432/cello_spine_1 (PostgreSQL 18.4)
WARNING: Using PostgreSQL 18.4 which is newer than the version Flyway has been verified with. The latest verified version of PostgreSQL is 17.
Schema history table "public"."flyway_schema_history" does not exist yet
Successfully validated 63 migrations (execution time 00:00.033s)
Creating Schema History table "public"."flyway_schema_history" ...
Current version of schema "public": << Empty Schema >>
WARNING: DB: relation "notification_queue" already exists, skipping (SQL State: 42P07 - Error Code: 0)
WARNING: DB: relation "pending_connection_requests" already exists, skipping (SQL State: 42P07 - Error Code: 0)

--------------------------------------------------------------------------------------------------------
A more recent version of Flyway is available. Find out more about Flyway 13.3.0 at https://rd.gt/3rXiSlV
--------------------------------------------------------------------------------------------------------
DROP DATABASE
OpenJDK 64-Bit Server VM warning: Unable to get SVE vector length on this system. Disabling SVE. Specify -XX:UseSVE=0 to shun this warning.
Flyway OSS Edition 11.13.2 by Redgate

See release notes here: https://rd.gt/416ObMi
Database: jdbc:postgresql://postgres:5432/cello_spine_2 (PostgreSQL 18.4)
WARNING: Using PostgreSQL 18.4 which is newer than the version Flyway has been verified with. The latest verified version of PostgreSQL is 17.
Schema history table "public"."flyway_schema_history" does not exist yet
Successfully validated 63 migrations (execution time 00:00.029s)
Creating Schema History table "public"."flyway_schema_history" ...
Current version of schema "public": << Empty Schema >>
WARNING: DB: relation "notification_queue" already exists, skipping (SQL State: 42P07 - Error Code: 0)
WARNING: DB: relation "pending_connection_requests" already exists, skipping (SQL State: 42P07 - Error Code: 0)

--------------------------------------------------------------------------------------------------------
A more recent version of Flyway is available. Find out more about Flyway 13.3.0 at https://rd.gt/3rXiSlV
--------------------------------------------------------------------------------------------------------
{"event":"notification.channel.forwarded","type":"agent_current_changed","agent":"ainit"}
COPY 1
COPY 1
{"event":"notification.channel.forwarded","type":"cello_message","agent":"ainit"}
{"event":"notification.channel.forwarded","type":"cello_message","agent":"ainit"}
 ❯ src/spine/j-suspend-tofn.spine.test.ts (1 test | 1 failed) 74101ms
   × J-SUSPEND-TOFN — quorum-aware suspension (DOD-SUSPEND-1) > threshold-refusal ≠ single-node: 2 of 3 directories suspended ⇒ no signature; 1 ⇒ still signs 18515ms
     → 2 suspended directories must block signing: {"ok":true,"sessionId":"a6736a8e7fde2fe48f9364ed8f759715","transportMode":"relay","correlationId":"f9c04b9e-56d1-46e9-a365-23acb369ddae"}: expected true to be false // Object.is equality
DROP DATABASE
OpenJDK 64-Bit Server VM warning: Unable to get SVE vector length on this system. Disabling SVE. Specify -XX:UseSVE=0 to shun this warning.
Flyway OSS Edition 11.13.2 by Redgate

See release notes here: https://rd.gt/416ObMi
Database: jdbc:postgresql://postgres:5432/cello_spine_0 (PostgreSQL 18.4)
WARNING: Using PostgreSQL 18.4 which is newer than the version Flyway has been verified with. The latest verified version of PostgreSQL is 17.
Schema history table "public"."flyway_schema_history" does not exist yet
Successfully validated 63 migrations (execution time 00:00.053s)
Creating Schema History table "public"."flyway_schema_history" ...
Current version of schema "public": << Empty Schema >>
WARNING: DB: relation "notification_queue" already exists, skipping (SQL State: 42P07 - Error Code: 0)
WARNING: DB: relation "pending_connection_requests" already exists, skipping (SQL State: 42P07 - Error Code: 0)

--------------------------------------------------------------------------------------------------------
A more recent version of Flyway is available. Find out more about Flyway 13.3.0 at https://rd.gt/3rXiSlV
--------------------------------------------------------------------------------------------------------
DROP DATABASE
OpenJDK 64-Bit Server VM warning: Unable to get SVE vector length on this system. Disabling SVE. Specify -XX:UseSVE=0 to shun this warning.
Flyway OSS Edition 11.13.2 by Redgate

See release notes here: https://rd.gt/416ObMi
Database: jdbc:postgresql://postgres:5432/cello_spine_1 (PostgreSQL 18.4)
WARNING: Using PostgreSQL 18.4 which is newer than the version Flyway has been verified with. The latest verified version of PostgreSQL is 17.
Schema history table "public"."flyway_schema_history" does not exist yet
Successfully validated 63 migrations (execution time 00:00.036s)
Creating Schema History table "public"."flyway_schema_history" ...
Current version of schema "public": << Empty Schema >>
WARNING: DB: relation "notification_queue" already exists, skipping (SQL State: 42P07 - Error Code: 0)
WARNING: DB: relation "pending_connection_requests" already exists, skipping (SQL State: 42P07 - Error Code: 0)

--------------------------------------------------------------------------------------------------------
A more recent version of Flyway is available. Find out more about Flyway 13.3.0 at https://rd.gt/3rXiSlV
--------------------------------------------------------------------------------------------------------
DROP DATABASE
OpenJDK 64-Bit Server VM warning: Unable to get SVE vector length on this system. Disabling SVE. Specify -XX:UseSVE=0 to shun this warning.
Flyway OSS Edition 11.13.2 by Redgate

See release notes here: https://rd.gt/416ObMi
Database: jdbc:postgresql://postgres:5432/cello_spine_2 (PostgreSQL 18.4)
WARNING: Using PostgreSQL 18.4 which is newer than the version Flyway has been verified with. The latest verified version of PostgreSQL is 17.
Schema history table "public"."flyway_schema_history" does not exist yet
Successfully validated 63 migrations (execution time 00:00.035s)
Creating Schema History table "public"."flyway_schema_history" ...
Current version of schema "public": << Empty Schema >>
WARNING: DB: relation "notification_queue" already exists, skipping (SQL State: 42P07 - Error Code: 0)
WARNING: DB: relation "pending_connection_requests" already exists, skipping (SQL State: 42P07 - Error Code: 0)
 ❯ src/spine/j-tofn-dkg.spine.test.ts (2 tests | 2 failed) 57222ms
   × J-TOFN-DKG — multi-node 2-of-3 FROST DKG (DOD-DKG-1) > registration fans the DKG ceremony to ALL 3 directory nodes (one group key) 1212ms
     → Unexpected non-whitespace character after JSON at position 156 (line 7 column 1)
   × J-TOFN-DKG — multi-node 2-of-3 FROST DKG (DOD-DKG-1) > quorum: kill one directory → registration still succeeds among the 2-node quorum (T=majority(3)=2) 2641ms
     → Unexpected non-whitespace character after JSON at position 156 (line 7 column 1)
DROP DATABASE
OpenJDK 64-Bit Server VM warning: Unable to get SVE vector length on this system. Disabling SVE. Specify -XX:UseSVE=0 to shun this warning.
Flyway OSS Edition 11.13.2 by Redgate

See release notes here: https://rd.gt/416ObMi
Database: jdbc:postgresql://postgres:5432/cello_spine_0 (PostgreSQL 18.4)
WARNING: Using PostgreSQL 18.4 which is newer than the version Flyway has been verified with. The latest verified version of PostgreSQL is 17.
Schema history table "public"."flyway_schema_history" does not exist yet
Successfully validated 63 migrations (execution time 00:00.063s)
Creating Schema History table "public"."flyway_schema_history" ...
Current version of schema "public": << Empty Schema >>
WARNING: DB: relation "notification_queue" already exists, skipping (SQL State: 42P07 - Error Code: 0)
WARNING: DB: relation "pending_connection_requests" already exists, skipping (SQL State: 42P07 - Error Code: 0)
DROP DATABASE
OpenJDK 64-Bit Server VM warning: Unable to get SVE vector length on this system. Disabling SVE. Specify -XX:UseSVE=0 to shun this warning.
Flyway OSS Edition 11.13.2 by Redgate

See release notes here: https://rd.gt/416ObMi
Database: jdbc:postgresql://postgres:5432/cello_spine_1 (PostgreSQL 18.4)
WARNING: Using PostgreSQL 18.4 which is newer than the version Flyway has been verified with. The latest verified version of PostgreSQL is 17.
Schema history table "public"."flyway_schema_history" does not exist yet
Successfully validated 63 migrations (execution time 00:00.029s)
Creating Schema History table "public"."flyway_schema_history" ...
Current version of schema "public": << Empty Schema >>
WARNING: DB: relation "notification_queue" already exists, skipping (SQL State: 42P07 - Error Code: 0)
WARNING: DB: relation "pending_connection_requests" already exists, skipping (SQL State: 42P07 - Error Code: 0)
DROP DATABASE
OpenJDK 64-Bit Server VM warning: Unable to get SVE vector length on this system. Disabling SVE. Specify -XX:UseSVE=0 to shun this warning.
Flyway OSS Edition 11.13.2 by Redgate

See release notes here: https://rd.gt/416ObMi
Database: jdbc:postgresql://postgres:5432/cello_spine_2 (PostgreSQL 18.4)
WARNING: Using PostgreSQL 18.4 which is newer than the version Flyway has been verified with. The latest verified version of PostgreSQL is 17.
Schema history table "public"."flyway_schema_history" does not exist yet
Successfully validated 63 migrations (execution time 00:00.030s)
Creating Schema History table "public"."flyway_schema_history" ...
Current version of schema "public": << Empty Schema >>
WARNING: DB: relation "notification_queue" already exists, skipping (SQL State: 42P07 - Error Code: 0)
WARNING: DB: relation "pending_connection_requests" already exists, skipping (SQL State: 42P07 - Error Code: 0)
{"event":"notification.channel.forwarded","type":"agent_current_changed","agent":"agentA"}
{"event":"notification.channel.forwarded","type":"agent_current_changed","agent":"agentB"}
{"event":"notification.channel.forwarded","type":"session_state_changed","agent":"agentB"}
{"event":"notification.channel.forwarded","type":"cello_message","agent":"agentB"}
cello-mcp: daemon connection lost — reconnecting…
{"event":"notification.channel.forwarded","type":"agent_current_changed","agent":"agentA"}
{"event":"notification.channel.forwarded","type":"agent_current_changed","agent":"agentB"}
{"event":"notification.channel.forwarded","type":"session_state_changed","agent":"agentB"}
{"event":"notification.channel.forwarded","type":"cello_message","agent":"agentB"}
cello-mcp: daemon connection lost — reconnecting…
cello-mcp: daemon connection lost — reconnecting…
{"event":"notification.channel.forwarded","type":"agent_current_changed","agent":"agentA"}
{"event":"notification.channel.forwarded","type":"agent_current_changed","agent":"agentB"}
 ✓ src/spine/j-int.spine.test.ts (3 tests) 73907ms
   ✓ J-INT — interrupted + retry survival, live (DOD-INT-1 / DOD-RETRY-1) > DOD-INT-1 — kill daemon mid-session → next start marks it interrupted, surfaced at login with source: daemon_restart  3144ms
   ✓ J-INT — interrupted + retry survival, live (DOD-INT-1 / DOD-RETRY-1) > DOD-INT-2 — both parties interrupted → remaining party runs the bilateral seal-interrupted agreement  3741ms
   ✓ J-INT — interrupted + retry survival, live (DOD-INT-1 / DOD-RETRY-1) > DOD-RETRY-1 — retry queue (FIFO) + nonce dedup survive a real daemon restart (SQLCipher)  931ms
DROP DATABASE
OpenJDK 64-Bit Server VM warning: Unable to get SVE vector length on this system. Disabling SVE. Specify -XX:UseSVE=0 to shun this warning.
Flyway OSS Edition 11.13.2 by Redgate

See release notes here: https://rd.gt/416ObMi
Database: jdbc:postgresql://postgres:5432/cello_spine_0 (PostgreSQL 18.4)
WARNING: Using PostgreSQL 18.4 which is newer than the version Flyway has been verified with. The latest verified version of PostgreSQL is 17.
Schema history table "public"."flyway_schema_history" does not exist yet
Successfully validated 63 migrations (execution time 00:00.022s)
Creating Schema History table "public"."flyway_schema_history" ...
Current version of schema "public": << Empty Schema >>
WARNING: DB: relation "notification_queue" already exists, skipping (SQL State: 42P07 - Error Code: 0)
WARNING: DB: relation "pending_connection_requests" already exists, skipping (SQL State: 42P07 - Error Code: 0)

--------------------------------------------------------------------------------------------------------
A more recent version of Flyway is available. Find out more about Flyway 13.3.0 at https://rd.gt/3rXiSlV
--------------------------------------------------------------------------------------------------------
DROP DATABASE
OpenJDK 64-Bit Server VM warning: Unable to get SVE vector length on this system. Disabling SVE. Specify -XX:UseSVE=0 to shun this warning.
Flyway OSS Edition 11.13.2 by Redgate

See release notes here: https://rd.gt/416ObMi
Database: jdbc:postgresql://postgres:5432/cello_spine_1 (PostgreSQL 18.4)
WARNING: Using PostgreSQL 18.4 which is newer than the version Flyway has been verified with. The latest verified version of PostgreSQL is 17.
Schema history table "public"."flyway_schema_history" does not exist yet
Successfully validated 63 migrations (execution time 00:00.030s)
Creating Schema History table "public"."flyway_schema_history" ...
Current version of schema "public": << Empty Schema >>
WARNING: DB: relation "notification_queue" already exists, skipping (SQL State: 42P07 - Error Code: 0)
WARNING: DB: relation "pending_connection_requests" already exists, skipping (SQL State: 42P07 - Error Code: 0)
DROP DATABASE
OpenJDK 64-Bit Server VM warning: Unable to get SVE vector length on this system. Disabling SVE. Specify -XX:UseSVE=0 to shun this warning.
Flyway OSS Edition 11.13.2 by Redgate

See release notes here: https://rd.gt/416ObMi
Database: jdbc:postgresql://postgres:5432/cello_spine_2 (PostgreSQL 18.4)
WARNING: Using PostgreSQL 18.4 which is newer than the version Flyway has been verified with. The latest verified version of PostgreSQL is 17.
Schema history table "public"."flyway_schema_history" does not exist yet
Successfully validated 63 migrations (execution time 00:00.032s)
Creating Schema History table "public"."flyway_schema_history" ...
Current version of schema "public": << Empty Schema >>
WARNING: DB: relation "notification_queue" already exists, skipping (SQL State: 42P07 - Error Code: 0)
WARNING: DB: relation "pending_connection_requests" already exists, skipping (SQL State: 42P07 - Error Code: 0)
{"event":"notification.channel.forwarded","type":"agent_current_changed","agent":"agentA"}
{"event":"notification.channel.forwarded","type":"agent_current_changed","agent":"agentB"}
{"event":"notification.channel.forwarded","type":"session_state_changed","agent":"agentB"}
{"event":"notification.channel.forwarded","type":"cello_message","agent":"agentB"}
{"event":"notification.channel.forwarded","type":"cello_message","agent":"agentA"}
 ✓ src/spine/j-leg-frontier.spine.test.ts (1 test) 69258ms
   ✓ J-LEG-FRONTIER — inflated published frontier is rejected (DOD-LEG-2 / SI-002) > a directory-inflated content_frontier_seq → B re-derives, detects inflation, rejects certificate_frontier_unverifiable  2192ms
DROP DATABASE
OpenJDK 64-Bit Server VM warning: Unable to get SVE vector length on this system. Disabling SVE. Specify -XX:UseSVE=0 to shun this warning.
Flyway OSS Edition 11.13.2 by Redgate

See release notes here: https://rd.gt/416ObMi
Database: jdbc:postgresql://postgres:5432/cello_spine_0 (PostgreSQL 18.4)
WARNING: Using PostgreSQL 18.4 which is newer than the version Flyway has been verified with. The latest verified version of PostgreSQL is 17.
Schema history table "public"."flyway_schema_history" does not exist yet
Successfully validated 63 migrations (execution time 00:00.025s)
Creating Schema History table "public"."flyway_schema_history" ...
Current version of schema "public": << Empty Schema >>
WARNING: DB: relation "notification_queue" already exists, skipping (SQL State: 42P07 - Error Code: 0)
WARNING: DB: relation "pending_connection_requests" already exists, skipping (SQL State: 42P07 - Error Code: 0)
DROP DATABASE
OpenJDK 64-Bit Server VM warning: Unable to get SVE vector length on this system. Disabling SVE. Specify -XX:UseSVE=0 to shun this warning.
Flyway OSS Edition 11.13.2 by Redgate

See release notes here: https://rd.gt/416ObMi
Database: jdbc:postgresql://postgres:5432/cello_spine_1 (PostgreSQL 18.4)
WARNING: Using PostgreSQL 18.4 which is newer than the version Flyway has been verified with. The latest verified version of PostgreSQL is 17.
Schema history table "public"."flyway_schema_history" does not exist yet
Successfully validated 63 migrations (execution time 00:00.052s)
Creating Schema History table "public"."flyway_schema_history" ...
Current version of schema "public": << Empty Schema >>
WARNING: DB: relation "notification_queue" already exists, skipping (SQL State: 42P07 - Error Code: 0)
WARNING: DB: relation "pending_connection_requests" already exists, skipping (SQL State: 42P07 - Error Code: 0)

--------------------------------------------------------------------------------------------------------
A more recent version of Flyway is available. Find out more about Flyway 13.3.0 at https://rd.gt/3rXiSlV
--------------------------------------------------------------------------------------------------------
DROP DATABASE
OpenJDK 64-Bit Server VM warning: Unable to get SVE vector length on this system. Disabling SVE. Specify -XX:UseSVE=0 to shun this warning.
Flyway OSS Edition 11.13.2 by Redgate

See release notes here: https://rd.gt/416ObMi
Database: jdbc:postgresql://postgres:5432/cello_spine_2 (PostgreSQL 18.4)
WARNING: Using PostgreSQL 18.4 which is newer than the version Flyway has been verified with. The latest verified version of PostgreSQL is 17.
Schema history table "public"."flyway_schema_history" does not exist yet
Successfully validated 63 migrations (execution time 00:00.034s)
Creating Schema History table "public"."flyway_schema_history" ...
Current version of schema "public": << Empty Schema >>
WARNING: DB: relation "notification_queue" already exists, skipping (SQL State: 42P07 - Error Code: 0)
WARNING: DB: relation "pending_connection_requests" already exists, skipping (SQL State: 42P07 - Error Code: 0)

--------------------------------------------------------------------------------------------------------
A more recent version of Flyway is available. Find out more about Flyway 13.3.0 at https://rd.gt/3rXiSlV
--------------------------------------------------------------------------------------------------------
 ❯ src/spine/j-tofn.spine.test.ts (4 tests | 1 failed) 55645ms
   ✓ J-TOFN — 3-directory spine substrate (DOD-SPINE-1) > spawns 3 directory nodes with distinct network identities + bootstrap URLs 1ms
   × J-TOFN — 3-directory spine substrate (DOD-SPINE-1) > each node writes ONLY to its own database — sovereign isolation, real DKG per node 1142ms
     → Unexpected non-whitespace character after JSON at position 156 (line 7 column 1)
   ✓ J-TOFN — 3-directory spine substrate (DOD-SPINE-1) > daemon resolves the FULL 3-node consortium roster from a verified manifest (DOD-MANIFEST-1)  447ms
   ✓ J-TOFN — 3-directory spine substrate (DOD-SPINE-1) > daemon REFUSES a forged 3-node consortium manifest — no silent downgrade (DOD-MANIFEST-1)  414ms
DROP DATABASE
OpenJDK 64-Bit Server VM warning: Unable to get SVE vector length on this system. Disabling SVE. Specify -XX:UseSVE=0 to shun this warning.
Flyway OSS Edition 11.13.2 by Redgate

See release notes here: https://rd.gt/416ObMi
Database: jdbc:postgresql://postgres:5432/cello_spine_0 (PostgreSQL 18.4)
WARNING: Using PostgreSQL 18.4 which is newer than the version Flyway has been verified with. The latest verified version of PostgreSQL is 17.
Schema history table "public"."flyway_schema_history" does not exist yet
Successfully validated 63 migrations (execution time 00:00.029s)
Creating Schema History table "public"."flyway_schema_history" ...
Current version of schema "public": << Empty Schema >>
WARNING: DB: relation "notification_queue" already exists, skipping (SQL State: 42P07 - Error Code: 0)
WARNING: DB: relation "pending_connection_requests" already exists, skipping (SQL State: 42P07 - Error Code: 0)

--------------------------------------------------------------------------------------------------------
A more recent version of Flyway is available. Find out more about Flyway 13.3.0 at https://rd.gt/3rXiSlV
--------------------------------------------------------------------------------------------------------
DROP DATABASE
OpenJDK 64-Bit Server VM warning: Unable to get SVE vector length on this system. Disabling SVE. Specify -XX:UseSVE=0 to shun this warning.
Flyway OSS Edition 11.13.2 by Redgate

See release notes here: https://rd.gt/416ObMi
Database: jdbc:postgresql://postgres:5432/cello_spine_1 (PostgreSQL 18.4)
WARNING: Using PostgreSQL 18.4 which is newer than the version Flyway has been verified with. The latest verified version of PostgreSQL is 17.
Schema history table "public"."flyway_schema_history" does not exist yet
Successfully validated 63 migrations (execution time 00:00.030s)
Creating Schema History table "public"."flyway_schema_history" ...
Current version of schema "public": << Empty Schema >>
WARNING: DB: relation "notification_queue" already exists, skipping (SQL State: 42P07 - Error Code: 0)
WARNING: DB: relation "pending_connection_requests" already exists, skipping (SQL State: 42P07 - Error Code: 0)

--------------------------------------------------------------------------------------------------------
A more recent version of Flyway is available. Find out more about Flyway 13.3.0 at https://rd.gt/3rXiSlV
--------------------------------------------------------------------------------------------------------
DROP DATABASE
OpenJDK 64-Bit Server VM warning: Unable to get SVE vector length on this system. Disabling SVE. Specify -XX:UseSVE=0 to shun this warning.
Flyway OSS Edition 11.13.2 by Redgate

See release notes here: https://rd.gt/416ObMi
Database: jdbc:postgresql://postgres:5432/cello_spine_2 (PostgreSQL 18.4)
WARNING: Using PostgreSQL 18.4 which is newer than the version Flyway has been verified with. The latest verified version of PostgreSQL is 17.
Schema history table "public"."flyway_schema_history" does not exist yet
Successfully validated 63 migrations (execution time 00:00.033s)
Creating Schema History table "public"."flyway_schema_history" ...
Current version of schema "public": << Empty Schema >>
WARNING: DB: relation "notification_queue" already exists, skipping (SQL State: 42P07 - Error Code: 0)
WARNING: DB: relation "pending_connection_requests" already exists, skipping (SQL State: 42P07 - Error Code: 0)

--------------------------------------------------------------------------------------------------------
A more recent version of Flyway is available. Find out more about Flyway 13.3.0 at https://rd.gt/3rXiSlV
--------------------------------------------------------------------------------------------------------
{"event":"notification.channel.forwarded","type":"agent_current_changed","agent":"agentA"}
{"event":"notification.channel.forwarded","type":"agent_current_changed","agent":"agentB"}
{"event":"notification.channel.forwarded","type":"session_state_changed","agent":"agentB"}
{"event":"notification.channel.forwarded","type":"cello_message","agent":"agentB"}
 ❯ src/spine/j-upgrade.spine.test.ts (1 test | 1 failed) 59493ms
   × J-UPGRADE — auto-acknowledge close, live (DOD-UP-2) > A closes, B's agent never closes → B's daemon auto-co-signs → BILATERAL seal completes (not unilateral) 2136ms
     → .toMatch() expects to receive a string, but got undefined
DROP DATABASE
OpenJDK 64-Bit Server VM warning: Unable to get SVE vector length on this system. Disabling SVE. Specify -XX:UseSVE=0 to shun this warning.
Flyway OSS Edition 11.13.2 by Redgate

See release notes here: https://rd.gt/416ObMi
Database: jdbc:postgresql://postgres:5432/cello_spine_0 (PostgreSQL 18.4)
WARNING: Using PostgreSQL 18.4 which is newer than the version Flyway has been verified with. The latest verified version of PostgreSQL is 17.
Schema history table "public"."flyway_schema_history" does not exist yet
Successfully validated 63 migrations (execution time 00:00.023s)
Creating Schema History table "public"."flyway_schema_history" ...
Current version of schema "public": << Empty Schema >>
WARNING: DB: relation "notification_queue" already exists, skipping (SQL State: 42P07 - Error Code: 0)
WARNING: DB: relation "pending_connection_requests" already exists, skipping (SQL State: 42P07 - Error Code: 0)
DROP DATABASE
OpenJDK 64-Bit Server VM warning: Unable to get SVE vector length on this system. Disabling SVE. Specify -XX:UseSVE=0 to shun this warning.
Flyway OSS Edition 11.13.2 by Redgate

See release notes here: https://rd.gt/416ObMi
Database: jdbc:postgresql://postgres:5432/cello_spine_1 (PostgreSQL 18.4)
WARNING: Using PostgreSQL 18.4 which is newer than the version Flyway has been verified with. The latest verified version of PostgreSQL is 17.
Schema history table "public"."flyway_schema_history" does not exist yet
Successfully validated 63 migrations (execution time 00:00.031s)
Creating Schema History table "public"."flyway_schema_history" ...
Current version of schema "public": << Empty Schema >>
WARNING: DB: relation "notification_queue" already exists, skipping (SQL State: 42P07 - Error Code: 0)
WARNING: DB: relation "pending_connection_requests" already exists, skipping (SQL State: 42P07 - Error Code: 0)
DROP DATABASE
OpenJDK 64-Bit Server VM warning: Unable to get SVE vector length on this system. Disabling SVE. Specify -XX:UseSVE=0 to shun this warning.
Flyway OSS Edition 11.13.2 by Redgate

See release notes here: https://rd.gt/416ObMi
Database: jdbc:postgresql://postgres:5432/cello_spine_2 (PostgreSQL 18.4)
WARNING: Using PostgreSQL 18.4 which is newer than the version Flyway has been verified with. The latest verified version of PostgreSQL is 17.
Schema history table "public"."flyway_schema_history" does not exist yet
Successfully validated 63 migrations (execution time 00:00.030s)
Creating Schema History table "public"."flyway_schema_history" ...
Current version of schema "public": << Empty Schema >>
WARNING: DB: relation "notification_queue" already exists, skipping (SQL State: 42P07 - Error Code: 0)
WARNING: DB: relation "pending_connection_requests" already exists, skipping (SQL State: 42P07 - Error Code: 0)

--------------------------------------------------------------------------------------------------------
A more recent version of Flyway is available. Find out more about Flyway 13.3.0 at https://rd.gt/3rXiSlV
--------------------------------------------------------------------------------------------------------
{"event":"notification.channel.forwarded","type":"agent_current_changed","agent":"agentA"}
{"event":"notification.channel.forwarded","type":"agent_current_changed","agent":"agentB"}
{"event":"notification.channel.forwarded","type":"session_state_changed","agent":"agentB"}
{"event":"notification.channel.forwarded","type":"cello_message","agent":"agentB"}
{"event":"notification.channel.forwarded","type":"cello_message","agent":"agentA"}
{"event":"notification.channel.forwarded","type":"cello_message","agent":"agentB"}
{"event":"notification.channel.forwarded","type":"agent_current_changed","agent":"agentB"}
 ❯ src/spine/j-persist.spine.test.ts (1 test | 1 failed) 62422ms
   × J-PERSIST — durable encrypted transcript survives restart (DOD-LOG-1) > A↔B exchange → kill+restart B's daemon → B reads the full transcript back in order; relay/directory never saw plaintext 5065ms
     → transcript message "PERSIST-NEED…" must have a committed msg leaf: expected undefined to be defined
DROP DATABASE
OpenJDK 64-Bit Server VM warning: Unable to get SVE vector length on this system. Disabling SVE. Specify -XX:UseSVE=0 to shun this warning.
Flyway OSS Edition 11.13.2 by Redgate

See release notes here: https://rd.gt/416ObMi
Database: jdbc:postgresql://postgres:5432/cello_spine_0 (PostgreSQL 18.4)
WARNING: Using PostgreSQL 18.4 which is newer than the version Flyway has been verified with. The latest verified version of PostgreSQL is 17.
Schema history table "public"."flyway_schema_history" does not exist yet
Successfully validated 63 migrations (execution time 00:00.022s)
Creating Schema History table "public"."flyway_schema_history" ...
Current version of schema "public": << Empty Schema >>
WARNING: DB: relation "notification_queue" already exists, skipping (SQL State: 42P07 - Error Code: 0)
WARNING: DB: relation "pending_connection_requests" already exists, skipping (SQL State: 42P07 - Error Code: 0)
DROP DATABASE
OpenJDK 64-Bit Server VM warning: Unable to get SVE vector length on this system. Disabling SVE. Specify -XX:UseSVE=0 to shun this warning.
Flyway OSS Edition 11.13.2 by Redgate

See release notes here: https://rd.gt/416ObMi
Database: jdbc:postgresql://postgres:5432/cello_spine_1 (PostgreSQL 18.4)
WARNING: Using PostgreSQL 18.4 which is newer than the version Flyway has been verified with. The latest verified version of PostgreSQL is 17.
Schema history table "public"."flyway_schema_history" does not exist yet
Successfully validated 63 migrations (execution time 00:00.044s)
Creating Schema History table "public"."flyway_schema_history" ...
Current version of schema "public": << Empty Schema >>
WARNING: DB: relation "notification_queue" already exists, skipping (SQL State: 42P07 - Error Code: 0)
WARNING: DB: relation "pending_connection_requests" already exists, skipping (SQL State: 42P07 - Error Code: 0)

--------------------------------------------------------------------------------------------------------
A more recent version of Flyway is available. Find out more about Flyway 13.3.0 at https://rd.gt/3rXiSlV
--------------------------------------------------------------------------------------------------------
DROP DATABASE
OpenJDK 64-Bit Server VM warning: Unable to get SVE vector length on this system. Disabling SVE. Specify -XX:UseSVE=0 to shun this warning.
Flyway OSS Edition 11.13.2 by Redgate

See release notes here: https://rd.gt/416ObMi
Database: jdbc:postgresql://postgres:5432/cello_spine_2 (PostgreSQL 18.4)
WARNING: Using PostgreSQL 18.4 which is newer than the version Flyway has been verified with. The latest verified version of PostgreSQL is 17.
Schema history table "public"."flyway_schema_history" does not exist yet
Successfully validated 63 migrations (execution time 00:00.031s)
Creating Schema History table "public"."flyway_schema_history" ...
Current version of schema "public": << Empty Schema >>
WARNING: DB: relation "notification_queue" already exists, skipping (SQL State: 42P07 - Error Code: 0)
WARNING: DB: relation "pending_connection_requests" already exists, skipping (SQL State: 42P07 - Error Code: 0)

--------------------------------------------------------------------------------------------------------
A more recent version of Flyway is available. Find out more about Flyway 13.3.0 at https://rd.gt/3rXiSlV
--------------------------------------------------------------------------------------------------------
{"event":"notification.channel.forwarded","type":"agent_state_changed","agent":"agentA"}
{"event":"notification.channel.forwarded","type":"agent_current_changed","agent":"agentA"}
{"event":"notification.channel.forwarded","type":"agent_current_changed","agent":"agentA"}
{"event":"notification.channel.forwarded","type":"cello_message","agent":"agentA"}
{"event":"notification.channel.forwarded","type":"agent_current_changed","agent":"agentA"}
{"event":"notification.channel.forwarded","type":"agent_current_changed","agent":"agentB"}
{"event":"notification.channel.forwarded","type":"session_state_changed","agent":"agentB"}
{"event":"notification.channel.forwarded","type":"cello_message","agent":"agentB"}
{"event":"notification.channel.forwarded","type":"agent_current_changed","agent":"agentA"}
{"event":"notification.channel.forwarded","type":"agent_current_changed","agent":"agentB"}
{"event":"notification.channel.forwarded","type":"session_state_changed","agent":"agentB"}
{"event":"notification.channel.forwarded","type":"cello_message","agent":"agentB"}
 ❯ src/spine/j-spine.spine.test.ts (7 tests | 4 failed) 86434ms
   × J-SPINE — live binary spine (DOD-SPINE-1..7 against the real binaries) > DOD-SPINE-1 — daemon up: started, `cello login` connects within 5s, signaling connected (directory-corroborated) 1600ms
     → status must carry a connections list
--- raw cello status ---
{
  "daemon": "running",
  "directory_signaling": "connected",
  "directory_authentication": "enforced",
  "agents": [
    {
      "name": "agentA",
      "state": "unattended",
      "pubkey": "b8ffe8d84f9024c372b6da090675a470d259e202c9822221c9ae475635444951",
      "standing_receiver_ready": true,
      "standing_receiver_reachability": "reserved"
    }
  ],
  "standing_receiver_ready": true,
  "retryQueueDepth": 0,
  "interrupted_sessions": [],
  "active_sessions": []
}

--- daemon log ---
{"level":"info","event":"daemon.manifest.configured","manifestPath":"/var/folders/2q/t2k6pn7x0w1fv15vqyqqg7g80000gn/T/cello-manifest-agentA-8ovOCS/consortium-manifest-agentA.json","rootKeyCount":5,"threshold":3,"pollMinMs":null,"pollMaxMs":null,"ts":"2026-08-23T16:24:00.890Z"}
{"level":"info","event":"security.gateway.spawned","pid":67490,"socketPath":"/var/folders/2q/t2k6pn7x0w1fv15vqyqqg7g80000gn/T/cello-agentA-UHhqyd/gateway.sock","ts":"2026-08-23T16:24:01.001Z"}
{"level":"info","event":"security.gateway.layer2","state":"off:no","ts":"2026-08-23T16:24:01.001Z"}
{"level":"info","event":"daemon.singleton.acquired","pid":67489,"lockPath":"/var/folders/2q/t2k6pn7x0w1fv15vqyqqg7g80000gn/T/cello-agentA-UHhqyd/daemon.singleton","ts":"2026-08-23T16:24:01.005Z"}
{"level":"info","event":"transport.adapters.wired","env":"local","selector":"stub","ts":"2026-08-23T16:24:01.006Z"}
{"level":"info","event":"security.gateway.connected","mode":"enforcing","ts":"2026-08-23T16:24:01.007Z"}
{"level":"info","event":"persist.identity.migrated.agent","agentName":"agentA","registered":false,"ts":"2026-08-23T16:24:01.010Z"}
{"level":"info","event":"persist.identity.migrated","agentsMigrated":1,"rowsMigrated":0,"ts":"2026-08-23T16:24:01.010Z"}
{"level":"info","event":"persist.db.opened","encrypted":true,"migrated":true,"ts":"2026-08-23T16:24:01.011Z"}
{"level":"info","event":"contacts.tier.columns.added","columns":["tier","provenance","last_offered_moniker","away_message"],"ts":"2026-08-23T16:24:01.013Z"}
{"level":"info","event":"persist.manifest.version.persisted","version":1,"ts":"2026-08-23T16:24:01.018Z"}
{"level":"info","event":"directory.auth.manifest.verified","manifestVersion":1,"signerCount":3,"ts":"2026-08-23T16:24:01.018Z"}
{"level":"info","event":"directory.consortium.resolved","manifestVersion":1,"declaredNodes":3,"resolvedNodes":3,"nodes":[{"nodeId":"aws-spine-0","peerId":"12D3KooWBCmmi826fapRzpvpXnfWec4rqgZxBrBEPW32SFkidjm6"},{"nodeId":"aws-spine-1","peerId":"12D3KooWGMCRcGLk2o61S9GHDYXjMzu8xCsV9DxWkKLTRWZyQD5J"},{"nodeId":"aws-spine-2","peerId":"12D3KooWMD1hkmDyFf5S1h77uWQaisgh25vEmUPyry91eCpSAu6e"}],"ts":"2026-08-23T16:24:01.028Z"}
{"level":"info","event":"agent.signaling.created","agentName":"agentA","agentPubkey":"b8ffe8d84f9024c372b6da090675a470d259e202c9822221c9ae475635444951","ts":"2026-08-23T16:24:01.031Z"}
{"level":"debug","event":"document.handlers.registered","verbs":["cello_doc_accept","cello_doc_close","cello_doc_diff","cello_doc_inbox","cello_doc_invite","cello_doc_kill","cello_doc_list","cello_doc_propose","cello_doc_publish","cello_doc_read","cello_doc_refuse","cello_doc_remove","cello_doc_watch","cello_doc_write"],"ts":"2026-08-23T16:24:01.036Z"}
{"level":"info","event":"directory.bootstrap.resolved","directoryUrl":"http://127.0.0.1:57186","peerId":"12D3KooWBCmmi826fapRzpvpXnfWec4rqgZxBrBEPW32SFkidjm6","ts":"2026-08-23T16:24:01.037Z"}
{"level":"info","event":"daemon.login.validation.complete","verifiedCount":0,"staleCount":0,"goneCount":0,"ts":"2026-08-23T16:24:01.054Z"}
{"level":"info","event":"daemon.started","pid":67489,"ipcSocketPath":"/var/folders/2q/t2k6pn7x0w1fv15vqyqqg7g80000gn/T/cello-agentA-UHhqyd/daemon.sock","agentCount":1,"manifestVerified":true,"ts":"2026-08-23T16:24:01.054Z"}
{"level":"info","event":"session.revival_bound.sweep","expired":0,"closed":0,"windowMs":86400000,"ts":"2026-08-23T16:24:01.054Z"}
{"level":"info","event":"directory.auth.challenge.verified","directoryNodeId":"aws-spine-0","ts":"2026-08-23T16:24:01.074Z"}
{"level":"info","event":"directory.relay_endpoints.received","directoryNodeId":"aws-spine-0","relayPeerIds":["12D3KooWHzNiunRb1scSstcuLUZyhiV2xFqQTx1szJRP3wGhKQLZ"],"ts":"2026-08-23T16:24:01.074Z"}
{"level":"info","event":"directory.signaling.connected","directoryNodeId":"aws-spine-0","agentPubkey":"b8ffe8d84f9024c372b6da090675a470d259e202c9822221c9ae475635444951","verified":true,"ts":"2026-08-23T16:24:01.074Z"}
{"level":"info","event":"directory.signaling.connected","directoryNodeId":"aws-spine-0","manifestVersion":1,"ts":"2026-08-23T16:24:01.075Z"}
{"level":"info","event":"daemon.ipc.accepted","connectionId":"816e1867-a1e0-4f45-9570-5635d9e1543b","ts":"2026-08-23T16:24:01.345Z"}
{"level":"info","event":"daemon.ipc.connected","connectionId":"816e1867-a1e0-4f45-9570-5635d9e1543b","clientType":"cli","ts":"2026-08-23T16:24:01.346Z"}
{"level":"info","event":"agent.directory.connection.initiated","agentName":"agentA","agentPubkey":"b8ffe8d84f9024c372b6da090675a470d259e202c9822221c9ae475635444951","ts":"2026-08-23T16:24:01.347Z"}
{"level":"info","event":"agent.online","agentName":"agentA","agentPubkey":"b8ffe8d84f9024c372b6da090675a470d259e202c9822221c9ae475635444951","ts":"2026-08-23T16:24:01.348Z"}
{"level":"info","event":"daemon.ipc.disconnected","connectionId":"816e1867-a1e0-4f45-9570-5635d9e1543b","reason":"client_closed","clientType":"cli","attendedAgent":null,"ts":"2026-08-23T16:24:01.355Z"}
{"level":"info","event":"transport.autonat.result","dialable":false,"publicAddr":null,"nodeType":"standing_receiver","note":"autonat_unavailable — directory in reconnecting state","ts":"2026-08-23T16:24:01.362Z"}
{"level":"warn","event":"transport.autonat.unavailable","nodeType":"standing_receiver","directorySignalingStatus":"reconnecting","ts":"2026-08-23T16:24:01.362Z"}
{"level":"info","event":"session.node.created","sessionId":"standing_receiver_2bd8739f-5976-4a84-9bfa-47c1beb24554","agentName":"__standing_receiver__:agentA","sessionPeerId":"12D3KooWEL65mVHuaWtrQYakiVQbHT5XevVBRgXLxFRAbxNPJHAL","correlationId":"79dd0bfa-6d78-4ba7-9718-884aeff0277c","ts":"2026-08-23T16:24:01.362Z"}
{"level":"info","event":"session.standing_receiver.reachability","agentName":"agentA","circuitAddrs":1,"reservationsRequested":1,"correlationId":"79dd0bfa-6d78-4ba7-9718-884aeff0277c","ts":"2026-08-23T16:24:01.362Z"}
{"level":"info","event":"content.recover.drain.triggered","agentName":"agentA","reason":"standing_receiver_ready","ts":"2026-08-23T16:24:01.362Z"}
{"level":"info","event":"daemon.ipc.accepted","connectionId":"2262dab6-11f1-4c4e-9320-36c9a424b974","ts":"2026-08-23T16:24:01.638Z"}
{"level":"info","event":"daemon.ipc.disconnected","connectionId":"2262dab6-11f1-4c4e-9320-36c9a424b974","reason":"client_closed","clientType":"unknown","attendedAgent":null,"ts":"2026-08-23T16:24:01.644Z"}
--- directory log (last 60) ---
{"event":"adapter.initialised","level":"info","timestamp":"2026-08-23T16:23:59.552Z","adapterName":"AuditLogShipper","implementation":"LocalAuditLogShipper","env":"local"}
{"event":"adapter.profiles.loaded","level":"info","timestamp":"2026-08-23T16:23:59.572Z","count":0}
{"event":"adapter.revocations.loaded","level":"info","timestamp":"2026-08-23T16:23:59.574Z","count":0,"unenforceable":0}
{"event":"adapter.initialised","level":"info","timestamp":"2026-08-23T16:23:59.574Z","adapterName":"PgDirectoryStore","implementation":"PgDirectoryStore","env":"local","poolMax":50}
{"event":"db.rls.verified","level":"info","timestamp":"2026-08-23T16:23:59.576Z","tableCount":42,"env":"local"}
{"event":"adapter.initialised","level":"info","timestamp":"2026-08-23T16:23:59.576Z","adapterName":"MmrCheckpointService","implementation":"MmrCheckpointService","env":"local"}
{"event":"adapter.initialised","level":"info","timestamp":"2026-08-23T16:23:59.577Z","adapterName":"EnvelopeKeyProvider","implementation":"LocalEnvelopeKeyProvider","env":"local"}
{"event":"adapter.initialised","level":"info","timestamp":"2026-08-23T16:23:59.577Z","adapterName":"ClientStore","implementation":"LocalClientStore","env":"local"}
{"event":"adapter.initialised","level":"info","timestamp":"2026-08-23T16:23:59.577Z","adapterName":"RelayWal","implementation":"InMemoryRelayWal","env":"local"}
{"event":"adapter.initialised","level":"info","timestamp":"2026-08-23T16:23:59.577Z","adapterName":"NotificationQueue","implementation":"InMemoryNotificationQueue","env":"local"}
{"event":"adapter.initialised","level":"info","timestamp":"2026-08-23T16:23:59.577Z","adapterName":"JobScheduler","implementation":"LocalJobScheduler","env":"local"}
{"event":"adapter.initialised","level":"info","timestamp":"2026-08-23T16:23:59.577Z","adapterName":"AnalyticsJob","triggeredBy":"scheduler","env":"local"}
{"event":"adapter.initialised","level":"info","timestamp":"2026-08-23T16:23:59.577Z","adapterName":"PendingConnectionRequestTtlSweep","triggeredBy":"scheduler","env":"local"}
{"event":"adapter.initialised","level":"info","timestamp":"2026-08-23T16:23:59.577Z","adapterName":"MmrCheckpointJob","triggeredBy":"scheduler","env":"local"}
{"event":"adapter.initialised","level":"info","timestamp":"2026-08-23T16:23:59.578Z","adapterName":"TransportKey","implementation":"generated","env":"local"}
{"event":"adapter.initialised","level":"info","timestamp":"2026-08-23T16:23:59.579Z","adapterName":"ShareStore","implementation":"PersistentShareStore","env":"local","sharesLoaded":0}
{"event":"node.registry.loaded","level":"info","timestamp":"2026-08-23T16:23:59.579Z","relayCount":1,"directoryCount":0,"source":"env"}
{"event":"adapter.initialised","level":"info","timestamp":"2026-08-23T16:23:59.579Z","adapterName":"DirectoryNode","implementation":"CelloDirectoryNode","env":"local","pubkey":"e2143e16179bc33f300fe310f1d2a9d1e6358b87c1c8561f35499c5f4f162447"}
{"event":"adapter.initialised","level":"info","timestamp":"2026-08-23T16:23:59.579Z","adapterName":"RelayPoolManager","implementation":"skipped","reason":"RELAY_MANIFEST_SIGNER_PUBKEY not set","env":"local"}
{"event":"adapter.initialised","level":"info","timestamp":"2026-08-23T16:23:59.579Z","adapterName":"CheckpointTransport","implementation":"InMemoryCheckpointTransport","env":"local"}
{"event":"adapter.initialised","level":"info","timestamp":"2026-08-23T16:23:59.579Z","adapterName":"TokenValidator","implementation":"DevTokenValidator","env":"local"}
{"event":"directory.node_key.configured","level":"info","timestamp":"2026-08-23T16:23:59.579Z","nodeId":"aws-spine-0"}
{"event":"directory.manifest.store.loaded","level":"info","timestamp":"2026-08-23T16:23:59.583Z","path":"/var/folders/2q/t2k6pn7x0w1fv15vqyqqg7g80000gn/T/cello-spine-consortium-b4i40S/consortium-manifest.json","manifestVersion":1,"verified":true}
2026-08-23T16:23:59.601  [DIR]   Started — peer 12D3KooW, signaling /ip4/127.0.0.1/tcp/57191/p2p/12D3KooWBCmmi826fapRzpvpXnfWec4rqgZxBrBEPW32SFkidjm6
{"event":"adapter.state.loaded","level":"info","timestamp":"2026-08-23T16:23:59.601Z","stateType":"agent_profiles","count":0}
{"event":"adapter.state.loaded","level":"info","timestamp":"2026-08-23T16:23:59.607Z","stateType":"pending_connection_requests","count":0}
{"event":"adapter.state.loaded","level":"info","timestamp":"2026-08-23T16:23:59.609Z","stateType":"session_participants","count":0}
{"event":"adapter.state.loaded","level":"info","timestamp":"2026-08-23T16:23:59.609Z","stateType":"session_last_activity","count":0}
{"event":"directory.presence.startup.reconciled","level":"info","timestamp":"2026-08-23T16:23:59.609Z","nodeId":"aws-spine-0","reconciledCount":0}
{"event":"adapter.initialised","level":"info","timestamp":"2026-08-23T16:23:59.609Z","adapterName":"CheckpointCoordinator","implementation":"InMemoryCheckpointTransport","env":"local","nodeId":"aws-spine-0"}
{"event":"relay.adapter.connect.failed","level":"warn","timestamp":"2026-08-23T16:23:59.612Z","relayPeerId":"12D3KooWHzNiunRb1scSstcuLUZyhiV2xFqQTx1szJRP3wGhKQLZ","addressesTried":1,"reason":"message=connection error 127.0.0.1:57185: connect ECONNREFUSED 127.0.0.1:57185 reason=connection_lost","impact":"no pre-connection to the relay; the first request will dial, so this is not fatal"}
{"event":"adapter.initialised","level":"info","timestamp":"2026-08-23T16:23:59.612Z","adapterName":"ListenAddr","implementation":"/ip4/127.0.0.1/tcp/57191/p2p/12D3KooWBCmmi826fapRzpvpXnfWec4rqgZxBrBEPW32SFkidjm6","env":"local"}
{"event":"adapter.initialised","level":"info","timestamp":"2026-08-23T16:23:59.612Z","adapterName":"ListenAddr","implementation":"/ip4/127.0.0.1/tcp/57192/ws/p2p/12D3KooWBCmmi826fapRzpvpXnfWec4rqgZxBrBEPW32SFkidjm6","env":"local"}
{"event":"directory.service.started","level":"info","timestamp":"2026-08-23T16:23:59.613Z","nodeId":"aws-spine-0","region":"local","environment":"local","schemaVersion":63}
{"event":"adapter.initialised","level":"info","timestamp":"2026-08-23T16:23:59.613Z","adapterName":"HealthServer","implementation":"http","env":"local","port":57186}
{"event":"adapter.initialised","level":"info","timestamp":"2026-08-23T16:23:59.613Z","adapterName":"BootstrapEndpoint","multiaddr":"/ip4/127.0.0.1/tcp/57192/ws/p2p/12D3KooWBCmmi826fapRzpvpXnfWec4rqgZxBrBEPW32SFkidjm6","peerId":"12D3KooWBCmmi826fapRzpvpXnfWec4rqgZxBrBEPW32SFkidjm6"}
2026-08-23T16:24:00.590  [DIR]   Peer connected: 12D3KooW (relay)
{"event":"adapter.persisted","level":"info","timestamp":"2026-08-23T16:24:00.601Z","tableName":"relay_registrations","rowCount":1,"durationMs":2}
{"event":"relay.registered","level":"info","timestamp":"2026-08-23T16:24:00.601Z","relayId":"9c2e1f3091686e56517898c343a221d5c0eb4d3a27e6a56167e1456cf94539ef","region":"us-east-1","healthCheckUrl":"http://127.0.0.1:57211/health"}
{"event":"relay.adapter.multiaddr.updated","level":"info","timestamp":"2026-08-23T16:24:00.602Z","multiaddr":"/ip4/127.0.0.1/tcp/57185/p2p/12D3KooWHzNiunRb1scSstcuLUZyhiV2xFqQTx1szJRP3wGhKQLZ"}
2026-08-23T16:24:01.063  [DIR]   Peer connected: 12D3KooW
{"event":"frost.debug.auth.setStreams","level":"info","timestamp":"2026-08-23T16:24:01.072Z","authedShort":"b8ffe8d84f9024c3","delegatedSignerFound":false,"streamsMapSize":1,"allStreamKeys":["b8ffe8d84f9024c3"],"allDelegatedKeys":[]}
{"event":"frost.debug.auth.setStreams_skipped_no_delegated","level":"warn","timestamp":"2026-08-23T16:24:01.072Z","authedShort":"b8ffe8d84f9024c3"}
2026-08-23T16:24:01.072  [AUTH]  Peer b8ffe8d8 authenticated (signaling)
{"event":"directory.auth.challenge.signed","level":"info","timestamp":"2026-08-23T16:24:01.073Z","nodeId":"aws-spine-0","agentPubkeyHex":"b8ffe8d84f9024c3","correlationId":"7378d0bca290c6b11595f45a9f87854bccaec22eb97a12b552e0ccdf8ffb927e"}
{"event":"directory.presence.transition","level":"info","timestamp":"2026-08-23T16:24:01.074Z","agentId":"b8ffe8d84f9024c372b6da090675a470d259e202c9822221c9ae475635444951","owningNodeId":"aws-spine-0","state":"online","correlationId":"72059e1f4d37ff10"}
2026-08-23T16:24:01.075  [AUTH]  Peer b8ffe8d8 announced peer_id + listen addrs: expected false to be true // Object.is equality
   × J-SPINE — live binary spine (DOD-SPINE-1..7 against the real binaries) > DOD-SPINE-2/3 — two IPC sessions: three-state model + independent current-agent 696ms
     → agentA starts registered: expected 'stopped' to be 'registered' // Object.is equality
   ✓ J-SPINE — live binary spine (DOD-SPINE-1..7 against the real binaries) > DOD-SPINE-4 — register two agents (real DKG): register_success, directory agent_profiles + one deduped account, per-agent files  8227ms
   × J-SPINE — live binary spine (DOD-SPINE-1..7 against the real binaries) > DOD-SPINE-5 (partial) — initiate session negotiator is wired: session_request reaches the directory 593ms
     → negotiator should reach the directory: {"ok":false,"reason":"standing_receiver_unavailable","guidance":"The standing receiver is not ready, so no initiator session endpoint can be advertised. Retry once the daemon has finished starting."}: expected 'standing_receiver_unavailable' to be 'target_offline' // Object.is equality
   ✓ J-SPINE — live binary spine (DOD-SPINE-1..7 against the real binaries) > DOD-SPINE-5 — FROST-signed SessionAssignment received between two registered agents (one daemon)  1449ms
   ✓ J-SPINE — live binary spine (DOD-SPINE-1..7 against the real binaries) > DOD-SPINE-6 — send/receive: A cello_send → B cello_receive (relay hash_submit/leaf_deliver, no content in relay logs)  2078ms
   × J-SPINE — live binary spine (DOD-SPINE-1..7 against the real binaries) > DOD-SPINE-7 — bilateral seal: both close → directory FROST-notarizes → byte-identical sealed_root 2081ms
     → .toMatch() expects to receive a string, but got undefined
DROP DATABASE
OpenJDK 64-Bit Server VM warning: Unable to get SVE vector length on this system. Disabling SVE. Specify -XX:UseSVE=0 to shun this warning.
Flyway OSS Edition 11.13.2 by Redgate

See release notes here: https://rd.gt/416ObMi
Database: jdbc:postgresql://postgres:5432/cello_spine_0 (PostgreSQL 18.4)
WARNING: Using PostgreSQL 18.4 which is newer than the version Flyway has been verified with. The latest verified version of PostgreSQL is 17.
Schema history table "public"."flyway_schema_history" does not exist yet
Successfully validated 63 migrations (execution time 00:00.024s)
Creating Schema History table "public"."flyway_schema_history" ...
Current version of schema "public": << Empty Schema >>
WARNING: DB: relation "notification_queue" already exists, skipping (SQL State: 42P07 - Error Code: 0)
WARNING: DB: relation "pending_connection_requests" already exists, skipping (SQL State: 42P07 - Error Code: 0)

--------------------------------------------------------------------------------------------------------
A more recent version of Flyway is available. Find out more about Flyway 13.3.0 at https://rd.gt/3rXiSlV
--------------------------------------------------------------------------------------------------------
DROP DATABASE
OpenJDK 64-Bit Server VM warning: Unable to get SVE vector length on this system. Disabling SVE. Specify -XX:UseSVE=0 to shun this warning.
Flyway OSS Edition 11.13.2 by Redgate

See release notes here: https://rd.gt/416ObMi
Database: jdbc:postgresql://postgres:5432/cello_spine_1 (PostgreSQL 18.4)
WARNING: Using PostgreSQL 18.4 which is newer than the version Flyway has been verified with. The latest verified version of PostgreSQL is 17.
Schema history table "public"."flyway_schema_history" does not exist yet
Successfully validated 63 migrations (execution time 00:00.028s)
Creating Schema History table "public"."flyway_schema_history" ...
Current version of schema "public": << Empty Schema >>
WARNING: DB: relation "notification_queue" already exists, skipping (SQL State: 42P07 - Error Code: 0)
WARNING: DB: relation "pending_connection_requests" already exists, skipping (SQL State: 42P07 - Error Code: 0)
DROP DATABASE
OpenJDK 64-Bit Server VM warning: Unable to get SVE vector length on this system. Disabling SVE. Specify -XX:UseSVE=0 to shun this warning.
Flyway OSS Edition 11.13.2 by Redgate

See release notes here: https://rd.gt/416ObMi
Database: jdbc:postgresql://postgres:5432/cello_spine_2 (PostgreSQL 18.4)
WARNING: Using PostgreSQL 18.4 which is newer than the version Flyway has been verified with. The latest verified version of PostgreSQL is 17.
Schema history table "public"."flyway_schema_history" does not exist yet
Successfully validated 63 migrations (execution time 00:00.033s)
Creating Schema History table "public"."flyway_schema_history" ...
Current version of schema "public": << Empty Schema >>
WARNING: DB: relation "notification_queue" already exists, skipping (SQL State: 42P07 - Error Code: 0)
WARNING: DB: relation "pending_connection_requests" already exists, skipping (SQL State: 42P07 - Error Code: 0)
{"event":"notification.channel.forwarded","type":"agent_current_changed","agent":"agentA"}
{"event":"notification.channel.forwarded","type":"agent_current_changed","agent":"agentB"}
{"event":"notification.channel.forwarded","type":"session_state_changed","agent":"agentB"}
{"event":"notification.channel.forwarded","type":"cello_message","agent":"agentB"}
cello-mcp: daemon connection lost — reconnecting…
 ❯ src/spine/j-upgrade-bilateral.spine.test.ts (1 test | 1 failed) 67060ms
   × J-UPGRADE-001 — unilateral → bilateral upgrade on the absent party's return (DOD-UP-1) > B killed → A seals UNILATERAL → B returns, recovers+verifies, RATIFIES → directory records a superseding BILATERAL notarization over the same root 6228ms
     → seal must be unilateral (B was gone):
close: {"ok":true,"session_id":"026bc437306a1fb671badbfede5d5196","seal_status":"committed","guidance":"Your SEAL commitment for session 026bc437306a1fb671badbfede5d5196 is recorded and the notarization is now running in the background. The receipt is NOT YET available: the seal completes as soon as the counterparty also closes, and if they never do it escalates to a unilateral seal after about 1 minutes. Fetch it with cello_sealed_receipt (session_id 026bc437306a1fb671badbfede5d5196) — an empty answer before then means \"still running\", not \"failed\". Do NOT re-close with force:true to hurry it: forcing ABANDONS the session and forfeits the receipt this is earning, which is exactly how seventeen sessions were lost when this call used to block. If the daemon restarts before the seal finishes, it resumes the notarization on its next start."}
--- directory ---
: expected undefined to be 'unilateral' // Object.is equality
DROP DATABASE
OpenJDK 64-Bit Server VM warning: Unable to get SVE vector length on this system. Disabling SVE. Specify -XX:UseSVE=0 to shun this warning.
Flyway OSS Edition 11.13.2 by Redgate

See release notes here: https://rd.gt/416ObMi
Database: jdbc:postgresql://postgres:5432/cello_spine_0 (PostgreSQL 18.4)
WARNING: Using PostgreSQL 18.4 which is newer than the version Flyway has been verified with. The latest verified version of PostgreSQL is 17.
Schema history table "public"."flyway_schema_history" does not exist yet
Successfully validated 63 migrations (execution time 00:00.052s)
Creating Schema History table "public"."flyway_schema_history" ...
Current version of schema "public": << Empty Schema >>
WARNING: DB: relation "notification_queue" already exists, skipping (SQL State: 42P07 - Error Code: 0)
WARNING: DB: relation "pending_connection_requests" already exists, skipping (SQL State: 42P07 - Error Code: 0)
DROP DATABASE
OpenJDK 64-Bit Server VM warning: Unable to get SVE vector length on this system. Disabling SVE. Specify -XX:UseSVE=0 to shun this warning.
Flyway OSS Edition 11.13.2 by Redgate

See release notes here: https://rd.gt/416ObMi
Database: jdbc:postgresql://postgres:5432/cello_spine_1 (PostgreSQL 18.4)
WARNING: Using PostgreSQL 18.4 which is newer than the version Flyway has been verified with. The latest verified version of PostgreSQL is 17.
Schema history table "public"."flyway_schema_history" does not exist yet
Successfully validated 63 migrations (execution time 00:00.029s)
Creating Schema History table "public"."flyway_schema_history" ...
Current version of schema "public": << Empty Schema >>
WARNING: DB: relation "notification_queue" already exists, skipping (SQL State: 42P07 - Error Code: 0)
WARNING: DB: relation "pending_connection_requests" already exists, skipping (SQL State: 42P07 - Error Code: 0)
DROP DATABASE
OpenJDK 64-Bit Server VM warning: Unable to get SVE vector length on this system. Disabling SVE. Specify -XX:UseSVE=0 to shun this warning.
Flyway OSS Edition 11.13.2 by Redgate

See release notes here: https://rd.gt/416ObMi
Database: jdbc:postgresql://postgres:5432/cello_spine_2 (PostgreSQL 18.4)
WARNING: Using PostgreSQL 18.4 which is newer than the version Flyway has been verified with. The latest verified version of PostgreSQL is 17.
Schema history table "public"."flyway_schema_history" does not exist yet
Successfully validated 63 migrations (execution time 00:00.029s)
Creating Schema History table "public"."flyway_schema_history" ...
Current version of schema "public": << Empty Schema >>
WARNING: DB: relation "notification_queue" already exists, skipping (SQL State: 42P07 - Error Code: 0)
WARNING: DB: relation "pending_connection_requests" already exists, skipping (SQL State: 42P07 - Error Code: 0)
{"event":"notification.channel.forwarded","type":"agent_current_changed","agent":"agentA"}
{"event":"notification.channel.forwarded","type":"agent_current_changed","agent":"agentB"}
{"event":"notification.channel.forwarded","type":"session_state_changed","agent":"agentB"}
{"event":"notification.channel.forwarded","type":"cello_message","agent":"agentB"}
 ❯ src/spine/j-relaysig.spine.test.ts (1 test | 1 failed) 65467ms
   × J-RELAYSIG — relay-signed ordering receipts (DOD-RELAYSIG-1) > the daemon verifies the relay's signed ACK and durably stores an immutable receipt 3783ms
     → Unexpected token 'C', "CELLO — a "... is not valid JSON
DROP DATABASE
OpenJDK 64-Bit Server VM warning: Unable to get SVE vector length on this system. Disabling SVE. Specify -XX:UseSVE=0 to shun this warning.
Flyway OSS Edition 11.13.2 by Redgate

See release notes here: https://rd.gt/416ObMi
Database: jdbc:postgresql://postgres:5432/cello_spine (PostgreSQL 18.4)
WARNING: Using PostgreSQL 18.4 which is newer than the version Flyway has been verified with. The latest verified version of PostgreSQL is 17.
Schema history table "public"."flyway_schema_history" does not exist yet
Successfully validated 63 migrations (execution time 00:00.023s)
Creating Schema History table "public"."flyway_schema_history" ...
Current version of schema "public": << Empty Schema >>
WARNING: DB: relation "notification_queue" already exists, skipping (SQL State: 42P07 - Error Code: 0)
WARNING: DB: relation "pending_connection_requests" already exists, skipping (SQL State: 42P07 - Error Code: 0)
{"event":"notification.channel.forwarded","type":"agent_current_changed","agent":"bob"}
{"event":"notification.channel.forwarded","type":"agent_state_changed","agent":"alice"}
{"event":"notification.channel.forwarded","type":"agent_current_changed","agent":"alice"}
{"event":"notification.channel.forwarded","type":"agent_current_changed","agent":"charlie"}
{"event":"notification.channel.forwarded","type":"session_state_changed","agent":"charlie"}
{"ts":"2026-08-23T16:27:48.589Z","level":"info","event":"signal.ingress.drained","nodeIndex":0,"count":2,"correlationId":"7b92274c-c138-42cc-99d5-5d56e8f50e43"}
{"ts":"2026-08-23T16:27:48.594Z","level":"info","event":"signal.ingress.authenticated","submissionId":"7d7b1bccf53f020b95883530bdd0cd076dc4bc73697e1569e437e7619693d5e6","issuerPubkey":"a764f26ee153f084","op":"submit","correlationId":"7b92274c-c138-42cc-99d5-5d56e8f50e43"}
{"ts":"2026-08-23T16:27:48.595Z","level":"error","event":"signal.ingress.row.failed","submissionId":"7d7b1bccf53f020b95883530bdd0cd076dc4bc73697e1569e437e7619693d5e6","nodeIndex":0,"reason":"","correlationId":"7b92274c-c138-42cc-99d5-5d56e8f50e43"}
{"ts":"2026-08-23T16:27:48.597Z","level":"info","event":"signal.ingress.authenticated","submissionId":"cfe5bb37779b7c107d364f7ae8d9b425d3f12a6838fe758e1d6db29fd32e3cf1","issuerPubkey":"a764f26ee153f084","op":"submit","correlationId":"7b92274c-c138-42cc-99d5-5d56e8f50e43"}
{"ts":"2026-08-23T16:27:48.598Z","level":"error","event":"signal.ingress.row.failed","submissionId":"cfe5bb37779b7c107d364f7ae8d9b425d3f12a6838fe758e1d6db29fd32e3cf1","nodeIndex":0,"reason":"","correlationId":"7b92274c-c138-42cc-99d5-5d56e8f50e43"}
{"event":"notification.channel.forwarded","type":"shutdown"}
cello-mcp: daemon connection lost — reconnecting…
{"ts":"2026-08-23T16:27:48.620Z","level":"info","event":"signal.ingress.drained","nodeIndex":0,"count":3,"correlationId":"2cb218d8-c4fc-41d9-881c-3342c2fde45b"}
{"ts":"2026-08-23T16:27:48.622Z","level":"info","event":"signal.ingress.authenticated","submissionId":"7d7b1bccf53f020b95883530bdd0cd076dc4bc73697e1569e437e7619693d5e6","issuerPubkey":"a764f26ee153f084","op":"submit","correlationId":"2cb218d8-c4fc-41d9-881c-3342c2fde45b"}
{"ts":"2026-08-23T16:27:48.622Z","level":"error","event":"signal.ingress.row.failed","submissionId":"7d7b1bccf53f020b95883530bdd0cd076dc4bc73697e1569e437e7619693d5e6","nodeIndex":0,"reason":"","correlationId":"2cb218d8-c4fc-41d9-881c-3342c2fde45b"}
{"ts":"2026-08-23T16:27:48.624Z","level":"info","event":"signal.ingress.authenticated","submissionId":"cfe5bb37779b7c107d364f7ae8d9b425d3f12a6838fe758e1d6db29fd32e3cf1","issuerPubkey":"a764f26ee153f084","op":"submit","correlationId":"2cb218d8-c4fc-41d9-881c-3342c2fde45b"}
{"ts":"2026-08-23T16:27:48.625Z","level":"error","event":"signal.ingress.row.failed","submissionId":"cfe5bb37779b7c107d364f7ae8d9b425d3f12a6838fe758e1d6db29fd32e3cf1","nodeIndex":0,"reason":"","correlationId":"2cb218d8-c4fc-41d9-881c-3342c2fde45b"}
{"ts":"2026-08-23T16:27:48.626Z","level":"info","event":"signal.ingress.authenticated","submissionId":"74b0eb73114b93855ab2e871bd75970e0de81d80c01cadce0473a3121a37071f","issuerPubkey":"a764f26ee153f084","op":"submit","correlationId":"2cb218d8-c4fc-41d9-881c-3342c2fde45b"}
{"ts":"2026-08-23T16:27:48.627Z","level":"error","event":"signal.ingress.row.failed","submissionId":"74b0eb73114b93855ab2e871bd75970e0de81d80c01cadce0473a3121a37071f","nodeIndex":0,"reason":"","correlationId":"2cb218d8-c4fc-41d9-881c-3342c2fde45b"}
{"event":"notification.channel.forwarded","type":"agent_current_changed","agent":"charlie"}
{"ts":"2026-08-23T16:27:59.569Z","level":"info","event":"signal.ingress.drained","nodeIndex":0,"count":4,"correlationId":"2d07aa9b-9735-49cc-86e2-3b3a40fb32c0"}
{"ts":"2026-08-23T16:27:59.571Z","level":"info","event":"signal.ingress.authenticated","submissionId":"7d7b1bccf53f020b95883530bdd0cd076dc4bc73697e1569e437e7619693d5e6","issuerPubkey":"a764f26ee153f084","op":"submit","correlationId":"2d07aa9b-9735-49cc-86e2-3b3a40fb32c0"}
{"ts":"2026-08-23T16:27:59.572Z","level":"error","event":"signal.ingress.row.failed","submissionId":"7d7b1bccf53f020b95883530bdd0cd076dc4bc73697e1569e437e7619693d5e6","nodeIndex":0,"reason":"","correlationId":"2d07aa9b-9735-49cc-86e2-3b3a40fb32c0"}
{"ts":"2026-08-23T16:27:59.574Z","level":"info","event":"signal.ingress.authenticated","submissionId":"cfe5bb37779b7c107d364f7ae8d9b425d3f12a6838fe758e1d6db29fd32e3cf1","issuerPubkey":"a764f26ee153f084","op":"submit","correlationId":"2d07aa9b-9735-49cc-86e2-3b3a40fb32c0"}
{"ts":"2026-08-23T16:27:59.574Z","level":"error","event":"signal.ingress.row.failed","submissionId":"cfe5bb37779b7c107d364f7ae8d9b425d3f12a6838fe758e1d6db29fd32e3cf1","nodeIndex":0,"reason":"","correlationId":"2d07aa9b-9735-49cc-86e2-3b3a40fb32c0"}
{"ts":"2026-08-23T16:27:59.576Z","level":"info","event":"signal.ingress.authenticated","submissionId":"74b0eb73114b93855ab2e871bd75970e0de81d80c01cadce0473a3121a37071f","issuerPubkey":"a764f26ee153f084","op":"submit","correlationId":"2d07aa9b-9735-49cc-86e2-3b3a40fb32c0"}
{"ts":"2026-08-23T16:27:59.577Z","level":"error","event":"signal.ingress.row.failed","submissionId":"74b0eb73114b93855ab2e871bd75970e0de81d80c01cadce0473a3121a37071f","nodeIndex":0,"reason":"","correlationId":"2d07aa9b-9735-49cc-86e2-3b3a40fb32c0"}
{"ts":"2026-08-23T16:27:59.579Z","level":"info","event":"signal.ingress.authenticated","submissionId":"5ec31989b6851cd546c08dfc675916d958f980020a6d81375a9525ef27f81c58","issuerPubkey":"1cdcb8ac6c5c97e8","op":"submit","correlationId":"2d07aa9b-9735-49cc-86e2-3b3a40fb32c0"}
{"ts":"2026-08-23T16:27:59.579Z","level":"error","event":"signal.ingress.row.failed","submissionId":"5ec31989b6851cd546c08dfc675916d958f980020a6d81375a9525ef27f81c58","nodeIndex":0,"reason":"","correlationId":"2d07aa9b-9735-49cc-86e2-3b3a40fb32c0"}
 ❯ src/spine/j-end.spine.test.ts (10 tests | 7 failed) 78170ms
   ✓ J-END — DOD-END-JOURNEY-1: an endorsement from Bob about Alice, end to end > HOP 0: three agents register and connect  4565ms
   ✓ J-END — DOD-END-JOURNEY-1: an endorsement from Bob about Alice, end to end > HOP 1: Bob issues an endorsement about Alice, and it lands SEALED in the directory's queue  10076ms
   × J-END — DOD-END-JOURNEY-1: an endorsement from Bob about Alice, end to end > HOP 2: the PORTAL drains, authenticates, scans, mints and delivers 205ms
     → 
   × J-END — DOD-END-JOURNEY-1: an endorsement from Bob about Alice, end to end > HOP 3: Alice receives it PENDING — inert until she decides 20658ms
     → the endorsement reached Alice's consent queue: expected +0 to be 1 // Object.is equality
   × J-END — DOD-END-JOURNEY-1: an endorsement from Bob about Alice, end to end > HOP 4: Alice ACCEPTS, and only then is it presentable 1ms
     → still pending before the decision: expected undefined to be truthy
   × J-END — DOD-END-JOURNEY-1: an endorsement from Bob about Alice, end to end > HOP 5: Alice presents to Charlie, who verifies it and sees BOB'S voice, not CELLO's 229ms
     → Charlie received no trust_signals. Alice's presentation log:
[daemon 0] {"level":"info","event":"signal.submission.sealed","submissionId":"7d7b1bccf53f020b95883530bdd0cd076dc4bc73697e1569e437e7619693d5e6","intakeKeyId":"intake-j-end","op":"submit","subjectKind":"agent","manifestVersion":1,"bodyBytes":65,"ts":"2026-08-23T16:27:23.231Z"}
[daemon 0] {"level":"info","event":"signal.submission.queued","submissionId":"7d7b1bccf53f020b95883530bdd0cd076dc4bc73697e1569e437e7619693d5e6","intakeKeyId":"intake-j-end","stored":true,"ts":"2026-08-23T16:27:23.233Z"}
[daemon 0] {"level":"info","event":"signal.submission.attributed","agentName":"bob","op":"submit","submissionId":"7d7b1bccf53f020b95883530bdd0cd076dc4bc73697e1569e437e7619693d5e6","stored":true,"ts":"2026-08-23T16:27:23.233Z"}
[daemon 0] {"level":"info","event":"signal.submission.recorded","agentId":"b1695602-3c35-4769-90ef-6a35bbf6cb89","submissionId":"7d7b1bccf53f020b95883530bdd0cd076dc4bc73697e1569e437e7619693d5e6","op":"submit","stored":true,"ts":"2026-08-23T16:27:23.233Z"}
[daemon 1] {"level":"info","event":"signal.presentation.none_eligible","agentName":"alice","target":"1cdcb8ac6c5c97e8","heldTotal":0,"eligibleBeforeContactPrefs":0,"contactPrefsApplied":0,"filter":null,"correlationId":"59c5b815-6ffd-4e89-9d96-02e6deb959a1","ts":"2026-08-23T16:27:47.566Z"}
   × J-END — DOD-END-JOURNEY-1: an endorsement from Bob about Alice, end to end > HOP 6 (case a): Alice REFUSES a second endorsement with a message — and it never reaches Charlie 959ms
     → second endorsement not minted: {"drained":2,"minted":0,"rejected":0,"poison":0,"duplicates":0,"unhandledOps":0,"refused":0,"errored":2,"nodeErrors":[]}: expected +0 to be 1 // Object.is equality
   × J-END — DOD-END-JOURNEY-1: an endorsement from Bob about Alice, end to end > HOP 7 (case a2): Alice is OFFLINE when Bob submits — nothing is lost, and she is TOLD on return 29ms
     → mint failed with the subject offline: {"drained":3,"minted":0,"rejected":0,"poison":0,"duplicates":0,"unhandledOps":0,"refused":0,"errored":3,"nodeErrors":[]}: expected +0 to be 1 // Object.is equality
   ✓ J-END — DOD-END-JOURNEY-1: an endorsement from Bob about Alice, end to end > HOP 8 (case c): self-endorsement is REFUSED at the source, with a named reason  7439ms
   × J-END — DOD-END-JOURNEY-1: an endorsement from Bob about Alice, end to end > HOP 9 (case b): a CO-OWNED endorsement is minted, flagged, presentable — and does not count 3514ms
     → co-owned endorsement not minted: {"drained":4,"minted":0,"rejected":0,"poison":0,"duplicates":0,"unhandledOps":0,"refused":0,"errored":4,"nodeErrors":[]}: expected +0 to be 1 // Object.is equality
DROP DATABASE
OpenJDK 64-Bit Server VM warning: Unable to get SVE vector length on this system. Disabling SVE. Specify -XX:UseSVE=0 to shun this warning.
Flyway OSS Edition 11.13.2 by Redgate

See release notes here: https://rd.gt/416ObMi
Database: jdbc:postgresql://postgres:5432/cello_spine (PostgreSQL 18.4)
WARNING: Using PostgreSQL 18.4 which is newer than the version Flyway has been verified with. The latest verified version of PostgreSQL is 17.
Schema history table "public"."flyway_schema_history" does not exist yet
Successfully validated 63 migrations (execution time 00:00.024s)
Creating Schema History table "public"."flyway_schema_history" ...
Current version of schema "public": << Empty Schema >>
WARNING: DB: relation "notification_queue" already exists, skipping (SQL State: 42P07 - Error Code: 0)
WARNING: DB: relation "pending_connection_requests" already exists, skipping (SQL State: 42P07 - Error Code: 0)
{"event":"notification.channel.forwarded","type":"agent_current_changed","agent":"agentA"}
{"event":"notification.channel.forwarded","type":"agent_current_changed","agent":"agentB"}
{"event":"notification.channel.forwarded","type":"session_state_changed","agent":"agentB"}
{"event":"notification.channel.forwarded","type":"cello_message","agent":"agentB"}
 ❯ src/spine/j-loopback.spine.test.ts (1 test | 1 failed) 30931ms
   × J-LOOPBACK — two agents converse on ONE daemon (DOD-LOOP-1) > A initiates to B on the SAME daemon → exchange + bilateral seal, byte-identical root, no 2nd daemon 4343ms
     → .toMatch() expects to receive a string, but got undefined
DROP DATABASE
OpenJDK 64-Bit Server VM warning: Unable to get SVE vector length on this system. Disabling SVE. Specify -XX:UseSVE=0 to shun this warning.
Flyway OSS Edition 11.13.2 by Redgate

See release notes here: https://rd.gt/416ObMi
Database: jdbc:postgresql://postgres:5432/cello_spine_0 (PostgreSQL 18.4)
WARNING: Using PostgreSQL 18.4 which is newer than the version Flyway has been verified with. The latest verified version of PostgreSQL is 17.
Schema history table "public"."flyway_schema_history" does not exist yet
Successfully validated 63 migrations (execution time 00:00.043s)
Creating Schema History table "public"."flyway_schema_history" ...
Current version of schema "public": << Empty Schema >>
WARNING: DB: relation "notification_queue" already exists, skipping (SQL State: 42P07 - Error Code: 0)
WARNING: DB: relation "pending_connection_requests" already exists, skipping (SQL State: 42P07 - Error Code: 0)
DROP DATABASE
OpenJDK 64-Bit Server VM warning: Unable to get SVE vector length on this system. Disabling SVE. Specify -XX:UseSVE=0 to shun this warning.
Flyway OSS Edition 11.13.2 by Redgate

See release notes here: https://rd.gt/416ObMi
Database: jdbc:postgresql://postgres:5432/cello_spine_1 (PostgreSQL 18.4)
WARNING: Using PostgreSQL 18.4 which is newer than the version Flyway has been verified with. The latest verified version of PostgreSQL is 17.
Schema history table "public"."flyway_schema_history" does not exist yet
Successfully validated 63 migrations (execution time 00:00.032s)
Creating Schema History table "public"."flyway_schema_history" ...
Current version of schema "public": << Empty Schema >>
WARNING: DB: relation "notification_queue" already exists, skipping (SQL State: 42P07 - Error Code: 0)
WARNING: DB: relation "pending_connection_requests" already exists, skipping (SQL State: 42P07 - Error Code: 0)
DROP DATABASE
OpenJDK 64-Bit Server VM warning: Unable to get SVE vector length on this system. Disabling SVE. Specify -XX:UseSVE=0 to shun this warning.
Flyway OSS Edition 11.13.2 by Redgate

See release notes here: https://rd.gt/416ObMi
Database: jdbc:postgresql://postgres:5432/cello_spine_2 (PostgreSQL 18.4)
WARNING: Using PostgreSQL 18.4 which is newer than the version Flyway has been verified with. The latest verified version of PostgreSQL is 17.
Schema history table "public"."flyway_schema_history" does not exist yet
Successfully validated 63 migrations (execution time 00:00.033s)
Creating Schema History table "public"."flyway_schema_history" ...
Current version of schema "public": << Empty Schema >>
WARNING: DB: relation "notification_queue" already exists, skipping (SQL State: 42P07 - Error Code: 0)
WARNING: DB: relation "pending_connection_requests" already exists, skipping (SQL State: 42P07 - Error Code: 0)
 ✓ src/spine/j-presence.spine.test.ts (1 test) 81834ms
   ✓ J-PRESENCE — cross-node presence visibility (DOD-PRESENCE-1) > agent connects to node 0 → presence written; seeded to node 1 → visible as online  27121ms
DROP DATABASE
OpenJDK 64-Bit Server VM warning: Unable to get SVE vector length on this system. Disabling SVE. Specify -XX:UseSVE=0 to shun this warning.
Flyway OSS Edition 11.13.2 by Redgate

See release notes here: https://rd.gt/416ObMi
Database: jdbc:postgresql://postgres:5432/cello_spine_0 (PostgreSQL 18.4)
WARNING: Using PostgreSQL 18.4 which is newer than the version Flyway has been verified with. The latest verified version of PostgreSQL is 17.
Schema history table "public"."flyway_schema_history" does not exist yet
Successfully validated 63 migrations (execution time 00:00.024s)
Creating Schema History table "public"."flyway_schema_history" ...
Current version of schema "public": << Empty Schema >>
WARNING: DB: relation "notification_queue" already exists, skipping (SQL State: 42P07 - Error Code: 0)
WARNING: DB: relation "pending_connection_requests" already exists, skipping (SQL State: 42P07 - Error Code: 0)
DROP DATABASE
OpenJDK 64-Bit Server VM warning: Unable to get SVE vector length on this system. Disabling SVE. Specify -XX:UseSVE=0 to shun this warning.
Flyway OSS Edition 11.13.2 by Redgate

See release notes here: https://rd.gt/416ObMi
Database: jdbc:postgresql://postgres:5432/cello_spine_1 (PostgreSQL 18.4)
WARNING: Using PostgreSQL 18.4 which is newer than the version Flyway has been verified with. The latest verified version of PostgreSQL is 17.
Schema history table "public"."flyway_schema_history" does not exist yet
Successfully validated 63 migrations (execution time 00:00.026s)
Creating Schema History table "public"."flyway_schema_history" ...
Current version of schema "public": << Empty Schema >>
WARNING: DB: relation "notification_queue" already exists, skipping (SQL State: 42P07 - Error Code: 0)
WARNING: DB: relation "pending_connection_requests" already exists, skipping (SQL State: 42P07 - Error Code: 0)
DROP DATABASE
OpenJDK 64-Bit Server VM warning: Unable to get SVE vector length on this system. Disabling SVE. Specify -XX:UseSVE=0 to shun this warning.
Flyway OSS Edition 11.13.2 by Redgate

See release notes here: https://rd.gt/416ObMi
Database: jdbc:postgresql://postgres:5432/cello_spine_2 (PostgreSQL 18.4)
WARNING: Using PostgreSQL 18.4 which is newer than the version Flyway has been verified with. The latest verified version of PostgreSQL is 17.
Schema history table "public"."flyway_schema_history" does not exist yet
Successfully validated 63 migrations (execution time 00:00.031s)
Creating Schema History table "public"."flyway_schema_history" ...
Current version of schema "public": << Empty Schema >>
WARNING: DB: relation "notification_queue" already exists, skipping (SQL State: 42P07 - Error Code: 0)
WARNING: DB: relation "pending_connection_requests" already exists, skipping (SQL State: 42P07 - Error Code: 0)

--------------------------------------------------------------------------------------------------------
A more recent version of Flyway is available. Find out more about Flyway 13.3.0 at https://rd.gt/3rXiSlV
--------------------------------------------------------------------------------------------------------
{"event":"notification.channel.forwarded","type":"agent_current_changed","agent":"sigA"}
 ✓ src/spine/j-sig.spine.test.ts (2 tests) 98133ms
   ✓ J-SIG — directory signaling resilience, live (DOD-SIG-1) > DOD-SIG-1 (degradation) — kill the directory → directory_signaling: reconnecting + tool calls degrade with a bounded reason + guidance  25861ms
   ✓ J-SIG — directory signaling resilience, live (DOD-SIG-1) > DOD-SIG-1 (recovery) — directory returns → daemon re-auths (no resume token) → directory_signaling back to connected  17073ms
DROP DATABASE
OpenJDK 64-Bit Server VM warning: Unable to get SVE vector length on this system. Disabling SVE. Specify -XX:UseSVE=0 to shun this warning.
Flyway OSS Edition 11.13.2 by Redgate

See release notes here: https://rd.gt/416ObMi
Database: jdbc:postgresql://postgres:5432/cello_spine_0 (PostgreSQL 18.4)
WARNING: Using PostgreSQL 18.4 which is newer than the version Flyway has been verified with. The latest verified version of PostgreSQL is 17.
Schema history table "public"."flyway_schema_history" does not exist yet
Successfully validated 63 migrations (execution time 00:00.026s)
Creating Schema History table "public"."flyway_schema_history" ...
Current version of schema "public": << Empty Schema >>
WARNING: DB: relation "notification_queue" already exists, skipping (SQL State: 42P07 - Error Code: 0)
WARNING: DB: relation "pending_connection_requests" already exists, skipping (SQL State: 42P07 - Error Code: 0)
DROP DATABASE
OpenJDK 64-Bit Server VM warning: Unable to get SVE vector length on this system. Disabling SVE. Specify -XX:UseSVE=0 to shun this warning.
Flyway OSS Edition 11.13.2 by Redgate

See release notes here: https://rd.gt/416ObMi
Database: jdbc:postgresql://postgres:5432/cello_spine_1 (PostgreSQL 18.4)
WARNING: Using PostgreSQL 18.4 which is newer than the version Flyway has been verified with. The latest verified version of PostgreSQL is 17.
Schema history table "public"."flyway_schema_history" does not exist yet
Successfully validated 63 migrations (execution time 00:00.031s)
Creating Schema History table "public"."flyway_schema_history" ...
Current version of schema "public": << Empty Schema >>
WARNING: DB: relation "notification_queue" already exists, skipping (SQL State: 42P07 - Error Code: 0)
WARNING: DB: relation "pending_connection_requests" already exists, skipping (SQL State: 42P07 - Error Code: 0)
DROP DATABASE
OpenJDK 64-Bit Server VM warning: Unable to get SVE vector length on this system. Disabling SVE. Specify -XX:UseSVE=0 to shun this warning.
Flyway OSS Edition 11.13.2 by Redgate

See release notes here: https://rd.gt/416ObMi
Database: jdbc:postgresql://postgres:5432/cello_spine_2 (PostgreSQL 18.4)
WARNING: Using PostgreSQL 18.4 which is newer than the version Flyway has been verified with. The latest verified version of PostgreSQL is 17.
Schema history table "public"."flyway_schema_history" does not exist yet
Successfully validated 63 migrations (execution time 00:00.031s)
Creating Schema History table "public"."flyway_schema_history" ...
Current version of schema "public": << Empty Schema >>
WARNING: DB: relation "notification_queue" already exists, skipping (SQL State: 42P07 - Error Code: 0)
WARNING: DB: relation "pending_connection_requests" already exists, skipping (SQL State: 42P07 - Error Code: 0)
 ❯ src/spine/j-sign.spine.test.ts (1 test | 1 failed) 55154ms
   × J-SIGN — T-of-N session seal across the consortium (DOD-SIGN-1) > consortium seal is FROST T-of-N (≥2 directories sign), and survives a participating node DOWN 1234ms
     → Unexpected non-whitespace character after JSON at position 156 (line 7 column 1)
DROP DATABASE
OpenJDK 64-Bit Server VM warning: Unable to get SVE vector length on this system. Disabling SVE. Specify -XX:UseSVE=0 to shun this warning.
Flyway OSS Edition 11.13.2 by Redgate

See release notes here: https://rd.gt/416ObMi
Database: jdbc:postgresql://postgres:5432/cello_spine_0 (PostgreSQL 18.4)
WARNING: Using PostgreSQL 18.4 which is newer than the version Flyway has been verified with. The latest verified version of PostgreSQL is 17.
Schema history table "public"."flyway_schema_history" does not exist yet
Successfully validated 63 migrations (execution time 00:00.025s)
Creating Schema History table "public"."flyway_schema_history" ...
Current version of schema "public": << Empty Schema >>
WARNING: DB: relation "notification_queue" already exists, skipping (SQL State: 42P07 - Error Code: 0)
WARNING: DB: relation "pending_connection_requests" already exists, skipping (SQL State: 42P07 - Error Code: 0)
DROP DATABASE
OpenJDK 64-Bit Server VM warning: Unable to get SVE vector length on this system. Disabling SVE. Specify -XX:UseSVE=0 to shun this warning.
Flyway OSS Edition 11.13.2 by Redgate

See release notes here: https://rd.gt/416ObMi
Database: jdbc:postgresql://postgres:5432/cello_spine_1 (PostgreSQL 18.4)
WARNING: Using PostgreSQL 18.4 which is newer than the version Flyway has been verified with. The latest verified version of PostgreSQL is 17.
Schema history table "public"."flyway_schema_history" does not exist yet
Successfully validated 63 migrations (execution time 00:00.028s)
Creating Schema History table "public"."flyway_schema_history" ...
Current version of schema "public": << Empty Schema >>
WARNING: DB: relation "notification_queue" already exists, skipping (SQL State: 42P07 - Error Code: 0)
WARNING: DB: relation "pending_connection_requests" already exists, skipping (SQL State: 42P07 - Error Code: 0)
DROP DATABASE
OpenJDK 64-Bit Server VM warning: Unable to get SVE vector length on this system. Disabling SVE. Specify -XX:UseSVE=0 to shun this warning.
Flyway OSS Edition 11.13.2 by Redgate

See release notes here: https://rd.gt/416ObMi
Database: jdbc:postgresql://postgres:5432/cello_spine_2 (PostgreSQL 18.4)
WARNING: Using PostgreSQL 18.4 which is newer than the version Flyway has been verified with. The latest verified version of PostgreSQL is 17.
Schema history table "public"."flyway_schema_history" does not exist yet
Successfully validated 63 migrations (execution time 00:00.078s)
Creating Schema History table "public"."flyway_schema_history" ...
Current version of schema "public": << Empty Schema >>
WARNING: DB: relation "notification_queue" already exists, skipping (SQL State: 42P07 - Error Code: 0)
WARNING: DB: relation "pending_connection_requests" already exists, skipping (SQL State: 42P07 - Error Code: 0)

--------------------------------------------------------------------------------------------------------
A more recent version of Flyway is available. Find out more about Flyway 13.3.0 at https://rd.gt/3rXiSlV
--------------------------------------------------------------------------------------------------------
{"event":"notification.channel.forwarded","type":"agent_current_changed","agent":"agentA"}
{"event":"notification.channel.forwarded","type":"agent_current_changed","agent":"agentB"}
{"event":"notification.channel.forwarded","type":"session_state_changed","agent":"agentB"}
{"event":"notification.channel.forwarded","type":"cello_message","agent":"agentB"}
 ✓ src/spine/j-optionb-setup.spine.test.ts (1 test) 61780ms
   ✓ J-OPTIONB-SETUP — any-relay/any-directory session setup (DOD-OPTIONB-SETUP-1) > a session established through a NON-node-0 directory is recorded on the relay by the CLIENT (no directory→relay dial)  3462ms
DROP DATABASE
OpenJDK 64-Bit Server VM warning: Unable to get SVE vector length on this system. Disabling SVE. Specify -XX:UseSVE=0 to shun this warning.
Flyway OSS Edition 11.13.2 by Redgate

See release notes here: https://rd.gt/416ObMi
Database: jdbc:postgresql://postgres:5432/cello_spine_0 (PostgreSQL 18.4)
WARNING: Using PostgreSQL 18.4 which is newer than the version Flyway has been verified with. The latest verified version of PostgreSQL is 17.
Schema history table "public"."flyway_schema_history" does not exist yet
Successfully validated 63 migrations (execution time 00:00.025s)
Creating Schema History table "public"."flyway_schema_history" ...
Current version of schema "public": << Empty Schema >>
WARNING: DB: relation "notification_queue" already exists, skipping (SQL State: 42P07 - Error Code: 0)
WARNING: DB: relation "pending_connection_requests" already exists, skipping (SQL State: 42P07 - Error Code: 0)
DROP DATABASE
OpenJDK 64-Bit Server VM warning: Unable to get SVE vector length on this system. Disabling SVE. Specify -XX:UseSVE=0 to shun this warning.
Flyway OSS Edition 11.13.2 by Redgate

See release notes here: https://rd.gt/416ObMi
Database: jdbc:postgresql://postgres:5432/cello_spine_1 (PostgreSQL 18.4)
WARNING: Using PostgreSQL 18.4 which is newer than the version Flyway has been verified with. The latest verified version of PostgreSQL is 17.
Schema history table "public"."flyway_schema_history" does not exist yet
Successfully validated 63 migrations (execution time 00:00.032s)
Creating Schema History table "public"."flyway_schema_history" ...
Current version of schema "public": << Empty Schema >>
WARNING: DB: relation "notification_queue" already exists, skipping (SQL State: 42P07 - Error Code: 0)
WARNING: DB: relation "pending_connection_requests" already exists, skipping (SQL State: 42P07 - Error Code: 0)
DROP DATABASE
OpenJDK 64-Bit Server VM warning: Unable to get SVE vector length on this system. Disabling SVE. Specify -XX:UseSVE=0 to shun this warning.
Flyway OSS Edition 11.13.2 by Redgate

See release notes here: https://rd.gt/416ObMi
Database: jdbc:postgresql://postgres:5432/cello_spine_2 (PostgreSQL 18.4)
WARNING: Using PostgreSQL 18.4 which is newer than the version Flyway has been verified with. The latest verified version of PostgreSQL is 17.
Schema history table "public"."flyway_schema_history" does not exist yet
Successfully validated 63 migrations (execution time 00:00.053s)
Creating Schema History table "public"."flyway_schema_history" ...
Current version of schema "public": << Empty Schema >>
WARNING: DB: relation "notification_queue" already exists, skipping (SQL State: 42P07 - Error Code: 0)
WARNING: DB: relation "pending_connection_requests" already exists, skipping (SQL State: 42P07 - Error Code: 0)
{"event":"notification.channel.forwarded","type":"agent_current_changed","agent":"agentA"}
{"event":"notification.channel.forwarded","type":"agent_current_changed","agent":"agentB"}
{"event":"notification.channel.forwarded","type":"session_state_changed","agent":"agentB"}
{"event":"notification.channel.forwarded","type":"cello_message","agent":"agentA"}
stdout | src/spine/j-documents.spine.test.ts > J-DOCUMENTS — two real daemons converge on one document (DOD-DOC-E2E-CONV-1) > propose → consent → concurrent edits including an OVERLAP → both converge → seal verifies over document leaves
[documentLines] full filtered log (19 lines) → /tmp/cello-spine-71680-1787502872395.log
[documentLines] full filtered log (17 lines) → /tmp/cello-spine-71680-1787502872396.log

stdout | src/spine/j-documents.spine.test.ts > J-DOCUMENTS — two real daemons converge on one document (DOD-DOC-E2E-CONV-1) > propose → consent → concurrent edits including an OVERLAP → both converge → seal verifies over document leaves
[documentLines] full filtered log (33 lines) → /tmp/cello-spine-71680-1787502933026.log
[documentLines] full filtered log (31 lines) → /tmp/cello-spine-71680-1787502933027.log

{"event":"notification.channel.forwarded","type":"agent_current_changed","agent":"agentA"}
{"event":"notification.channel.forwarded","type":"agent_current_changed","agent":"agentB"}
{"event":"notification.channel.forwarded","type":"session_state_changed","agent":"agentB"}
{"event":"notification.channel.forwarded","type":"cello_message","agent":"agentA"}
{"event":"notification.channel.forwarded","type":"agent_current_changed","agent":"agentA"}
{"event":"notification.channel.forwarded","type":"agent_current_changed","agent":"agentB"}
{"event":"notification.channel.forwarded","type":"session_state_changed","agent":"agentB"}
{"event":"notification.channel.forwarded","type":"cello_message","agent":"agentA"}
{"event":"notification.channel.forwarded","type":"shutdown"}
cello-mcp: daemon connection lost — reconnecting…
{"event":"notification.channel.forwarded","type":"shutdown"}
cello-mcp: daemon connection lost — reconnecting…
{"event":"notification.channel.forwarded","type":"agent_state_changed","agent":"agentA"}
{"event":"notification.channel.forwarded","type":"agent_current_changed","agent":"agentA"}
{"event":"notification.channel.forwarded","type":"agent_current_changed","agent":"agentA"}
{"event":"notification.channel.forwarded","type":"agent_current_changed","agent":"agentB"}
{"event":"notification.channel.forwarded","type":"session_state_changed","agent":"agentB"}
{"event":"notification.channel.forwarded","type":"cello_message","agent":"agentA"}
{"event":"notification.channel.forwarded","type":"agent_current_changed","agent":"agentA"}
{"event":"notification.channel.forwarded","type":"agent_current_changed","agent":"agentB"}
{"event":"notification.channel.forwarded","type":"session_state_changed","agent":"agentB"}
{"event":"notification.channel.forwarded","type":"cello_message","agent":"agentA"}
stdout | src/spine/j-documents.spine.test.ts > J-DOCUMENTS-APPEND — append_only is enforced on the RECEIVER (DOD-DOC-E2E-APPEND-1) > a DELETING update is refused by the peer's gate and never lands
[documentLines] full filtered log (727 lines) → /tmp/cello-spine-71680-1787502957965.log

{"event":"notification.channel.forwarded","type":"agent_current_changed","agent":"agentA"}
{"event":"notification.channel.forwarded","type":"agent_current_changed","agent":"agentB"}
{"event":"notification.channel.forwarded","type":"session_state_changed","agent":"agentB"}
{"event":"notification.channel.forwarded","type":"cello_message","agent":"agentA"}
stdout | src/spine/j-documents.spine.test.ts > J-DOCUMENTS-REJECT — a refused envelope seals, and both sides verify it (DOD-DOC-E2E-REJECT-1) > a quarantined update leaves a 0x05 leaf, and the session still seals to the same root on both sides
[documentLines] full filtered log (731 lines) → /tmp/cello-spine-71680-1787502995147.log

{"event":"notification.channel.forwarded","type":"agent_current_changed","agent":"agentA"}
{"event":"notification.channel.forwarded","type":"agent_current_changed","agent":"agentB"}
{"event":"notification.channel.forwarded","type":"session_state_changed","agent":"agentB"}
{"event":"notification.channel.forwarded","type":"cello_message","agent":"agentA"}
stdout | src/spine/j-documents.spine.test.ts > J-DOCUMENTS-REJECT — a refused envelope seals, and both sides verify it (DOD-DOC-E2E-REJECT-1) > repeated refusals STALL the document rather than retrying forever
[documentLines] full filtered log (34 lines) → /tmp/cello-spine-71680-1787503001178.log
[documentLines] full filtered log (32 lines) → /tmp/cello-spine-71680-1787503001178.log

stdout | src/spine/j-documents.spine.test.ts > J-DOCUMENTS-REJECT — a refused envelope seals, and both sides verify it (DOD-DOC-E2E-REJECT-1) > repeated refusals STALL the document rather than retrying forever
[documentLines] full filtered log (420 lines) → /tmp/cello-spine-71680-1787503001694.log
[documentLines] full filtered log (380 lines) → /tmp/cello-spine-71680-1787503001694.log

stdout | src/spine/j-documents.spine.test.ts > J-DOCUMENTS-REJECT — a refused envelope seals, and both sides verify it (DOD-DOC-E2E-REJECT-1) > repeated refusals STALL the document rather than retrying forever
[documentLines] full filtered log (1112 lines) → /tmp/cello-spine-71680-1787503002225.log
[documentLines] full filtered log (924 lines) → /tmp/cello-spine-71680-1787503002226.log

{"event":"notification.channel.forwarded","type":"agent_current_changed","agent":"agentA"}
{"event":"notification.channel.forwarded","type":"agent_current_changed","agent":"agentB"}
{"event":"notification.channel.forwarded","type":"session_state_changed","agent":"agentB"}
{"event":"notification.channel.forwarded","type":"cello_message","agent":"agentA"}
{"event":"notification.channel.forwarded","type":"agent_current_changed","agent":"agentA"}
{"event":"notification.channel.forwarded","type":"agent_current_changed","agent":"agentB"}
{"event":"notification.channel.forwarded","type":"session_state_changed","agent":"agentB"}
{"event":"notification.channel.forwarded","type":"cello_message","agent":"agentA"}
{"event":"notification.channel.forwarded","type":"agent_current_changed","agent":"agentA"}
{"event":"notification.channel.forwarded","type":"agent_current_changed","agent":"agentB"}
{"event":"notification.channel.forwarded","type":"session_state_changed","agent":"agentB"}
{"event":"notification.channel.forwarded","type":"cello_message","agent":"agentA"}
{"event":"notification.channel.forwarded","type":"agent_current_changed","agent":"agentA"}
{"event":"notification.channel.forwarded","type":"agent_current_changed","agent":"agentB"}
{"event":"notification.channel.forwarded","type":"session_state_changed","agent":"agentB"}
{"event":"notification.channel.forwarded","type":"cello_message","agent":"agentA"}
stdout | src/spine/j-documents.spine.test.ts > J-DOCUMENTS-TERMINAL — a REFUSED proposal settles its in-flight update (DOD-DOC-INBOUND-TERMINAL-1) > an update published before the refusal stops retrying once the peer says they have no such document
[documentLines] full filtered log (43 lines) → /tmp/cello-spine-71680-1787503118936.log
[documentLines] full filtered log (46 lines) → /tmp/cello-spine-71680-1787503118939.log

{"event":"notification.channel.forwarded","type":"agent_current_changed","agent":"agentA"}
{"event":"notification.channel.forwarded","type":"agent_current_changed","agent":"agentB"}
{"event":"notification.channel.forwarded","type":"session_state_changed","agent":"agentB"}
{"event":"notification.channel.forwarded","type":"session_state_changed","agent":"agentA"}
stdout | src/spine/j-documents.spine.test.ts > J-DOCUMENTS-NOCHAT — co-editing with NO conversation open (DOD-DOC-E2E-NOCHAT-1) > a published update is ACKNOWLEDGED when the delivery worker had to open the session itself
[documentLines] full filtered log (49 lines) → /tmp/cello-spine-71680-1787503215363.log
[documentLines] full filtered log (61 lines) → /tmp/cello-spine-71680-1787503215365.log

 ❯ src/spine/j-documents.spine.test.ts (12 tests | 7 failed) 403490ms
   × J-DOCUMENTS — two real daemons converge on one document (DOD-DOC-E2E-CONV-1) > propose → consent → concurrent edits including an OVERLAP → both converge → seal verifies over document leaves 66830ms
     → A was never told B's decision.
--- A (receiver) document log ---
{"level":"info","event":"security.gateway.spawned","pid":71920,"socketPath":"/var/folders/2q/t2k6pn7x0w1fv15vqyqqg7g80000gn/T/cello-docsA-34wTGY/gateway.sock","ts":"2026-08-23T16:34:30.645Z"}
{"level":"info","event":"security.gateway.layer2","state":"off:no","ts":"2026-08-23T16:34:30.645Z"}
{"level":"info","event":"security.gateway.connected","mode":"enforcing","ts":"2026-08-23T16:34:30.650Z"}
{"level":"debug","event":"document.handlers.registered","verbs":["cello_doc_accept","cello_doc_close","cello_doc_diff","cello_doc_inbox","cello_doc_invite","cello_doc_kill","cello_doc_list","cello_doc_propose","cello_doc_publish","cello_doc_read","cello_doc_refuse","cello_doc_remove","cello_doc_watch","cello_doc_write"],"ts":"2026-08-23T16:34:30.681Z"}
{"level":"info","event":"session.relay.connected","relayPeerId":"12D3KooWJHzS2eCgjga1VqSnd6CKsmT5dqeWoVV1fd2E8YPdikGv","ts":"2026-08-23T16:34:32.328Z"}
{"level":"info","event":"session.relay.assignment.recorded","relayPeerId":"12D3KooWJHzS2eCgjga1VqSnd6CKsmT5dqeWoVV1fd2E8YPdikGv","sessionShort":"149d6cc5f3f05b55","ts":"2026-08-23T16:34:32.332Z"}
{"level":"info","event":"document.reconcile.reachable_trigger_fired","agentName":"agentA","trigger":"outbound_session_opened","peer":"92498b99cecdbe6f","ts":"2026-08-23T16:34:32.337Z"}
{"level":"info","event":"session.relay.leaf.delivered","sessionId":"149d6cc5f3f05b55fa7d24e4f1b37e59","sequenceNumber":1,"leafKind":0,"correlationId":"b08b215d-6278-4b68-87cc-70d9d92ecdbe","ts":"2026-08-23T16:34:32.351Z"}
{"level":"info","event":"session.content.ordering.recorded","sessionId":"149d6cc5f3f05b55fa7d24e4f1b37e59","canonicalSeq":0,"source":"content_frame","correlationId":"a0e8a160-aaba-4b48-ab58-415f5021e6be","ts":"2026-08-23T16:34:32.354Z"}
{"level":"info","event":"session.tree.appended","sessionId":"149d6cc5f3f05b55fa7d24e4f1b37e59","leafIndex":0,"newRootHex":"199910239f6536d0c0175d7ca6258883da5c7456ad85e43e5bc9a7f50e4b9d32","correlationId":"a0e8a160-aaba-4b48-ab58-415f5021e6be","ts":"2026-08-23T16:34:32.358Z"}
{"level":"info","event":"session.content.received","sessionId":"149d6cc5f3f05b55fa7d24e4f1b37e59","senderPubkey":"92498b99cecdbe6fca1ec7520534ecd33814b60c82277518e18c81a43a36bdd2","contentHashHex":"199910239f6536d0c0175d7ca6258883da5c7456ad85e43e5bc9a7f50e4b9d32","sequenceNumber":0,"correlationId":"a0e8a160-aaba-4b48-ab58-415f5021e6be","ts":"2026-08-23T16:34:32.358Z"}
{"level":"info","event":"document.replay.completed","envelopes":0,"applied":0,"ts":"2026-08-23T16:34:32.382Z"}
{"level":"info","event":"document.snapshot.rebuilt","documentId":"3639cd604b752b4927c15d49725818d76b9c16e560c90e71308a099329d51f89","envelopes":0,"withPayload":0,"ts":"2026-08-23T16:34:32.382Z"}
{"level":"info","event":"document.file.materialized","documentId":"3639cd604b752b4927c15d49725818d76b9c16e560c90e71308a099329d51f89","bytes":51,"ts":"2026-08-23T16:34:32.384Z"}
{"level":"info","event":"session.relay.hash.submitted","sessionId":"149d6cc5f3f05b55fa7d24e4f1b37e59","relaySequence":2,"leafIndex":1,"correlationId":"e6abba96-5305-4af6-bd75-1a363be5e8c4","ts":"2026-08-23T16:34:32.389Z"}
{"level":"info","event":"session.relay.leaf.delivered","sessionId":"149d6cc5f3f05b55fa7d24e4f1b37e59","sequenceNumber":2,"leafKind":4,"correlationId":"b08b215d-6278-4b68-87cc-70d9d92ecdbe","ts":"2026-08-23T16:34:32.389Z"}
{"level":"info","event":"session.tree.appended","sessionId":"149d6cc5f3f05b55fa7d24e4f1b37e59","leafIndex":1,"newRootHex":"85f72bae7a0451152cbc132396394f42700553e8d814d58646f59cffb22deabd","correlationId":"e6abba96-5305-4af6-bd75-1a363be5e8c4","ts":"2026-08-23T16:34:32.390Z"}
{"level":"info","event":"document.frame.sent","documentId":"3639cd604b752b4927c15d49725818d76b9c16e560c90e71308a099329d51f89","leafCommitted":true,"leafIndex":1,"sessionId":"149d6cc5f3f05b55fa7d24e4f1b37e59","sessionOpened":false,"bytes":672,"parked":false,"correlationId":"e6abba96-5305-4af6-bd75-1a363be5e8c4","ts":"2026-08-23T16:34:32.390Z"}
{"level":"info","event":"document.proposal.sent","documentId":"3639cd604b752b4927c15d49725818d76b9c16e560c90e71308a099329d51f89","peerAgentId":"92498b99cecdbe6fca1ec7520534ecd33814b60c82277518e18c81a43a36bdd2","sent":true,"correlationId":"e6abba96-5305-4af6-bd75-1a363be5e8c4","ts":"2026-08-23T16:34:32.390Z"}
{"level":"info","event":"session.relay.leaf.delivered","sessionId":"149d6cc5f3f05b55fa7d24e4f1b37e59","sequenceNumber":3,"leafKind":4,"correlationId":"b08b215d-6278-4b68-87cc-70d9d92ecdbe","ts":"2026-08-23T16:34:32.406Z"}
{"level":"info","event":"session.content.ordering.recorded","sessionId":"149d6cc5f3f05b55fa7d24e4f1b37e59","canonicalSeq":2,"source":"content_frame","correlationId":"5f23d422-fc51-4c96-9006-d921bea4b6cc","ts":"2026-08-23T16:34:32.409Z"}
{"level":"info","event":"session.content.screen.skipped_document_frame","sessionId":"149d6cc5f3f05b55fa7d24e4f1b37e59","agentName":"agentA","correlationId":"5f23d422-fc51-4c96-9006-d921bea4b6cc","ts":"2026-08-23T16:34:32.409Z"}
{"level":"info","event":"session.tree.appended","sessionId":"149d6cc5f3f05b55fa7d24e4f1b37e59","leafIndex":2,"newRootHex":"60193e1157a430ff8a9f03e9c597ebeb10be7856c20c9c27265c5be10f62d794","correlationId":"5f23d422-fc51-4c96-9006-d921bea4b6cc","ts":"2026-08-23T16:34:32.409Z"}
{"level":"info","event":"session.document.received","sessionId":"149d6cc5f3f05b55fa7d24e4f1b37e59","senderPubkey":"92498b99cecdbe6fca1ec7520534ecd33814b60c82277518e18c81a43a36bdd2","contentHashHex":"e37b3ce663c4c4f7d6754896506e5a2568c7244ffbe36aab8c1639d5ccd80d84","sequenceNumber":2,"kind":"amendment","correlationId":"5f23d422-fc51-4c96-9006-d921bea4b6cc","ts":"2026-08-23T16:34:32.409Z"}
{"level":"info","event":"document.entry.recorded","documentId":"3639cd604b752b4927c15d49725818d76b9c16e560c90e71308a099329d51f89","entryHash":"bd782a4ea1cfa9c9d79495eb905282e16956a044a13d87ce0de1d7fd6c851d46","author":"92498b99cecdbe6fca1ec7520534ecd33814b60c82277518e18c81a43a36bdd2","authorSeq":1,"kind":"consent","ts":"2026-08-23T16:34:32.411Z"}
{"level":"info","event":"session.relay.leaf.delivered","sessionId":"149d6cc5f3f05b55fa7d24e4f1b37e59","sequenceNumber":4,"leafKind":4,"correlationId":"b08b215d-6278-4b68-87cc-70d9d92ecdbe","ts":"2026-08-23T16:34:32.414Z"}
{"level":"info","event":"session.content.ordering.recorded","sessionId":"149d6cc5f3f05b55fa7d24e4f1b37e59","canonicalSeq":3,"source":"content_frame","correlationId":"f3be3d8d-314d-43c4-9209-a1084b81fb71","ts":"2026-08-23T16:34:32.415Z"}
{"level":"info","event":"session.content.screen.skipped_document_frame","sessionId":"149d6cc5f3f05b55fa7d24e4f1b37e59","agentName":"agentA","correlationId":"f3be3d8d-314d-43c4-9209-a1084b81fb71","ts":"2026-08-23T16:34:32.415Z"}
{"level":"info","event":"session.tree.appended","sessionId":"149d6cc5f3f05b55fa7d24e4f1b37e59","leafIndex":3,"newRootHex":"128f92b8c8b285ec1467a8475a1e1efd2123981f4273c8da93ca4c2b2e40906c","correlationId":"f3be3d8d-314d-43c4-9209-a1084b81fb71","ts":"2026-08-23T16:34:32.415Z"}
{"level":"info","event":"session.document.received","sessionId":"149d6cc5f3f05b55fa7d24e4f1b37e59","senderPubkey":"92498b99cecdbe6fca1ec7520534ecd33814b60c82277518e18c81a43a36bdd2","contentHashHex":"cfc63005d8483e4acfead8b4882b32c60ccfaee8580432dcaf3f7917e6af3f38","sequenceNumber":3,"kind":"proposal_ack","correlationId":"f3be3d8d-314d-43c4-9209-a1084b81fb71","ts":"2026-08-23T16:34:32.415Z"}
{"level":"info","event":"document.proposal.answered","documentId":"3639cd604b752b4927c15d49725818d76b9c16e560c90e71308a099329d51f89","accepted":true,"ts":"2026-08-23T16:34:32.417Z"}
{"level":"info","event":"session.content.leaf_unresolved.fetch","agentName":"agentA","sessionId":"149d6cc5f3f05b55fa7d24e4f1b37e59","contentHash":"e37b3ce663c4c4f7d6754896506e5a2568c7244ffbe36aab8c1639d5ccd80d84","graceMs":2000,"impact":"the relay told us this message exists and its plaintext never arrived directly — fetching it now instead of waiting for the periodic sweep","ts":"2026-08-23T16:34:34.406Z"}
{"level":"info","event":"session.content.leaf_unresolved.fetch","agentName":"agentA","sessionId":"149d6cc5f3f05b55fa7d24e4f1b37e59","contentHash":"cfc63005d8483e4acfead8b4882b32c60ccfaee8580432dcaf3f7917e6af3f38","graceMs":2000,"impact":"the relay told us this message exists and its plaintext never arrived directly — fetching it now instead of waiting for the periodic sweep","ts":"2026-08-23T16:34:34.415Z"}
--- B (sender) document log ---
{"level":"info","event":"security.gateway.spawned","pid":71922,"socketPath":"/var/folders/2q/t2k6pn7x0w1fv15vqyqqg7g80000gn/T/cello-docsB-Bg6WSs/gateway.sock","ts":"2026-08-23T16:34:31.081Z"}
{"level":"info","event":"security.gateway.layer2","state":"off:no","ts":"2026-08-23T16:34:31.082Z"}
{"level":"info","event":"security.gateway.connected","mode":"enforcing","ts":"2026-08-23T16:34:31.087Z"}
{"level":"debug","event":"document.handlers.registered","verbs":["cello_doc_accept","cello_doc_close","cello_doc_diff","cello_doc_inbox","cello_doc_invite","cello_doc_kill","cello_doc_list","cello_doc_propose","cello_doc_publish","cello_doc_read","cello_doc_refuse","cello_doc_remove","cello_doc_watch","cello_doc_write"],"ts":"2026-08-23T16:34:31.117Z"}
{"level":"info","event":"session.relay.connected","relayPeerId":"12D3KooWJHzS2eCgjga1VqSnd6CKsmT5dqeWoVV1fd2E8YPdikGv","ts":"2026-08-23T16:34:32.329Z"}
{"level":"info","event":"document.reconcile.reachable_trigger_fired","agentName":"agentB","trigger":"inbound_session_created","peer":"52139395481b044d","ts":"2026-08-23T16:34:32.330Z"}
{"level":"info","event":"session.relay.assignment.recorded","relayPeerId":"12D3KooWJHzS2eCgjga1VqSnd6CKsmT5dqeWoVV1fd2E8YPdikGv","sessionShort":"149d6cc5f3f05b55","ts":"2026-08-23T16:34:32.334Z"}
{"level":"info","event":"session.relay.hash.submitted","sessionId":"149d6cc5f3f05b55fa7d24e4f1b37e59","relaySequence":1,"leafIndex":0,"correlationId":"a0e8a160-aaba-4b48-ab58-415f5021e6be","ts":"2026-08-23T16:34:32.352Z"}
{"level":"info","event":"session.relay.leaf.delivered","sessionId":"149d6cc5f3f05b55fa7d24e4f1b37e59","sequenceNumber":1,"leafKind":0,"correlationId":"9a8d8240-866a-47d5-a626-000750dffaa8","ts":"2026-08-23T16:34:32.352Z"}
{"level":"info","event":"session.tree.appended","sessionId":"149d6cc5f3f05b55fa7d24e4f1b37e59","leafIndex":0,"newRootHex":"199910239f6536d0c0175d7ca6258883da5c7456ad85e43e5bc9a7f50e4b9d32","correlationId":"a0e8a160-aaba-4b48-ab58-415f5021e6be","ts":"2026-08-23T16:34:32.353Z"}
{"level":"info","event":"session.content.sent","sessionId":"149d6cc5f3f05b55fa7d24e4f1b37e59","recipientPubkey":"52139395481b044d7eb51264d310ec92d5cd582920908bf939945bc36bfdc6b2","contentHashHex":"199910239f6536d0c0175d7ca6258883da5c7456ad85e43e5bc9a7f50e4b9d32","sequenceNumber":0,"correlationId":"a0e8a160-aaba-4b48-ab58-415f5021e6be","ts":"2026-08-23T16:34:32.353Z"}
{"level":"info","event":"session.relay.leaf.delivered","sessionId":"149d6cc5f3f05b55fa7d24e4f1b37e59","sequenceNumber":2,"leafKind":4,"correlationId":"9a8d8240-866a-47d5-a626-000750dffaa8","ts":"2026-08-23T16:34:32.387Z"}
{"level":"info","event":"session.content.ordering.recorded","sessionId":"149d6cc5f3f05b55fa7d24e4f1b37e59","canonicalSeq":1,"source":"content_frame","correlationId":"e6abba96-5305-4af6-bd75-1a363be5e8c4","ts":"2026-08-23T16:34:32.392Z"}
{"level":"info","event":"session.content.screen.skipped_document_frame","sessionId":"149d6cc5f3f05b55fa7d24e4f1b37e59","agentName":"agentB","correlationId":"e6abba96-5305-4af6-bd75-1a363be5e8c4","ts":"2026-08-23T16:34:32.392Z"}
{"level":"info","event":"session.tree.appended","sessionId":"149d6cc5f3f05b55fa7d24e4f1b37e59","leafIndex":1,"newRootHex":"85f72bae7a0451152cbc132396394f42700553e8d814d58646f59cffb22deabd","correlationId":"e6abba96-5305-4af6-bd75-1a363be5e8c4","ts":"2026-08-23T16:34:32.392Z"}
{"level":"info","event":"session.document.received","sessionId":"149d6cc5f3f05b55fa7d24e4f1b37e59","senderPubkey":"52139395481b044d7eb51264d310ec92d5cd582920908bf939945bc36bfdc6b2","contentHashHex":"28174c7106f39d2892509dd6217f0b97fdee06c2da1e4bc7d764e19390ff5431","sequenceNumber":1,"kind":"proposal","correlationId":"e6abba96-5305-4af6-bd75-1a363be5e8c4","ts":"2026-08-23T16:34:32.392Z"}
{"level":"info","event":"document.proposal.received","documentId":"3639cd604b752b4927c15d49725818d76b9c16e560c90e71308a099329d51f89","proposerAgentId":"52139395481b044d7eb51264d310ec92d5cd582920908bf939945bc36bfdc6b2","ts":"2026-08-23T16:34:32.394Z"}
{"level":"info","event":"document.proposal.accepted","documentId":"3639cd604b752b4927c15d49725818d76b9c16e560c90e71308a099329d51f89","ts":"2026-08-23T16:34:32.397Z"}
{"level":"info","event":"document.replay.completed","envelopes":0,"applied":0,"ts":"2026-08-23T16:34:32.399Z"}
{"level":"info","event":"document.snapshot.rebuilt","documentId":"3639cd604b752b4927c15d49725818d76b9c16e560c90e71308a099329d51f89","envelopes":0,"withPayload":0,"ts":"2026-08-23T16:34:32.399Z"}
{"level":"info","event":"document.file.materialized","documentId":"3639cd604b752b4927c15d49725818d76b9c16e560c90e71308a099329d51f89","bytes":51,"ts":"2026-08-23T16:34:32.400Z"}
{"level":"info","event":"document.entry.recorded","documentId":"3639cd604b752b4927c15d49725818d76b9c16e560c90e71308a099329d51f89","entryHash":"bd782a4ea1cfa9c9d79495eb905282e16956a044a13d87ce0de1d7fd6c851d46","author":"92498b99cecdbe6fca1ec7520534ecd33814b60c82277518e18c81a43a36bdd2","authorSeq":1,"kind":"consent","ts":"2026-08-23T16:34:32.403Z"}
{"level":"info","event":"session.relay.hash.submitted","sessionId":"149d6cc5f3f05b55fa7d24e4f1b37e59","relaySequence":3,"leafIndex":2,"correlationId":"5f23d422-fc51-4c96-9006-d921bea4b6cc","ts":"2026-08-23T16:34:32.407Z"}
{"level":"info","event":"session.relay.leaf.delivered","sessionId":"149d6cc5f3f05b55fa7d24e4f1b37e59","sequenceNumber":3,"leafKind":4,"correlationId":"9a8d8240-866a-47d5-a626-000750dffaa8","ts":"2026-08-23T16:34:32.407Z"}
{"level":"info","event":"session.tree.appended","sessionId":"149d6cc5f3f05b55fa7d24e4f1b37e59","leafIndex":2,"newRootHex":"60193e1157a430ff8a9f03e9c597ebeb10be7856c20c9c27265c5be10f62d794","correlationId":"5f23d422-fc51-4c96-9006-d921bea4b6cc","ts":"2026-08-23T16:34:32.408Z"}
{"level":"info","event":"document.frame.sent","documentId":"3639cd604b752b4927c15d49725818d76b9c16e560c90e71308a099329d51f89","leafCommitted":true,"leafIndex":2,"sessionId":"149d6cc5f3f05b55fa7d24e4f1b37e59","sessionOpened":false,"bytes":836,"parked":false,"correlationId":"5f23d422-fc51-4c96-9006-d921bea4b6cc","ts":"2026-08-23T16:34:32.408Z"}
{"level":"info","event":"session.relay.hash.submitted","sessionId":"149d6cc5f3f05b55fa7d24e4f1b37e59","relaySequence":4,"leafIndex":3,"correlationId":"f3be3d8d-314d-43c4-9209-a1084b81fb71","ts":"2026-08-23T16:34:32.412Z"}
{"level":"info","event":"session.relay.leaf.delivered","sessionId":"149d6cc5f3f05b55fa7d24e4f1b37e59","sequenceNumber":4,"leafKind":4,"correlationId":"9a8d8240-866a-47d5-a626-000750dffaa8","ts":"2026-08-23T16:34:32.412Z"}
{"level":"info","event":"session.tree.appended","sessionId":"149d6cc5f3f05b55fa7d24e4f1b37e59","leafIndex":3,"newRootHex":"128f92b8c8b285ec1467a8475a1e1efd2123981f4273c8da93ca4c2b2e40906c","correlationId":"f3be3d8d-314d-43c4-9209-a1084b81fb71","ts":"2026-08-23T16:34:32.414Z"}
{"level":"info","event":"document.frame.sent","documentId":"3639cd604b752b4927c15d49725818d76b9c16e560c90e71308a099329d51f89","leafCommitted":true,"leafIndex":3,"sessionId":"149d6cc5f3f05b55fa7d24e4f1b37e59","sessionOpened":false,"bytes":327,"parked":false,"correlationId":"f3be3d8d-314d-43c4-9209-a1084b81fb71","ts":"2026-08-23T16:34:32.414Z"}
{"level":"info","event":"session.content.leaf_unresolved.fetch","agentName":"agentB","sessionId":"149d6cc5f3f05b55fa7d24e4f1b37e59","contentHash":"28174c7106f39d2892509dd6217f0b97fdee06c2da1e4bc7d764e19390ff5431","graceMs":2000,"impact":"the relay told us this message exists and its plaintext never arrived directly — fetching it now instead of waiting for the periodic sweep","ts":"2026-08-23T16:34:34.389Z"}: expected undefined to be true // Object.is equality
   × J-DOCUMENTS — two real daemons converge on one document (DOD-DOC-E2E-CONV-1) > a KILL reaches the peer over the real session and stops their document too 6153ms
     → the peer was never told about the kill: expected undefined to be true // Object.is equality
   × J-DOCUMENTS-OFFLINE — a change survives BOTH daemons restarting (DOD-DOC-E2E-OFFLINE-1) > publish while the peer is down, restart the SENDER, then the peer — the update lands with no agent action 4611ms
     → actual value must be number or bigint, received "undefined"
   ✓ J-DOCUMENTS-APPEND — append_only is enforced on the RECEIVER (DOD-DOC-E2E-APPEND-1) > an APPENDING update converges  7078ms
   ✓ J-DOCUMENTS-APPEND — append_only is enforced on the RECEIVER (DOD-DOC-E2E-APPEND-1) > a DELETING update is refused by the peer's gate and never lands  37067ms
   × J-DOCUMENTS-REJECT — a refused envelope seals, and both sides verify it (DOD-DOC-E2E-REJECT-1) > a quarantined update leaves a 0x05 leaf, and the session still seals to the same root on both sides 7162ms
     → expected false to be true // Object.is equality
   × J-DOCUMENTS-REJECT — a refused envelope seals, and both sides verify it (DOD-DOC-E2E-REJECT-1) > repeated refusals STALL the document rather than retrying forever 7600ms
     → the 4th supersession published even though the ceiling is 3 rounds: {"ok":false,"reason":"document_stalled","guidance":"this document stopped accepting updates. Two things set that state and they need different actions: the peer's gate REFUSED your updates repeatedly (look for document.rejection.received), or their daemon never CONFIRMED them at all (look for document.delivery.unacked_limit — that one may be a local fault, not theirs). Nothing was changed locally — an edit applied here could never be published or recovered, and would disappear the next time the daemon restarted."}: expected { ok: false, …(2) } to match object { ok: true, published: false, …(1) }
(1 matching property omitted from actual)
   ✓ J-DOCUMENTS-WRITE — the FILE round trip (DOD-DOC-E2E-WRITE-1) > edit the file → publish → the PEER'S FILE is rewritten, and both files match  8061ms
   ✓ J-DOCUMENTS-WRITE — the FILE round trip (DOD-DOC-E2E-WRITE-1) > a CONTENT write keeps the author's own file in step  5987ms
   ✓ J-DOCUMENTS-WRITE — the FILE round trip (DOD-DOC-E2E-WRITE-1) > an UNCHANGED file publishes nothing  6000ms
   × J-DOCUMENTS-TERMINAL — a REFUSED proposal settles its in-flight update (DOD-DOC-INBOUND-TERMINAL-1) > an update published before the refusal stops retrying once the peer says they have no such document 96159ms
     → A's update never settled — it is still queued for a peer that will never accept it.
--- A (sender) document log ---
{"level":"info","event":"security.gateway.spawned","pid":72097,"socketPath":"/var/folders/2q/t2k6pn7x0w1fv15vqyqqg7g80000gn/T/cello-terminalA-Ol9w3g/gateway.sock","ts":"2026-08-23T16:37:07.202Z"}
{"level":"info","event":"security.gateway.layer2","state":"off:no","ts":"2026-08-23T16:37:07.202Z"}
{"level":"info","event":"security.gateway.connected","mode":"enforcing","ts":"2026-08-23T16:37:07.207Z"}
{"level":"debug","event":"document.handlers.registered","verbs":["cello_doc_accept","cello_doc_close","cello_doc_diff","cello_doc_inbox","cello_doc_invite","cello_doc_kill","cello_doc_list","cello_doc_propose","cello_doc_publish","cello_doc_read","cello_doc_refuse","cello_doc_remove","cello_doc_watch","cello_doc_write"],"ts":"2026-08-23T16:37:07.233Z"}
{"level":"info","event":"session.relay.connected","relayPeerId":"12D3KooWJHzS2eCgjga1VqSnd6CKsmT5dqeWoVV1fd2E8YPdikGv","ts":"2026-08-23T16:37:08.715Z"}
{"level":"info","event":"session.relay.assignment.recorded","relayPeerId":"12D3KooWJHzS2eCgjga1VqSnd6CKsmT5dqeWoVV1fd2E8YPdikGv","sessionShort":"c3d73b165c57e486","ts":"2026-08-23T16:37:08.719Z"}
{"level":"info","event":"document.reconcile.reachable_trigger_fired","agentName":"agentA","trigger":"outbound_session_opened","peer":"46f44f0b7d98c074","ts":"2026-08-23T16:37:08.725Z"}
{"level":"info","event":"session.relay.leaf.delivered","sessionId":"c3d73b165c57e4862d313fdf9e204f41","sequenceNumber":1,"leafKind":0,"correlationId":"2c0d84a2-705c-418a-bfc9-37af4187c9a6","ts":"2026-08-23T16:37:08.736Z"}
{"level":"info","event":"session.content.ordering.recorded","sessionId":"c3d73b165c57e4862d313fdf9e204f41","canonicalSeq":0,"source":"content_frame","correlationId":"f75912d2-33ab-4f69-8dfa-916687afca33","ts":"2026-08-23T16:37:08.739Z"}
{"level":"info","event":"session.tree.appended","sessionId":"c3d73b165c57e4862d313fdf9e204f41","leafIndex":0,"newRootHex":"5930d04192e25ad6a69b73c4e612dfaaf38496a149b550a2a1e40bb9845bb604","correlationId":"f75912d2-33ab-4f69-8dfa-916687afca33","ts":"2026-08-23T16:37:08.742Z"}
{"level":"info","event":"session.content.received","sessionId":"c3d73b165c57e4862d313fdf9e204f41","senderPubkey":"46f44f0b7d98c074839f2f661e01eefb807cf10d2be2d4c8b65dcdbd01b6452e","contentHashHex":"5930d04192e25ad6a69b73c4e612dfaaf38496a149b550a2a1e40bb9845bb604","sequenceNumber":0,"correlationId":"f75912d2-33ab-4f69-8dfa-916687afca33","ts":"2026-08-23T16:37:08.742Z"}
{"level":"info","event":"document.replay.completed","envelopes":0,"applied":0,"ts":"2026-08-23T16:37:08.764Z"}
{"level":"info","event":"document.snapshot.rebuilt","documentId":"5481a9ee102fcebd1fc07904f7ff723d0a54797d2d65e084cec99d1068aecdbd","envelopes":0,"withPayload":0,"ts":"2026-08-23T16:37:08.764Z"}
{"level":"info","event":"document.file.materialized","documentId":"5481a9ee102fcebd1fc07904f7ff723d0a54797d2d65e084cec99d1068aecdbd","bytes":8,"ts":"2026-08-23T16:37:08.766Z"}
{"level":"info","event":"session.relay.hash.submitted","sessionId":"c3d73b165c57e4862d313fdf9e204f41","relaySequence":2,"leafIndex":1,"correlationId":"52d16b87-f9bb-498f-9acd-4085a87fe9f6","ts":"2026-08-23T16:37:08.770Z"}
{"level":"info","event":"session.relay.leaf.delivered","sessionId":"c3d73b165c57e4862d313fdf9e204f41","sequenceNumber":2,"leafKind":4,"correlationId":"2c0d84a2-705c-418a-bfc9-37af4187c9a6","ts":"2026-08-23T16:37:08.770Z"}
{"level":"info","event":"session.tree.appended","sessionId":"c3d73b165c57e4862d313fdf9e204f41","leafIndex":1,"newRootHex":"72db32a220007066b1f861ab38d17c5b3e8e53b3e00babfee237927bd73c97ab","correlationId":"52d16b87-f9bb-498f-9acd-4085a87fe9f6","ts":"2026-08-23T16:37:08.771Z"}
{"level":"info","event":"document.frame.sent","documentId":"5481a9ee102fcebd1fc07904f7ff723d0a54797d2d65e084cec99d1068aecdbd","leafCommitted":true,"leafIndex":1,"sessionId":"c3d73b165c57e4862d313fdf9e204f41","sessionOpened":false,"bytes":629,"parked":false,"correlationId":"52d16b87-f9bb-498f-9acd-4085a87fe9f6","ts":"2026-08-23T16:37:08.771Z"}
{"level":"info","event":"document.proposal.sent","documentId":"5481a9ee102fcebd1fc07904f7ff723d0a54797d2d65e084cec99d1068aecdbd","peerAgentId":"46f44f0b7d98c074839f2f661e01eefb807cf10d2be2d4c8b65dcdbd01b6452e","sent":true,"correlationId":"52d16b87-f9bb-498f-9acd-4085a87fe9f6","ts":"2026-08-23T16:37:08.771Z"}
{"level":"info","event":"document.published","documentId":"5481a9ee102fcebd1fc07904f7ff723d0a54797d2d65e084cec99d1068aecdbd","envelopeHash":"79b658448ac470e02bc1f8e0947f2b7e9f7272ab79f2504368365ffd0221b87b","bytes":51,"senderClientId":3904939356,"ts":"2026-08-23T16:37:08.774Z"}
{"level":"info","event":"document.file.materialized","documentId":"5481a9ee102fcebd1fc07904f7ff723d0a54797d2d65e084cec99d1068aecdbd","bytes":24,"ts":"2026-08-23T16:37:08.776Z"}
{"level":"info","event":"session.relay.hash.submitted","sessionId":"c3d73b165c57e4862d313fdf9e204f41","relaySequence":3,"leafIndex":2,"correlationId":"e20108f7-c8c5-4a58-9580-bf203b3816ce","ts":"2026-08-23T16:37:08.777Z"}
{"level":"info","event":"session.relay.leaf.delivered","sessionId":"c3d73b165c57e4862d313fdf9e204f41","sequenceNumber":3,"leafKind":4,"correlationId":"2c0d84a2-705c-418a-bfc9-37af4187c9a6","ts":"2026-08-23T16:37:08.777Z"}
{"level":"info","event":"session.tree.appended","sessionId":"c3d73b165c57e4862d313fdf9e204f41","leafIndex":2,"newRootHex":"e3e6b7229989d88a4dc2708ddfa32381bf48600556b75fe6089ef435bf3ec82f","correlationId":"e20108f7-c8c5-4a58-9580-bf203b3816ce","ts":"2026-08-23T16:37:08.779Z"}
{"level":"info","event":"document.frame.sent","documentId":"ack","leafCommitted":true,"leafIndex":2,"sessionId":"c3d73b165c57e4862d313fdf9e204f41","sessionOpened":false,"bytes":346,"parked":false,"correlationId":"e20108f7-c8c5-4a58-9580-bf203b3816ce","ts":"2026-08-23T16:37:08.779Z"}
{"level":"info","event":"document.reconcile.initiated","peerAgentId":"46f44f0b7d98c074839f2f661e01eefb807cf10d2be2d4c8b65dcdbd01b6452e","documents":1,"ts":"2026-08-23T16:37:08.779Z"}
{"level":"info","event":"session.relay.leaf.delivered","sessionId":"c3d73b165c57e4862d313fdf9e204f41","sequenceNumber":4,"leafKind":4,"correlationId":"2c0d84a2-705c-418a-bfc9-37af4187c9a6","ts":"2026-08-23T16:37:08.780Z"}
{"level":"info","event":"session.content.ordering.recorded","sessionId":"c3d73b165c57e4862d313fdf9e204f41","canonicalSeq":3,"source":"content_frame","correlationId":"f2e63fbf-c3e9-44e7-aec1-a2fe17b33dee","ts":"2026-08-23T16:37:08.785Z"}
{"level":"info","event":"session.content.screen.skipped_document_frame","sessionId":"c3d73b165c57e4862d313fdf9e204f41","agentName":"agentA","correlationId":"f2e63fbf-c3e9-44e7-aec1-a2fe17b33dee","ts":"2026-08-23T16:37:08.785Z"}
{"level":"info","event":"session.tree.appended","sessionId":"c3d73b165c57e4862d313fdf9e204f41","leafIndex":3,"newRootHex":"db763d1370649ab5b9664810e7ac8fa249dded9bbde5973fd76ffe4083cd959e","correlationId":"f2e63fbf-c3e9-44e7-aec1-a2fe17b33dee","ts":"2026-08-23T16:37:08.786Z"}
{"level":"info","event":"session.document.received","sessionId":"c3d73b165c57e4862d313fdf9e204f41","senderPubkey":"46f44f0b7d98c074839f2f661e01eefb807cf10d2be2d4c8b65dcdbd01b6452e","contentHashHex":"f2a179bc1a56e19342718f7f80303591addbe9d3815b69eb82a673ae728c83f4","sequenceNumber":3,"kind":"proposal_ack","correlationId":"f2e63fbf-c3e9-44e7-aec1-a2fe17b33dee","ts":"2026-08-23T16:37:08.786Z"}
{"level":"info","event":"document.proposal.answered","documentId":"5481a9ee102fcebd1fc07904f7ff723d0a54797d2d65e084cec99d1068aecdbd","accepted":false,"reason":"wrong document","ts":"2026-08-23T16:37:08.787Z"}
{"level":"info","event":"session.relay.leaf.delivered","sessionId":"c3d73b165c57e4862d313fdf9e204f41","sequenceNumber":5,"leafKind":4,"correlationId":"2c0d84a2-705c-418a-bfc9-37af4187c9a6","ts":"2026-08-23T16:37:08.787Z"}
{"level":"info","event":"session.content.ordering.recorded","sessionId":"c3d73b165c57e4862d313fdf9e204f41","canonicalSeq":4,"source":"content_frame","correlationId":"0607d9df-0d58-42cd-bc71-d798e263e03c","ts":"2026-08-23T16:37:08.789Z"}
{"level":"info","event":"session.content.screen.skipped_document_frame","sessionId":"c3d73b165c57e4862d313fdf9e204f41","agentName":"agentA","correlationId":"0607d9df-0d58-42cd-bc71-d798e263e03c","ts":"2026-08-23T16:37:08.789Z"}
{"level":"info","event":"session.tree.appended","sessionId":"c3d73b165c57e4862d313fdf9e204f41","leafIndex":4,"newRootHex":"1ac970112f04bbec61b2ec1b7951bf53bd7e1ab350ac7b473190f48c18a38d1a","correlationId":"0607d9df-0d58-42cd-bc71-d798e263e03c","ts":"2026-08-23T16:37:08.789Z"}
{"level":"info","event":"session.document.received","sessionId":"c3d73b165c57e4862d313fdf9e204f41","senderPubkey":"46f44f0b7d98c074839f2f661e01eefb807cf10d2be2d4c8b65dcdbd01b6452e","contentHashHex":"6ab54dbd6b135e0da9cc691dd2ffe71d70158018072169992c0658126eb9e172","sequenceNumber":4,"kind":"reconcile","correlationId":"0607d9df-0d58-42cd-bc71-d798e263e03c","ts":"2026-08-23T16:37:08.789Z"}
{"level":"info","event":"session.relay.hash.submitted","sessionId":"c3d73b165c57e4862d313fdf9e204f41","relaySequence":6,"leafIndex":5,"correlationId":"b79f8139-4f32-4c35-a021-fc7428feab7f","ts":"2026-08-23T16:37:08.793Z"}
{"level":"info","event":"session.relay.leaf.delivered","sessionId":"c3d73b165c57e4862d313fdf9e204f41","sequenceNumber":6,"leafKind":4,"correlationId":"2c0d84a2-705c-418a-bfc9-37af4187c9a6","ts":"2026-08-23T16:37:08.794Z"}
{"level":"info","event":"session.tree.appended","sessionId":"c3d73b165c57e4862d313fdf9e204f41","leafIndex":5,"newRootHex":"a5119e52e113c8a6ec05ad9d96c4eba761a72453d4af67f9df0afefb3bb5542d","correlationId":"b79f8139-4f32-4c35-a021-fc7428feab7f","ts":"2026-08-23T16:37:08.794Z"}
{"level":"info","event":"document.frame.sent","documentId":"ack","leafCommitted":true,"leafIndex":5,"sessionId":"c3d73b165c57e4862d313fdf9e204f41","sessionOpened":false,"bytes":1412,"parked":false,"correlationId":"b79f8139-4f32-4c35-a021-fc7428feab7f","ts":"2026-08-23T16:37:08.795Z"}
{"level":"info","event":"session.content.leaf_unresolved.fetch","agentName":"agentA","sessionId":"c3d73b165c57e4862d313fdf9e204f41","contentHash":"f2a179bc1a56e19342718f7f80303591addbe9d3815b69eb82a673ae728c83f4","graceMs":2000,"impact":"the relay told us this message exists and its plaintext never arrived directly — fetching it now instead of waiting for the periodic sweep","ts":"2026-08-23T16:37:10.781Z"}
{"level":"info","event":"session.content.leaf_unresolved.fetch","agentName":"agentA","sessionId":"c3d73b165c57e4862d313fdf9e204f41","contentHash":"6ab54dbd6b135e0da9cc691dd2ffe71d70158018072169992c0658126eb9e172","graceMs":2000,"impact":"the relay told us this message exists and its plaintext never arrived directly — fetching it now instead of waiting for the periodic sweep","ts":"2026-08-23T16:37:10.787Z"}
--- B (receiver) document log ---
{"level":"info","event":"security.gateway.spawned","pid":72099,"socketPath":"/var/folders/2q/t2k6pn7x0w1fv15vqyqqg7g80000gn/T/cello-terminalB-7ftNlm/gateway.sock","ts":"2026-08-23T16:37:07.614Z"}
{"level":"info","event":"security.gateway.layer2","state":"off:no","ts":"2026-08-23T16:37:07.614Z"}
{"level":"info","event":"security.gateway.connected","mode":"enforcing","ts":"2026-08-23T16:37:07.619Z"}
{"level":"debug","event":"document.handlers.registered","verbs":["cello_doc_accept","cello_doc_close","cello_doc_diff","cello_doc_inbox","cello_doc_invite","cello_doc_kill","cello_doc_list","cello_doc_propose","cello_doc_publish","cello_doc_read","cello_doc_refuse","cello_doc_remove","cello_doc_watch","cello_doc_write"],"ts":"2026-08-23T16:37:07.646Z"}
{"level":"info","event":"session.relay.connected","relayPeerId":"12D3KooWJHzS2eCgjga1VqSnd6CKsmT5dqeWoVV1fd2E8YPdikGv","ts":"2026-08-23T16:37:08.716Z"}
{"level":"info","event":"document.reconcile.reachable_trigger_fired","agentName":"agentB","trigger":"inbound_session_created","peer":"991496f2287730a2","ts":"2026-08-23T16:37:08.717Z"}
{"level":"info","event":"session.relay.assignment.recorded","relayPeerId":"12D3KooWJHzS2eCgjga1VqSnd6CKsmT5dqeWoVV1fd2E8YPdikGv","sessionShort":"c3d73b165c57e486","ts":"2026-08-23T16:37:08.720Z"}
{"level":"info","event":"session.relay.hash.submitted","sessionId":"c3d73b165c57e4862d313fdf9e204f41","relaySequence":1,"leafIndex":0,"correlationId":"f75912d2-33ab-4f69-8dfa-916687afca33","ts":"2026-08-23T16:37:08.737Z"}
{"level":"info","event":"session.relay.leaf.delivered","sessionId":"c3d73b165c57e4862d313fdf9e204f41","sequenceNumber":1,"leafKind":0,"correlationId":"22a75146-ae25-4c9c-bc62-47f67e666a01","ts":"2026-08-23T16:37:08.738Z"}
{"level":"info","event":"session.tree.appended","sessionId":"c3d73b165c57e4862d313fdf9e204f41","leafIndex":0,"newRootHex":"5930d04192e25ad6a69b73c4e612dfaaf38496a149b550a2a1e40bb9845bb604","correlationId":"f75912d2-33ab-4f69-8dfa-916687afca33","ts":"2026-08-23T16:37:08.738Z"}
{"level":"info","event":"session.content.sent","sessionId":"c3d73b165c57e4862d313fdf9e204f41","recipientPubkey":"991496f2287730a211019ecb8d760d95036c2b0cedd27d4e9716fc6408ef0070","contentHashHex":"5930d04192e25ad6a69b73c4e612dfaaf38496a149b550a2a1e40bb9845bb604","sequenceNumber":0,"correlationId":"f75912d2-33ab-4f69-8dfa-916687afca33","ts":"2026-08-23T16:37:08.738Z"}
{"level":"info","event":"session.relay.leaf.delivered","sessionId":"c3d73b165c57e4862d313fdf9e204f41","sequenceNumber":2,"leafKind":4,"correlationId":"22a75146-ae25-4c9c-bc62-47f67e666a01","ts":"2026-08-23T16:37:08.769Z"}
{"level":"info","event":"session.content.ordering.recorded","sessionId":"c3d73b165c57e4862d313fdf9e204f41","canonicalSeq":1,"source":"content_frame","correlationId":"52d16b87-f9bb-498f-9acd-4085a87fe9f6","ts":"2026-08-23T16:37:08.772Z"}
{"level":"info","event":"session.content.screen.skipped_document_frame","sessionId":"c3d73b165c57e4862d313fdf9e204f41","agentName":"agentB","correlationId":"52d16b87-f9bb-498f-9acd-4085a87fe9f6","ts":"2026-08-23T16:37:08.773Z"}
{"level":"info","event":"session.tree.appended","sessionId":"c3d73b165c57e4862d313fdf9e204f41","leafIndex":1,"newRootHex":"72db32a220007066b1f861ab38d17c5b3e8e53b3e00babfee237927bd73c97ab","correlationId":"52d16b87-f9bb-498f-9acd-4085a87fe9f6","ts":"2026-08-23T16:37:08.773Z"}
{"level":"info","event":"session.document.received","sessionId":"c3d73b165c57e4862d313fdf9e204f41","senderPubkey":"991496f2287730a211019ecb8d760d95036c2b0cedd27d4e9716fc6408ef0070","contentHashHex":"e65166a011f92fc8fa9e81c33730e5f3a6c641cf81f4c05646d4e0b7ca8a69d9","sequenceNumber":1,"kind":"proposal","correlationId":"52d16b87-f9bb-498f-9acd-4085a87fe9f6","ts":"2026-08-23T16:37:08.773Z"}
{"level":"info","event":"document.proposal.received","documentId":"5481a9ee102fcebd1fc07904f7ff723d0a54797d2d65e084cec99d1068aecdbd","proposerAgentId":"991496f2287730a211019ecb8d760d95036c2b0cedd27d4e9716fc6408ef0070","ts":"2026-08-23T16:37:08.775Z"}
{"level":"info","event":"session.relay.leaf.delivered","sessionId":"c3d73b165c57e4862d313fdf9e204f41","sequenceNumber":3,"leafKind":4,"correlationId":"22a75146-ae25-4c9c-bc62-47f67e666a01","ts":"2026-08-23T16:37:08.776Z"}
{"level":"info","event":"document.proposal.refused","documentId":"5481a9ee102fcebd1fc07904f7ff723d0a54797d2d65e084cec99d1068aecdbd","reason":"wrong document","autoRefused":false,"ts":"2026-08-23T16:37:08.778Z"}
{"level":"info","event":"session.content.ordering.recorded","sessionId":"c3d73b165c57e4862d313fdf9e204f41","canonicalSeq":2,"source":"content_frame","correlationId":"e20108f7-c8c5-4a58-9580-bf203b3816ce","ts":"2026-08-23T16:37:08.780Z"}
{"level":"info","event":"session.content.screen.skipped_document_frame","sessionId":"c3d73b165c57e4862d313fdf9e204f41","agentName":"agentB","correlationId":"e20108f7-c8c5-4a58-9580-bf203b3816ce","ts":"2026-08-23T16:37:08.781Z"}
{"level":"info","event":"session.tree.appended","sessionId":"c3d73b165c57e4862d313fdf9e204f41","leafIndex":2,"newRootHex":"e3e6b7229989d88a4dc2708ddfa32381bf48600556b75fe6089ef435bf3ec82f","correlationId":"e20108f7-c8c5-4a58-9580-bf203b3816ce","ts":"2026-08-23T16:37:08.781Z"}
{"level":"info","event":"session.document.received","sessionId":"c3d73b165c57e4862d313fdf9e204f41","senderPubkey":"991496f2287730a211019ecb8d760d95036c2b0cedd27d4e9716fc6408ef0070","contentHashHex":"45d1a35844ebaff50736ed940bda819612492c712e1768c2fa428a8d8be51165","sequenceNumber":2,"kind":"reconcile","correlationId":"e20108f7-c8c5-4a58-9580-bf203b3816ce","ts":"2026-08-23T16:37:08.781Z"}
{"level":"info","event":"document.reconcile.notice_received","documentId":"5481a9ee102fcebd1fc07904f7ff723d0a54797d2d65e084cec99d1068aecdbd","viaAgentId":"991496f2287730a211019ecb8d760d95036c2b0cedd27d4e9716fc6408ef0070","correlationId":"e20108f7-c8c5-4a58-9580-bf203b3816ce","ts":"2026-08-23T16:37:08.781Z"}
{"level":"info","event":"session.relay.hash.submitted","sessionId":"c3d73b165c57e4862d313fdf9e204f41","relaySequence":4,"leafIndex":3,"correlationId":"f2e63fbf-c3e9-44e7-aec1-a2fe17b33dee","ts":"2026-08-23T16:37:08.783Z"}
{"level":"info","event":"session.relay.leaf.delivered","sessionId":"c3d73b165c57e4862d313fdf9e204f41","sequenceNumber":4,"leafKind":4,"correlationId":"22a75146-ae25-4c9c-bc62-47f67e666a01","ts":"2026-08-23T16:37:08.783Z"}
{"level":"info","event":"session.tree.appended","sessionId":"c3d73b165c57e4862d313fdf9e204f41","leafIndex":3,"newRootHex":"db763d1370649ab5b9664810e7ac8fa249dded9bbde5973fd76ffe4083cd959e","correlationId":"f2e63fbf-c3e9-44e7-aec1-a2fe17b33dee","ts":"2026-08-23T16:37:08.784Z"}
{"level":"info","event":"document.frame.sent","documentId":"5481a9ee102fcebd1fc07904f7ff723d0a54797d2d65e084cec99d1068aecdbd","leafCommitted":true,"leafIndex":3,"sessionId":"c3d73b165c57e4862d313fdf9e204f41","sessionOpened":false,"bytes":341,"parked":false,"correlationId":"f2e63fbf-c3e9-44e7-aec1-a2fe17b33dee","ts":"2026-08-23T16:37:08.784Z"}
{"level":"info","event":"session.relay.hash.submitted","sessionId":"c3d73b165c57e4862d313fdf9e204f41","relaySequence":5,"leafIndex":4,"correlationId":"0607d9df-0d58-42cd-bc71-d798e263e03c","ts":"2026-08-23T16:37:08.786Z"}
{"level":"info","event":"session.relay.leaf.delivered","sessionId":"c3d73b165c57e4862d313fdf9e204f41","sequenceNumber":5,"leafKind":4,"correlationId":"22a75146-ae25-4c9c-bc62-47f67e666a01","ts":"2026-08-23T16:37:08.786Z"}
{"level":"info","event":"session.tree.appended","sessionId":"c3d73b165c57e4862d313fdf9e204f41","leafIndex":4,"newRootHex":"1ac970112f04bbec61b2ec1b7951bf53bd7e1ab350ac7b473190f48c18a38d1a","correlationId":"0607d9df-0d58-42cd-bc71-d798e263e03c","ts":"2026-08-23T16:37:08.788Z"}
{"level":"info","event":"document.frame.sent","documentId":"ack","leafCommitted":true,"leafIndex":4,"sessionId":"c3d73b165c57e4862d313fdf9e204f41","sessionOpened":false,"bytes":187,"parked":false,"correlationId":"0607d9df-0d58-42cd-bc71-d798e263e03c","ts":"2026-08-23T16:37:08.788Z"}
{"level":"info","event":"session.relay.leaf.delivered","sessionId":"c3d73b165c57e4862d313fdf9e204f41","sequenceNumber":6,"leafKind":4,"correlationId":"22a75146-ae25-4c9c-bc62-47f67e666a01","ts":"2026-08-23T16:37:08.792Z"}
{"level":"info","event":"session.content.ordering.recorded","sessionId":"c3d73b165c57e4862d313fdf9e204f41","canonicalSeq":5,"source":"content_frame","correlationId":"b79f8139-4f32-4c35-a021-fc7428feab7f","ts":"2026-08-23T16:37:08.795Z"}
{"level":"info","event":"session.content.screen.skipped_document_frame","sessionId":"c3d73b165c57e4862d313fdf9e204f41","agentName":"agentB","correlationId":"b79f8139-4f32-4c35-a021-fc7428feab7f","ts":"2026-08-23T16:37:08.796Z"}
{"level":"info","event":"session.tree.appended","sessionId":"c3d73b165c57e4862d313fdf9e204f41","leafIndex":5,"newRootHex":"a5119e52e113c8a6ec05ad9d96c4eba761a72453d4af67f9df0afefb3bb5542d","correlationId":"b79f8139-4f32-4c35-a021-fc7428feab7f","ts":"2026-08-23T16:37:08.796Z"}
{"level":"info","event":"session.document.received","sessionId":"c3d73b165c57e4862d313fdf9e204f41","senderPubkey":"991496f2287730a211019ecb8d760d95036c2b0cedd27d4e9716fc6408ef0070","contentHashHex":"4e42f6b02f786f5d41f4c08c28d86b05f103f09b3b0ac6da3092070566743d42","sequenceNumber":5,"kind":"reconcile","correlationId":"b79f8139-4f32-4c35-a021-fc7428feab7f","ts":"2026-08-23T16:37:08.796Z"}
{"level":"info","event":"document.reconcile.joined","documentId":"5481a9ee102fcebd1fc07904f7ff723d0a54797d2d65e084cec99d1068aecdbd","viaAgentId":"991496f2287730a211019ecb8d760d95036c2b0cedd27d4e9716fc6408ef0070","correlationId":"b79f8139-4f32-4c35-a021-fc7428feab7f","ts":"2026-08-23T16:37:08.797Z"}
{"level":"info","event":"document.replay.completed","envelopes":0,"applied":0,"ts":"2026-08-23T16:37:08.800Z"}
{"level":"info","event":"document.snapshot.rebuilt","documentId":"5481a9ee102fcebd1fc07904f7ff723d0a54797d2d65e084cec99d1068aecdbd","envelopes":0,"withPayload":0,"ts":"2026-08-23T16:37:08.800Z"}
{"level":"info","event":"document.update.admitted","documentId":"5481a9ee102fcebd1fc07904f7ff723d0a54797d2d65e084cec99d1068aecdbd","senderAgentId":"991496f2287730a211019ecb8d760d95036c2b0cedd27d4e9716fc6408ef0070","insertedChars":25,"deletedChars":0,"ts":"2026-08-23T16:37:08.802Z"}
{"level":"info","event":"document.inbound.admitted","documentId":"5481a9ee102fcebd1fc07904f7ff723d0a54797d2d65e084cec99d1068aecdbd","senderAgentId":"991496f2287730a211019ecb8d760d95036c2b0cedd27d4e9716fc6408ef0070","envelopeHash":"79b658448ac470e02bc1f8e0947f2b7e9f7272ab79f2504368365ffd0221b87b","correlationId":"b79f8139-4f32-4c35-a021-fc7428feab7f","ts":"2026-08-23T16:37:08.804Z"}
{"level":"info","event":"document.file.materialized","documentId":"5481a9ee102fcebd1fc07904f7ff723d0a54797d2d65e084cec99d1068aecdbd","bytes":24,"ts":"2026-08-23T16:37:08.806Z"}
{"level":"info","event":"session.content.leaf_unresolved.fetch","agentName":"agentB","sessionId":"c3d73b165c57e4862d313fdf9e204f41","contentHash":"e65166a011f92fc8fa9e81c33730e5f3a6c641cf81f4c05646d4e0b7ca8a69d9","graceMs":2000,"impact":"the relay told us this message exists and its plaintext never arrived directly — fetching it now instead of waiting for the periodic sweep","ts":"2026-08-23T16:37:10.770Z"}
{"level":"info","event":"session.content.leaf_unresolved.fetch","agentName":"agentB","sessionId":"c3d73b165c57e4862d313fdf9e204f41","contentHash":"45d1a35844ebaff50736ed940bda819612492c712e1768c2fa428a8d8be51165","graceMs":2000,"impact":"the relay told us this message exists and its plaintext never arrived directly — fetching it now instead of waiting for the periodic sweep","ts":"2026-08-23T16:37:10.778Z"}
{"level":"info","event":"session.content.leaf_unresolved.fetch","agentName":"agentB","sessionId":"c3d73b165c57e4862d313fdf9e204f41","contentHash":"4e42f6b02f786f5d41f4c08c28d86b05f103f09b3b0ac6da3092070566743d42","graceMs":2000,"impact":"the relay told us this message exists and its plaintext never arrived directly — fetching it now instead of waiting for the periodic sweep","ts":"2026-08-23T16:37:10.793Z"}: expected undefined to be +0 // Object.is equality
   × J-DOCUMENTS-NOCHAT — co-editing with NO conversation open (DOD-DOC-E2E-NOCHAT-1) > a published update is ACKNOWLEDGED when the delivery worker had to open the session itself 96414ms
     → B's copy with no conversation open never converged: expected '# Shared\n\nline one\n' to be '# Shared\n\nline one\nline two from A…' // Object.is equality
--- A (sender) document log ---
{"level":"info","event":"security.gateway.spawned","pid":72153,"socketPath":"/var/folders/2q/t2k6pn7x0w1fv15vqyqqg7g80000gn/T/cello-nochatA-9lsgln/gateway.sock","ts":"2026-08-23T16:38:43.364Z"}
{"level":"info","event":"security.gateway.layer2","state":"off:no","ts":"2026-08-23T16:38:43.364Z"}
{"level":"info","event":"security.gateway.connected","mode":"enforcing","ts":"2026-08-23T16:38:43.368Z"}
{"level":"debug","event":"document.handlers.registered","verbs":["cello_doc_accept","cello_doc_close","cello_doc_diff","cello_doc_inbox","cello_doc_invite","cello_doc_kill","cello_doc_list","cello_doc_propose","cello_doc_publish","cello_doc_read","cello_doc_refuse","cello_doc_remove","cello_doc_watch","cello_doc_write"],"ts":"2026-08-23T16:38:43.395Z"}
{"level":"info","event":"document.replay.completed","envelopes":0,"applied":0,"ts":"2026-08-23T16:38:44.794Z"}
{"level":"info","event":"document.snapshot.rebuilt","documentId":"d5ba75e32fb503fe1500373b40cfd437abd6a1108844a330657eb9af28c3cfe0","envelopes":0,"withPayload":0,"ts":"2026-08-23T16:38:44.794Z"}
{"level":"info","event":"document.file.materialized","documentId":"d5ba75e32fb503fe1500373b40cfd437abd6a1108844a330657eb9af28c3cfe0","bytes":19,"ts":"2026-08-23T16:38:44.796Z"}
{"level":"info","event":"session.relay.connected","relayPeerId":"12D3KooWJHzS2eCgjga1VqSnd6CKsmT5dqeWoVV1fd2E8YPdikGv","ts":"2026-08-23T16:38:44.850Z"}
{"level":"info","event":"session.relay.assignment.recorded","relayPeerId":"12D3KooWJHzS2eCgjga1VqSnd6CKsmT5dqeWoVV1fd2E8YPdikGv","sessionShort":"383f729f6566be4c","ts":"2026-08-23T16:38:44.854Z"}
{"level":"debug","event":"document.reconcile.reachable_trigger_skipped","agentName":"agentA","reason":"session_opened_by_document_delivery","ts":"2026-08-23T16:38:44.861Z"}
{"level":"info","event":"document.delivery.session_opened","agent":"agentA","peerAgentId":"fed542de955078ab7ea3f53449f237271c9ccbd8bef905175992efbe6b324429","sessionId":"383f729f6566be4cc622994c67dae2c0","correlationId":"6c042ad3-3aec-43d0-b2ed-c2b832a0f0f1","ts":"2026-08-23T16:38:44.861Z"}
{"level":"info","event":"session.relay.hash.submitted","sessionId":"383f729f6566be4cc622994c67dae2c0","relaySequence":1,"leafIndex":0,"correlationId":"6c042ad3-3aec-43d0-b2ed-c2b832a0f0f1","ts":"2026-08-23T16:38:44.869Z"}
{"level":"info","event":"session.relay.leaf.delivered","sessionId":"383f729f6566be4cc622994c67dae2c0","sequenceNumber":1,"leafKind":4,"correlationId":"8efc66e8-45bb-4098-b4f8-83843ed57586","ts":"2026-08-23T16:38:44.870Z"}
{"level":"info","event":"session.tree.appended","sessionId":"383f729f6566be4cc622994c67dae2c0","leafIndex":0,"newRootHex":"0fcbce1b0917a57dc39714ef84e09b772f1f40b79e259f6c625dfd45b2a7622a","correlationId":"6c042ad3-3aec-43d0-b2ed-c2b832a0f0f1","ts":"2026-08-23T16:38:44.870Z"}
{"level":"info","event":"document.frame.sent","documentId":"d5ba75e32fb503fe1500373b40cfd437abd6a1108844a330657eb9af28c3cfe0","leafCommitted":true,"leafIndex":0,"sessionId":"383f729f6566be4cc622994c67dae2c0","sessionOpened":true,"bytes":640,"parked":false,"correlationId":"6c042ad3-3aec-43d0-b2ed-c2b832a0f0f1","ts":"2026-08-23T16:38:44.870Z"}
{"level":"info","event":"session.relay.leaf.delivered","sessionId":"383f729f6566be4cc622994c67dae2c0","sequenceNumber":2,"leafKind":2,"correlationId":"8efc66e8-45bb-4098-b4f8-83843ed57586","ts":"2026-08-23T16:38:44.874Z"}
{"level":"info","event":"session.relay.leaf.delivered","sessionId":"383f729f6566be4cc622994c67dae2c0","sequenceNumber":3,"leafKind":2,"correlationId":"8efc66e8-45bb-4098-b4f8-83843ed57586","ts":"2026-08-23T16:38:44.876Z"}
{"level":"info","event":"document.proposal.sent","documentId":"d5ba75e32fb503fe1500373b40cfd437abd6a1108844a330657eb9af28c3cfe0","peerAgentId":"fed542de955078ab7ea3f53449f237271c9ccbd8bef905175992efbe6b324429","sent":true,"correlationId":"6c042ad3-3aec-43d0-b2ed-c2b832a0f0f1","ts":"2026-08-23T16:38:44.932Z"}
{"level":"info","event":"session.relay.connected","relayPeerId":"12D3KooWJHzS2eCgjga1VqSnd6CKsmT5dqeWoVV1fd2E8YPdikGv","ts":"2026-08-23T16:38:44.992Z"}
{"level":"info","event":"document.reconcile.reachable_trigger_fired","agentName":"agentA","trigger":"inbound_session_created","peer":"fed542de955078ab","ts":"2026-08-23T16:38:44.992Z"}
{"level":"info","event":"session.content.unsalted","agentName":"agentA","sessionId":"51d376cd664af54ebe08c962305b3463","reason":"no_agreement_started","impact":"this session hashes its messages the way every build before this feature did. Nothing is degraded relative to any shipped release and no message is affected — it only means a relay holding the hashes could confirm a guess at a short message in THIS conversation, which a salt would have prevented.","guidance":"Your counterparty was not connected when you sent this, so there was nobody to agree a salt with — most often they are simply offline and this message is going to their relay mailbox. Nothing is wrong with either build. The agreement only runs at session open, so this session stays unsalted even after they come online; a session started while you are both connected will be salted.","ts":"2026-08-23T16:38:44.994Z"}
{"level":"info","event":"session.relay.assignment.recorded","relayPeerId":"12D3KooWJHzS2eCgjga1VqSnd6CKsmT5dqeWoVV1fd2E8YPdikGv","sessionShort":"51d376cd664af54e","ts":"2026-08-23T16:38:44.995Z"}
{"level":"info","event":"session.relay.hash.submitted","sessionId":"51d376cd664af54ebe08c962305b3463","relaySequence":1,"leafIndex":0,"correlationId":"72ba632e-64e8-4d07-b552-631da9bb359b","ts":"2026-08-23T16:38:45.000Z"}
{"level":"info","event":"session.relay.leaf.delivered","sessionId":"51d376cd664af54ebe08c962305b3463","sequenceNumber":1,"leafKind":4,"correlationId":"b6a751b4-f711-4a6f-a9a7-d4e485f21a65","ts":"2026-08-23T16:38:45.000Z"}
{"level":"warn","event":"session.content.direct.send.failed","agentName":"agentA","sessionId":"51d376cd664af54ebe08c962305b3463","contentHash":"f9a3f2fe292e2103e5deb5de3ddd71150f7f1952e918b920363456bec92a206d","counterpartySessionPeerId":"12D3KooWACGDBzuzmeNWXWFrb1WNa1NMaYRadPaRKoDPCVqeBUM2","error":"[object Object]","contentStreamsInbound":0,"contentStreamsOutbound":0,"contentStreamsInboundCap":512,"correlationId":"72ba632e-64e8-4d07-b552-631da9bb359b","ts":"2026-08-23T16:38:45.001Z"}
{"level":"warn","event":"document.reconcile.sweep_attempt_failed","peerAgentId":"fed542de955078ab7ea3f53449f237271c9ccbd8bef905175992efbe6b324429","documents":1,"reason":"session_stream_unavailable","ts":"2026-08-23T16:38:45.003Z"}
{"level":"info","event":"session.relay.leaf.delivered","sessionId":"51d376cd664af54ebe08c962305b3463","sequenceNumber":2,"leafKind":4,"correlationId":"b6a751b4-f711-4a6f-a9a7-d4e485f21a65","ts":"2026-08-23T16:38:45.010Z"}
{"level":"info","event":"session.content.ordering.recorded","sessionId":"51d376cd664af54ebe08c962305b3463","canonicalSeq":1,"source":"content_frame","correlationId":"d405bb4b-9bb5-438e-8eff-64efb38ab138","ts":"2026-08-23T16:38:45.013Z"}
{"level":"error","event":"session.content.cross_check.failed","sessionId":"51d376cd664af54ebe08c962305b3463","correlationId":"d405bb4b-9bb5-438e-8eff-64efb38ab138","reason":"content_hash_salt_unavailable","declaredAlg":"hmac-sha256-salt-v1","detail":"CONTENT HASH: hmac-sha256-salt-v1 was requested with no session salt. Refusing rather than computing the unsalted form — that would put bytes on the wire under a label they do not match, and the peer would report a tamper on a message nobody touched.","impact":"this message could not be verified — the sender says it is salted and this side holds no salt for the session — so it was NOT ingested and NOT shown. This session will not auto-co-sign at close.","guidance":"Look for session.salt.adoption.refused first: if it is there, this side declined the salt because the session had already hashed messages, that is permanent for this session, and reconnecting will NOT fix it — close the session and start a new one. Otherwise look for session.salt.read.failed or session.salt.persist.failed. If either is present the agreement re-runs on the next reconnect and this repairs itself — wait for that before doing anything. If none of the three is present, the agreement never completed with this counterparty: close the session and start a new one. In every case the transcript up to here is intact.","ts":"2026-08-23T16:38:45.013Z"}
{"level":"info","event":"session.relay.leaf.delivered","sessionId":"51d376cd664af54ebe08c962305b3463","sequenceNumber":3,"leafKind":4,"correlationId":"b6a751b4-f711-4a6f-a9a7-d4e485f21a65","ts":"2026-08-23T16:38:45.017Z"}
{"level":"info","event":"session.content.ordering.recorded","sessionId":"51d376cd664af54ebe08c962305b3463","canonicalSeq":2,"source":"content_frame","correlationId":"e851a7d5-ee04-4724-a01b-92b2d215be3d","ts":"2026-08-23T16:38:45.019Z"}
{"level":"error","event":"session.content.cross_check.failed","sessionId":"51d376cd664af54ebe08c962305b3463","correlationId":"e851a7d5-ee04-4724-a01b-92b2d215be3d","reason":"content_hash_salt_unavailable","declaredAlg":"hmac-sha256-salt-v1","detail":"CONTENT HASH: hmac-sha256-salt-v1 was requested with no session salt. Refusing rather than computing the unsalted form — that would put bytes on the wire under a label they do not match, and the peer would report a tamper on a message nobody touched.","impact":"this message could not be verified — the sender says it is salted and this side holds no salt for the session — so it was NOT ingested and NOT shown. This session will not auto-co-sign at close.","guidance":"Look for session.salt.adoption.refused first: if it is there, this side declined the salt because the session had already hashed messages, that is permanent for this session, and reconnecting will NOT fix it — close the session and start a new one. Otherwise look for session.salt.read.failed or session.salt.persist.failed. If either is present the agreement re-runs on the next reconnect and this repairs itself — wait for that before doing anything. If none of the three is present, the agreement never completed with this counterparty: close the session and start a new one. In every case the transcript up to here is intact.","ts":"2026-08-23T16:38:45.019Z"}
{"level":"info","event":"document.published","documentId":"d5ba75e32fb503fe1500373b40cfd437abd6a1108844a330657eb9af28c3cfe0","envelopeHash":"38ce95d433f5a4c3cb671ad3d12d84b99e2392287bcde0364e049b3b55d63688","bytes":62,"senderClientId":933172138,"ts":"2026-08-23T16:38:45.022Z"}
{"level":"info","event":"document.file.materialized","documentId":"d5ba75e32fb503fe1500373b40cfd437abd6a1108844a330657eb9af28c3cfe0","bytes":35,"ts":"2026-08-23T16:38:45.023Z"}
{"level":"info","event":"session.relay.hash.submitted","sessionId":"51d376cd664af54ebe08c962305b3463","relaySequence":4,"leafIndex":3,"correlationId":"4b5bd265-2759-402e-b919-5aee72a7a29a","ts":"2026-08-23T16:38:45.025Z"}
{"level":"info","event":"session.relay.leaf.delivered","sessionId":"51d376cd664af54ebe08c962305b3463","sequenceNumber":4,"leafKind":4,"correlationId":"b6a751b4-f711-4a6f-a9a7-d4e485f21a65","ts":"2026-08-23T16:38:45.025Z"}
{"level":"info","event":"session.content.held","sessionId":"51d376cd664af54ebe08c962305b3463","canonicalSeq":3,"nextExpected":0,"gap":3,"origin":"sent","correlationId":"4b5bd265-2759-402e-b919-5aee72a7a29a","ts":"2026-08-23T16:38:45.026Z"}
{"level":"info","event":"document.frame.sent","documentId":"ack","leafCommitted":false,"leafIndex":null,"sessionId":"51d376cd664af54ebe08c962305b3463","sessionOpened":false,"bytes":346,"parked":false,"correlationId":"4b5bd265-2759-402e-b919-5aee72a7a29a","ts":"2026-08-23T16:38:45.026Z"}
{"level":"info","event":"document.reconcile.initiated","peerAgentId":"fed542de955078ab7ea3f53449f237271c9ccbd8bef905175992efbe6b324429","documents":1,"ts":"2026-08-23T16:38:45.026Z"}
{"level":"info","event":"session.content.leaf_unresolved.fetch","agentName":"agentA","sessionId":"51d376cd664af54ebe08c962305b3463","contentHash":"7c9667eacb6b9b1471b097e32c204c83c5eac09270e36b61a693af254401c8a5","graceMs":2000,"impact":"the relay told us this message exists and its plaintext never arrived directly — fetching it now instead of waiting for the periodic sweep","ts":"2026-08-23T16:38:47.011Z"}
{"level":"info","event":"session.content.leaf_unresolved.fetch","agentName":"agentA","sessionId":"51d376cd664af54ebe08c962305b3463","contentHash":"ad6d5ce49346ec4e9402935b3a04fe981bce447a9ea85e9dbfd602588a243607","graceMs":2000,"impact":"the relay told us this message exists and its plaintext never arrived directly — fetching it now instead of waiting for the periodic sweep","ts":"2026-08-23T16:38:47.017Z"}
{"level":"info","event":"session.relay.leaf.delivered","sessionId":"51d376cd664af54ebe08c962305b3463","sequenceNumber":5,"leafKind":4,"correlationId":"b6a751b4-f711-4a6f-a9a7-d4e485f21a65","ts":"2026-08-23T16:38:47.042Z"}
{"level":"info","event":"session.content.ordering.recorded","sessionId":"51d376cd664af54ebe08c962305b3463","canonicalSeq":4,"source":"content_frame","correlationId":"058161f4-f96d-4299-abdb-bc1f8472d828","ts":"2026-08-23T16:38:47.046Z"}
{"level":"error","event":"session.content.cross_check.failed","sessionId":"51d376cd664af54ebe08c962305b3463","correlationId":"058161f4-f96d-4299-abdb-bc1f8472d828","reason":"content_hash_salt_unavailable","declaredAlg":"hmac-sha256-salt-v1","detail":"CONTENT HASH: hmac-sha256-salt-v1 was requested with no session salt. Refusing rather than computing the unsalted form — that would put bytes on the wire under a label they do not match, and the peer would report a tamper on a message nobody touched.","impact":"this message could not be verified — the sender says it is salted and this side holds no salt for the session — so it was NOT ingested and NOT shown. This session will not auto-co-sign at close.","guidance":"Look for session.salt.adoption.refused first: if it is there, this side declined the salt because the session had already hashed messages, that is permanent for this session, and reconnecting will NOT fix it — close the session and start a new one. Otherwise look for session.salt.read.failed or session.salt.persist.failed. If either is present the agreement re-runs on the next reconnect and this repairs itself — wait for that before doing anything. If none of the three is present, the agreement never completed with this counterparty: close the session and start a new one. In every case the transcript up to here is intact.","ts":"2026-08-23T16:38:47.046Z"}
{"level":"info","event":"session.relay.leaf.delivered","sessionId":"51d376cd664af54ebe08c962305b3463","sequenceNumber":6,"leafKind":4,"correlationId":"b6a751b4-f711-4a6f-a9a7-d4e485f21a65","ts":"2026-08-23T16:38:47.048Z"}
{"level":"info","event":"session.content.ordering.recorded","sessionId":"51d376cd664af54ebe08c962305b3463","canonicalSeq":5,"source":"content_frame","correlationId":"8c37eeda-bcd6-4ee9-939a-a66ac9644e5a","ts":"2026-08-23T16:38:47.052Z"}
{"level":"error","event":"session.content.cross_check.failed","sessionId":"51d376cd664af54ebe08c962305b3463","correlationId":"8c37eeda-bcd6-4ee9-939a-a66ac9644e5a","reason":"content_hash_salt_unavailable","declaredAlg":"hmac-sha256-salt-v1","detail":"CONTENT HASH: hmac-sha256-salt-v1 was requested with no session salt. Refusing rather than computing the unsalted form — that would put bytes on the wire under a label they do not match, and the peer would report a tamper on a message nobody touched.","impact":"this message could not be verified — the sender says it is salted and this side holds no salt for the session — so it was NOT ingested and NOT shown. This session will not auto-co-sign at close.","guidance":"Look for session.salt.adoption.refused first: if it is there, this side declined the salt because the session had already hashed messages, that is permanent for this session, and reconnecting will NOT fix it — close the session and start a new one. Otherwise look for session.salt.read.failed or session.salt.persist.failed. If either is present the agreement re-runs on the next reconnect and this repairs itself — wait for that before doing anything. If none of the three is present, the agreement never completed with this counterparty: close the session and start a new one. In every case the transcript up to here is intact.","ts":"2026-08-23T16:38:47.052Z"}
{"level":"info","event":"session.content.leaf_unresolved.fetch","agentName":"agentA","sessionId":"51d376cd664af54ebe08c962305b3463","contentHash":"aa65924d6bebb940e7e44347037e08a35e191203ccf2ff97eedee97a2756a913","graceMs":2000,"impact":"the relay told us this message exists and its plaintext never arrived directly — fetching it now instead of waiting for the periodic sweep","ts":"2026-08-23T16:38:49.043Z"}
{"level":"info","event":"session.content.leaf_unresolved.fetch","agentName":"agentA","sessionId":"51d376cd664af54ebe08c962305b3463","contentHash":"0d2a4e5c1cd46d18e9e3f397bb454c44636c86e89146d4fc9c0a0e9eb681f8b3","graceMs":2000,"impact":"the relay told us this message exists and its plaintext never arrived directly — fetching it now instead of waiting for the periodic sweep","ts":"2026-08-23T16:38:49.050Z"}
--- B (receiver) document log ---
{"level":"info","event":"security.gateway.layer2","state":"off:no","ts":"2026-08-23T16:38:43.765Z"}
{"level":"info","event":"security.gateway.connected","mode":"enforcing","ts":"2026-08-23T16:38:43.769Z"}
{"level":"debug","event":"document.handlers.registered","verbs":["cello_doc_accept","cello_doc_close","cello_doc_diff","cello_doc_inbox","cello_doc_invite","cello_doc_kill","cello_doc_list","cello_doc_propose","cello_doc_publish","cello_doc_read","cello_doc_refuse","cello_doc_remove","cello_doc_watch","cello_doc_write"],"ts":"2026-08-23T16:38:43.795Z"}
{"level":"info","event":"session.relay.connected","relayPeerId":"12D3KooWJHzS2eCgjga1VqSnd6CKsmT5dqeWoVV1fd2E8YPdikGv","ts":"2026-08-23T16:38:44.851Z"}
{"level":"info","event":"document.reconcile.reachable_trigger_fired","agentName":"agentB","trigger":"inbound_session_created","peer":"3af5d9cacbb6f603","ts":"2026-08-23T16:38:44.852Z"}
{"level":"info","event":"session.relay.assignment.recorded","relayPeerId":"12D3KooWJHzS2eCgjga1VqSnd6CKsmT5dqeWoVV1fd2E8YPdikGv","sessionShort":"383f729f6566be4c","ts":"2026-08-23T16:38:44.856Z"}
{"level":"info","event":"session.relay.leaf.delivered","sessionId":"383f729f6566be4cc622994c67dae2c0","sequenceNumber":1,"leafKind":4,"correlationId":"db9fdaa0-5c8b-46ce-9698-eee24223f937","ts":"2026-08-23T16:38:44.868Z"}
{"level":"info","event":"session.content.ordering.recorded","sessionId":"383f729f6566be4cc622994c67dae2c0","canonicalSeq":0,"source":"content_frame","correlationId":"6c042ad3-3aec-43d0-b2ed-c2b832a0f0f1","ts":"2026-08-23T16:38:44.871Z"}
{"level":"info","event":"session.content.screen.skipped_document_frame","sessionId":"383f729f6566be4cc622994c67dae2c0","agentName":"agentB","correlationId":"6c042ad3-3aec-43d0-b2ed-c2b832a0f0f1","ts":"2026-08-23T16:38:44.872Z"}
{"level":"info","event":"session.tree.appended","sessionId":"383f729f6566be4cc622994c67dae2c0","leafIndex":0,"newRootHex":"0fcbce1b0917a57dc39714ef84e09b772f1f40b79e259f6c625dfd45b2a7622a","correlationId":"6c042ad3-3aec-43d0-b2ed-c2b832a0f0f1","ts":"2026-08-23T16:38:44.872Z"}
{"level":"info","event":"session.document.received","sessionId":"383f729f6566be4cc622994c67dae2c0","senderPubkey":"3af5d9cacbb6f60390485d342b4fa0d34e653363eeaf9b164dfbc82a46c03382","contentHashHex":"0fcbce1b0917a57dc39714ef84e09b772f1f40b79e259f6c625dfd45b2a7622a","sequenceNumber":0,"kind":"proposal","correlationId":"6c042ad3-3aec-43d0-b2ed-c2b832a0f0f1","ts":"2026-08-23T16:38:44.872Z"}
{"level":"info","event":"document.proposal.received","documentId":"d5ba75e32fb503fe1500373b40cfd437abd6a1108844a330657eb9af28c3cfe0","proposerAgentId":"3af5d9cacbb6f60390485d342b4fa0d34e653363eeaf9b164dfbc82a46c03382","ts":"2026-08-23T16:38:44.874Z"}
{"level":"info","event":"session.relay.leaf.delivered","sessionId":"383f729f6566be4cc622994c67dae2c0","sequenceNumber":2,"leafKind":2,"correlationId":"db9fdaa0-5c8b-46ce-9698-eee24223f937","ts":"2026-08-23T16:38:44.874Z"}
{"level":"info","event":"session.relay.leaf.delivered","sessionId":"383f729f6566be4cc622994c67dae2c0","sequenceNumber":3,"leafKind":2,"correlationId":"db9fdaa0-5c8b-46ce-9698-eee24223f937","ts":"2026-08-23T16:38:44.877Z"}
{"level":"info","event":"document.proposal.accepted","documentId":"d5ba75e32fb503fe1500373b40cfd437abd6a1108844a330657eb9af28c3cfe0","ts":"2026-08-23T16:38:44.936Z"}
{"level":"info","event":"document.replay.completed","envelopes":0,"applied":0,"ts":"2026-08-23T16:38:44.938Z"}
{"level":"info","event":"document.snapshot.rebuilt","documentId":"d5ba75e32fb503fe1500373b40cfd437abd6a1108844a330657eb9af28c3cfe0","envelopes":0,"withPayload":0,"ts":"2026-08-23T16:38:44.938Z"}
{"level":"info","event":"document.file.materialized","documentId":"d5ba75e32fb503fe1500373b40cfd437abd6a1108844a330657eb9af28c3cfe0","bytes":19,"ts":"2026-08-23T16:38:44.939Z"}
{"level":"info","event":"document.entry.recorded","documentId":"d5ba75e32fb503fe1500373b40cfd437abd6a1108844a330657eb9af28c3cfe0","entryHash":"b8779f4bfb50bfd0f7e15636c660e8d5f715588e866af2f6500fdf13a41fdd6d","author":"fed542de955078ab7ea3f53449f237271c9ccbd8bef905175992efbe6b324429","authorSeq":1,"kind":"consent","ts":"2026-08-23T16:38:44.942Z"}
{"level":"info","event":"session.relay.connected","relayPeerId":"12D3KooWJHzS2eCgjga1VqSnd6CKsmT5dqeWoVV1fd2E8YPdikGv","ts":"2026-08-23T16:38:44.991Z"}
{"level":"info","event":"session.relay.assignment.recorded","relayPeerId":"12D3KooWJHzS2eCgjga1VqSnd6CKsmT5dqeWoVV1fd2E8YPdikGv","sessionShort":"51d376cd664af54e","ts":"2026-08-23T16:38:44.993Z"}
{"level":"info","event":"session.relay.leaf.delivered","sessionId":"51d376cd664af54ebe08c962305b3463","sequenceNumber":1,"leafKind":4,"correlationId":"0742c28c-896e-4646-a3f6-6a2dfd524615","ts":"2026-08-23T16:38:44.998Z"}
{"level":"debug","event":"document.reconcile.reachable_trigger_skipped","agentName":"agentB","reason":"session_opened_by_document_delivery","ts":"2026-08-23T16:38:45.005Z"}
{"level":"info","event":"document.delivery.session_opened","agent":"agentB","peerAgentId":"3af5d9cacbb6f60390485d342b4fa0d34e653363eeaf9b164dfbc82a46c03382","sessionId":"51d376cd664af54ebe08c962305b3463","correlationId":"d405bb4b-9bb5-438e-8eff-64efb38ab138","ts":"2026-08-23T16:38:45.005Z"}
{"level":"info","event":"session.relay.hash.submitted","sessionId":"51d376cd664af54ebe08c962305b3463","relaySequence":2,"leafIndex":1,"correlationId":"d405bb4b-9bb5-438e-8eff-64efb38ab138","ts":"2026-08-23T16:38:45.011Z"}
{"level":"info","event":"session.relay.leaf.delivered","sessionId":"51d376cd664af54ebe08c962305b3463","sequenceNumber":2,"leafKind":4,"correlationId":"0742c28c-896e-4646-a3f6-6a2dfd524615","ts":"2026-08-23T16:38:45.011Z"}
{"level":"info","event":"session.content.held","sessionId":"51d376cd664af54ebe08c962305b3463","canonicalSeq":1,"nextExpected":0,"gap":1,"origin":"sent","correlationId":"d405bb4b-9bb5-438e-8eff-64efb38ab138","ts":"2026-08-23T16:38:45.012Z"}
{"level":"info","event":"document.frame.sent","documentId":"d5ba75e32fb503fe1500373b40cfd437abd6a1108844a330657eb9af28c3cfe0","leafCommitted":false,"leafIndex":null,"sessionId":"51d376cd664af54ebe08c962305b3463","sessionOpened":true,"bytes":836,"parked":false,"correlationId":"d405bb4b-9bb5-438e-8eff-64efb38ab138","ts":"2026-08-23T16:38:45.012Z"}
{"level":"warn","event":"document.delivery.seal_failed","agent":"agentB","sessionId":"51d376cd664af54ebe08c962305b3463","reason":"session_incomplete","correlationId":"d405bb4b-9bb5-438e-8eff-64efb38ab138","ts":"2026-08-23T16:38:45.014Z"}
{"level":"info","event":"session.relay.hash.submitted","sessionId":"51d376cd664af54ebe08c962305b3463","relaySequence":3,"leafIndex":2,"correlationId":"e851a7d5-ee04-4724-a01b-92b2d215be3d","ts":"2026-08-23T16:38:45.018Z"}
{"level":"info","event":"session.relay.leaf.delivered","sessionId":"51d376cd664af54ebe08c962305b3463","sequenceNumber":3,"leafKind":4,"correlationId":"0742c28c-896e-4646-a3f6-6a2dfd524615","ts":"2026-08-23T16:38:45.018Z"}
{"level":"info","event":"session.content.held","sessionId":"51d376cd664af54ebe08c962305b3463","canonicalSeq":2,"nextExpected":0,"gap":2,"origin":"sent","correlationId":"e851a7d5-ee04-4724-a01b-92b2d215be3d","ts":"2026-08-23T16:38:45.018Z"}
{"level":"info","event":"document.frame.sent","documentId":"d5ba75e32fb503fe1500373b40cfd437abd6a1108844a330657eb9af28c3cfe0","leafCommitted":false,"leafIndex":null,"sessionId":"51d376cd664af54ebe08c962305b3463","sessionOpened":false,"bytes":327,"parked":false,"correlationId":"e851a7d5-ee04-4724-a01b-92b2d215be3d","ts":"2026-08-23T16:38:45.018Z"}
{"level":"info","event":"session.relay.leaf.delivered","sessionId":"51d376cd664af54ebe08c962305b3463","sequenceNumber":4,"leafKind":4,"correlationId":"0742c28c-896e-4646-a3f6-6a2dfd524615","ts":"2026-08-23T16:38:45.024Z"}
{"level":"info","event":"session.content.ordering.recorded","sessionId":"51d376cd664af54ebe08c962305b3463","canonicalSeq":3,"source":"content_frame","correlationId":"4b5bd265-2759-402e-b919-5aee72a7a29a","ts":"2026-08-23T16:38:45.026Z"}
{"level":"info","event":"session.content.screen.skipped_document_frame","sessionId":"51d376cd664af54ebe08c962305b3463","agentName":"agentB","correlationId":"4b5bd265-2759-402e-b919-5aee72a7a29a","ts":"2026-08-23T16:38:45.027Z"}
{"level":"info","event":"session.content.held","sessionId":"51d376cd664af54ebe08c962305b3463","canonicalSeq":3,"nextExpected":0,"gap":3,"screenedOut":false,"correlationId":"4b5bd265-2759-402e-b919-5aee72a7a29a","ts":"2026-08-23T16:38:45.027Z"}
{"level":"info","event":"session.content.leaf_unresolved.fetch","agentName":"agentB","sessionId":"383f729f6566be4cc622994c67dae2c0","contentHash":"0fcbce1b0917a57dc39714ef84e09b772f1f40b79e259f6c625dfd45b2a7622a","graceMs":2000,"impact":"the relay told us this message exists and its plaintext never arrived directly — fetching it now instead of waiting for the periodic sweep","ts":"2026-08-23T16:38:46.870Z"}
{"level":"info","event":"session.content.leaf_unresolved.fetch","agentName":"agentB","sessionId":"51d376cd664af54ebe08c962305b3463","contentHash":"f9a3f2fe292e2103e5deb5de3ddd71150f7f1952e918b920363456bec92a206d","graceMs":2000,"impact":"the relay told us this message exists and its plaintext never arrived directly — fetching it now instead of waiting for the periodic sweep","ts":"2026-08-23T16:38:46.998Z"}
{"level":"info","event":"session.content.leaf_unresolved.fetch","agentName":"agentB","sessionId":"51d376cd664af54ebe08c962305b3463","contentHash":"70f668f8d7c2286f988eb3ede412ec6b999c7479cd82096713b7ffaf0eee7973","graceMs":2000,"impact":"the relay told us this message exists and its plaintext never arrived directly — fetching it now instead of waiting for the periodic sweep","ts":"2026-08-23T16:38:47.025Z"}
{"level":"info","event":"session.content.ordering.recorded","sessionId":"51d376cd664af54ebe08c962305b3463","canonicalSeq":0,"source":"park","correlationId":"750408ed-eefe-4a8b-aa6d-3c5143f3a335","ts":"2026-08-23T16:38:47.035Z"}
{"level":"info","event":"session.content.screen.skipped_document_frame","sessionId":"51d376cd664af54ebe08c962305b3463","agentName":"agentB","correlationId":"750408ed-eefe-4a8b-aa6d-3c5143f3a335","ts":"2026-08-23T16:38:47.035Z"}
{"level":"info","event":"session.tree.appended","sessionId":"51d376cd664af54ebe08c962305b3463","leafIndex":0,"newRootHex":"f9a3f2fe292e2103e5deb5de3ddd71150f7f1952e918b920363456bec92a206d","correlationId":"750408ed-eefe-4a8b-aa6d-3c5143f3a335","ts":"2026-08-23T16:38:47.036Z"}
{"level":"info","event":"session.document.received","sessionId":"51d376cd664af54ebe08c962305b3463","senderPubkey":"3af5d9cacbb6f60390485d342b4fa0d34e653363eeaf9b164dfbc82a46c03382","contentHashHex":"f9a3f2fe292e2103e5deb5de3ddd71150f7f1952e918b920363456bec92a206d","sequenceNumber":0,"kind":"reconcile","correlationId":"750408ed-eefe-4a8b-aa6d-3c5143f3a335","ts":"2026-08-23T16:38:47.036Z"}
{"level":"info","event":"session.tree.appended","sessionId":"51d376cd664af54ebe08c962305b3463","leafIndex":1,"newRootHex":"5aec9c4e1c086360b49acad75b528e7ece897422bf804df862fc14b0dfe937bb","correlationId":"d405bb4b-9bb5-438e-8eff-64efb38ab138","ts":"2026-08-23T16:38:47.036Z"}
{"level":"info","event":"session.content.released","sessionId":"51d376cd664af54ebe08c962305b3463","sequenceNumber":1,"leafKind":"doc","correlationId":"d405bb4b-9bb5-438e-8eff-64efb38ab138","ts":"2026-08-23T16:38:47.036Z"}
{"level":"info","event":"session.tree.appended","sessionId":"51d376cd664af54ebe08c962305b3463","leafIndex":2,"newRootHex":"6a485c182249ff4dfd3068f392b7b38c6657ebf5783d124318ed7b5122afe317","correlationId":"e851a7d5-ee04-4724-a01b-92b2d215be3d","ts":"2026-08-23T16:38:47.036Z"}
{"level":"info","event":"session.content.released","sessionId":"51d376cd664af54ebe08c962305b3463","sequenceNumber":2,"leafKind":"doc","correlationId":"e851a7d5-ee04-4724-a01b-92b2d215be3d","ts":"2026-08-23T16:38:47.036Z"}
{"level":"info","event":"session.tree.appended","sessionId":"51d376cd664af54ebe08c962305b3463","leafIndex":3,"newRootHex":"a46b370d9a6587d68d6c1c3ca290ca5092c7ffab4eadb8659082697ba86db257","correlationId":"4b5bd265-2759-402e-b919-5aee72a7a29a","ts":"2026-08-23T16:38:47.036Z"}
{"level":"info","event":"session.document.received","sessionId":"51d376cd664af54ebe08c962305b3463","senderPubkey":"3af5d9cacbb6f60390485d342b4fa0d34e653363eeaf9b164dfbc82a46c03382","contentHashHex":"70f668f8d7c2286f988eb3ede412ec6b999c7479cd82096713b7ffaf0eee7973","sequenceNumber":3,"kind":"reconcile","correlationId":"4b5bd265-2759-402e-b919-5aee72a7a29a","ts":"2026-08-23T16:38:47.036Z"}
{"level":"info","event":"session.content.released","sessionId":"51d376cd664af54ebe08c962305b3463","sequenceNumber":3,"screenedOut":false,"correlationId":"4b5bd265-2759-402e-b919-5aee72a7a29a","ts":"2026-08-23T16:38:47.036Z"}
{"level":"info","event":"session.relay.hash.submitted","sessionId":"51d376cd664af54ebe08c962305b3463","relaySequence":5,"leafIndex":4,"correlationId":"058161f4-f96d-4299-abdb-bc1f8472d828","ts":"2026-08-23T16:38:47.043Z"}
{"level":"info","event":"session.relay.leaf.delivered","sessionId":"51d376cd664af54ebe08c962305b3463","sequenceNumber":5,"leafKind":4,"correlationId":"0742c28c-896e-4646-a3f6-6a2dfd524615","ts":"2026-08-23T16:38:47.043Z"}
{"level":"info","event":"session.tree.appended","sessionId":"51d376cd664af54ebe08c962305b3463","leafIndex":4,"newRootHex":"fd0a28478ac214fc0d32f697d84c75b85e4a2d3617ab4382ed6c04bde366a434","correlationId":"058161f4-f96d-4299-abdb-bc1f8472d828","ts":"2026-08-23T16:38:47.044Z"}
{"level":"info","event":"document.frame.sent","documentId":"ack","leafCommitted":true,"leafIndex":4,"sessionId":"51d376cd664af54ebe08c962305b3463","sessionOpened":false,"bytes":1837,"parked":false,"correlationId":"058161f4-f96d-4299-abdb-bc1f8472d828","ts":"2026-08-23T16:38:47.044Z"}
{"level":"info","event":"session.relay.hash.submitted","sessionId":"51d376cd664af54ebe08c962305b3463","relaySequence":6,"leafIndex":5,"correlationId":"8c37eeda-bcd6-4ee9-939a-a66ac9644e5a","ts":"2026-08-23T16:38:47.050Z"}
{"level":"info","event":"session.relay.leaf.delivered","sessionId":"51d376cd664af54ebe08c962305b3463","sequenceNumber":6,"leafKind":4,"correlationId":"0742c28c-896e-4646-a3f6-6a2dfd524615","ts":"2026-08-23T16:38:47.050Z"}
{"level":"info","event":"session.tree.appended","sessionId":"51d376cd664af54ebe08c962305b3463","leafIndex":5,"newRootHex":"ea39195bdfb921c0fe9906e154198449c492195e148fcea3ee32efe5502b119e","correlationId":"8c37eeda-bcd6-4ee9-939a-a66ac9644e5a","ts":"2026-08-23T16:38:47.050Z"}
{"level":"info","event":"document.frame.sent","documentId":"ack","leafCommitted":true,"leafIndex":5,"sessionId":"51d376cd664af54ebe08c962305b3463","sessionOpened":false,"bytes":1186,"parked":false,"correlationId":"8c37eeda-bcd6-4ee9-939a-a66ac9644e5a","ts":"2026-08-23T16:38:47.050Z"}
{"level":"info","event":"session.content.leaf_unresolved.fetch","agentName":"agentB","sessionId":"51d376cd664af54ebe08c962305b3463","contentHash":"f9a3f2fe292e2103e5deb5de3ddd71150f7f1952e918b920363456bec92a206d","graceMs":2000,"impact":"the relay told us this message exists and its plaintext never arrived directly — fetching it now instead of waiting for the periodic sweep","ts":"2026-08-23T16:38:49.036Z"}
DROP DATABASE
OpenJDK 64-Bit Server VM warning: Unable to get SVE vector length on this system. Disabling SVE. Specify -XX:UseSVE=0 to shun this warning.
Flyway OSS Edition 11.13.2 by Redgate

See release notes here: https://rd.gt/416ObMi
Database: jdbc:postgresql://postgres:5432/cello_spine_0 (PostgreSQL 18.4)
WARNING: Using PostgreSQL 18.4 which is newer than the version Flyway has been verified with. The latest verified version of PostgreSQL is 17.
Schema history table "public"."flyway_schema_history" does not exist yet
Successfully validated 63 migrations (execution time 00:00.022s)
Creating Schema History table "public"."flyway_schema_history" ...
Current version of schema "public": << Empty Schema >>
WARNING: DB: relation "notification_queue" already exists, skipping (SQL State: 42P07 - Error Code: 0)
WARNING: DB: relation "pending_connection_requests" already exists, skipping (SQL State: 42P07 - Error Code: 0)
DROP DATABASE
OpenJDK 64-Bit Server VM warning: Unable to get SVE vector length on this system. Disabling SVE. Specify -XX:UseSVE=0 to shun this warning.
Flyway OSS Edition 11.13.2 by Redgate

See release notes here: https://rd.gt/416ObMi
Database: jdbc:postgresql://postgres:5432/cello_spine_1 (PostgreSQL 18.4)
WARNING: Using PostgreSQL 18.4 which is newer than the version Flyway has been verified with. The latest verified version of PostgreSQL is 17.
Schema history table "public"."flyway_schema_history" does not exist yet
Successfully validated 63 migrations (execution time 00:00.033s)
Creating Schema History table "public"."flyway_schema_history" ...
Current version of schema "public": << Empty Schema >>
WARNING: DB: relation "notification_queue" already exists, skipping (SQL State: 42P07 - Error Code: 0)
WARNING: DB: relation "pending_connection_requests" already exists, skipping (SQL State: 42P07 - Error Code: 0)

--------------------------------------------------------------------------------------------------------
A more recent version of Flyway is available. Find out more about Flyway 13.3.0 at https://rd.gt/3rXiSlV
--------------------------------------------------------------------------------------------------------
DROP DATABASE
OpenJDK 64-Bit Server VM warning: Unable to get SVE vector length on this system. Disabling SVE. Specify -XX:UseSVE=0 to shun this warning.
Flyway OSS Edition 11.13.2 by Redgate

See release notes here: https://rd.gt/416ObMi
Database: jdbc:postgresql://postgres:5432/cello_spine_2 (PostgreSQL 18.4)
WARNING: Using PostgreSQL 18.4 which is newer than the version Flyway has been verified with. The latest verified version of PostgreSQL is 17.
Schema history table "public"."flyway_schema_history" does not exist yet
Successfully validated 63 migrations (execution time 00:00.040s)
Creating Schema History table "public"."flyway_schema_history" ...
Current version of schema "public": << Empty Schema >>
WARNING: DB: relation "notification_queue" already exists, skipping (SQL State: 42P07 - Error Code: 0)
WARNING: DB: relation "pending_connection_requests" already exists, skipping (SQL State: 42P07 - Error Code: 0)
{"event":"notification.channel.forwarded","type":"agent_current_changed","agent":"agentA"}
{"event":"notification.channel.forwarded","type":"agent_current_changed","agent":"agentB"}
{"event":"notification.channel.forwarded","type":"agent_current_changed","agent":"agentC"}
{"event":"notification.channel.forwarded","type":"session_state_changed","agent":"agentB"}
{"event":"notification.channel.forwarded","type":"cello_message","agent":"agentA"}
{"event":"notification.channel.forwarded","type":"session_state_changed","agent":"agentC"}
{"event":"notification.channel.forwarded","type":"cello_message","agent":"agentA"}
{"event":"notification.channel.forwarded","type":"session_state_changed","agent":"agentC"}
{"event":"notification.channel.forwarded","type":"session_state_changed","agent":"agentC"}
{"event":"notification.channel.forwarded","type":"session_state_changed","agent":"agentB"}
{"event":"notification.channel.forwarded","type":"session_state_changed","agent":"agentB"}
{"event":"notification.channel.forwarded","type":"agent_current_changed","agent":"agentA"}
{"event":"notification.channel.forwarded","type":"agent_current_changed","agent":"agentB"}
{"event":"notification.channel.forwarded","type":"agent_current_changed","agent":"agentC"}
{"event":"notification.channel.forwarded","type":"session_state_changed","agent":"agentB"}
{"event":"notification.channel.forwarded","type":"cello_message","agent":"agentA"}
{"event":"notification.channel.forwarded","type":"session_state_changed","agent":"agentC"}
{"event":"notification.channel.forwarded","type":"cello_message","agent":"agentA"}
{"event":"notification.channel.forwarded","type":"session_state_changed","agent":"agentB"}
{"event":"notification.channel.forwarded","type":"session_state_changed","agent":"agentB"}
{"event":"notification.channel.forwarded","type":"agent_current_changed","agent":"agentA"}
{"event":"notification.channel.forwarded","type":"agent_current_changed","agent":"agentB"}
{"event":"notification.channel.forwarded","type":"agent_current_changed","agent":"agentC"}
{"event":"notification.channel.forwarded","type":"session_state_changed","agent":"agentB"}
{"event":"notification.channel.forwarded","type":"cello_message","agent":"agentA"}
{"event":"notification.channel.forwarded","type":"session_state_changed","agent":"agentC"}
{"event":"notification.channel.forwarded","type":"cello_message","agent":"agentA"}
{"event":"notification.channel.forwarded","type":"session_state_changed","agent":"agentB"}
{"event":"notification.channel.forwarded","type":"session_state_changed","agent":"agentB"}
{"event":"notification.channel.forwarded","type":"agent_current_changed","agent":"agentA"}
{"event":"notification.channel.forwarded","type":"agent_current_changed","agent":"agentB"}
{"event":"notification.channel.forwarded","type":"agent_current_changed","agent":"agentC"}
{"event":"notification.channel.forwarded","type":"session_state_changed","agent":"agentB"}
{"event":"notification.channel.forwarded","type":"cello_message","agent":"agentA"}
{"event":"notification.channel.forwarded","type":"session_state_changed","agent":"agentC"}
{"event":"notification.channel.forwarded","type":"cello_message","agent":"agentA"}
{"event":"notification.channel.forwarded","type":"session_state_changed","agent":"agentB"}
{"event":"notification.channel.forwarded","type":"session_state_changed","agent":"agentB"}
{"event":"notification.channel.forwarded","type":"agent_current_changed","agent":"agentA"}
{"event":"notification.channel.forwarded","type":"agent_current_changed","agent":"agentB"}
{"event":"notification.channel.forwarded","type":"agent_current_changed","agent":"agentC"}
{"event":"notification.channel.forwarded","type":"session_state_changed","agent":"agentB"}
{"event":"notification.channel.forwarded","type":"cello_message","agent":"agentA"}
{"event":"notification.channel.forwarded","type":"session_state_changed","agent":"agentC"}
{"event":"notification.channel.forwarded","type":"cello_message","agent":"agentA"}
{"event":"notification.channel.forwarded","type":"session_state_changed","agent":"agentB"}
{"event":"notification.channel.forwarded","type":"session_state_changed","agent":"agentB"}
{"event":"notification.channel.forwarded","type":"agent_current_changed","agent":"agentA"}
{"event":"notification.channel.forwarded","type":"agent_current_changed","agent":"agentB"}
{"event":"notification.channel.forwarded","type":"agent_current_changed","agent":"agentC"}
{"event":"notification.channel.forwarded","type":"session_state_changed","agent":"agentB"}
{"event":"notification.channel.forwarded","type":"cello_message","agent":"agentA"}
{"event":"notification.channel.forwarded","type":"session_state_changed","agent":"agentC"}
{"event":"notification.channel.forwarded","type":"cello_message","agent":"agentA"}
{"event":"notification.channel.forwarded","type":"session_state_changed","agent":"agentB"}
{"event":"notification.channel.forwarded","type":"session_state_changed","agent":"agentB"}
 ❯ src/spine/j-multiplayer.spine.test.ts (7 tests | 7 failed) 418195ms
   × J-MULTIPLAYER — the built artifact keeps its layer boundary > SYNC-AC17: the document layer's built artifact carries no relay vocabulary 7ms
     → document-reconcile-scheduler.js speaks relay vocabulary: parked: expected true to be false // Object.is equality
   × J-MULTIPLAYER — three real daemons, one document > GOVERN + JOIN: an admin invites a third party, they consent, and all three derive the same arrangement (DOD-MP-E2E-GOVERN-1, DOD-MP-E2E-JOIN-1) 13543ms
     → A↔B: agentA has no sealed root: expected undefined to be truthy
   × J-MULTIPLAYER — three real daemons, one document > REMOVE while OFFLINE: a holder removed while down learns their own removal on return, from A's signed entry, with NOBODY acting on either side (SYNC-AC13) 70451ms
     → MCP error -32001: Request timed out
   × J-MULTIPLAYER — three real daemons, one document > NUDGE + SURFACE: an absent holder blocks nobody, and the surface says behind-with-last-seen from the display cache (SYNC-AC1, AC5, AC20) 70043ms
     → MCP error -32001: Request timed out
   × J-MULTIPLAYER — three real daemons, one document > REMOVE surfaces to the REMOVED holder who never went away — standing flips, the copy stays, their own publish refuses by name, and the survivors carry on (SYNC-AC13) 69992ms
     → MCP error -32001: Request timed out
   × J-MULTIPLAYER — three real daemons, one document > END: closes are ENTRIES that settle by DERIVATION only when every seat has spoken (SYNC-AC4's settlement rule, R26–R28) 70032ms
     → MCP error -32001: Request timed out
   × J-MULTIPLAYER — three real daemons, one document > END: a REMOVED holder cannot end the document — the gate REFUSES, and refusal is what no acceptance can prove (DOD-MP-CONTROL-N-1) 70159ms
     → MCP error -32001: Request timed out
DROP DATABASE
OpenJDK 64-Bit Server VM warning: Unable to get SVE vector length on this system. Disabling SVE. Specify -XX:UseSVE=0 to shun this warning.
Flyway OSS Edition 11.13.2 by Redgate

See release notes here: https://rd.gt/416ObMi
Database: jdbc:postgresql://postgres:5432/cello_spine_0 (PostgreSQL 18.4)
WARNING: Using PostgreSQL 18.4 which is newer than the version Flyway has been verified with. The latest verified version of PostgreSQL is 17.
Schema history table "public"."flyway_schema_history" does not exist yet
Successfully validated 63 migrations (execution time 00:00.047s)
Creating Schema History table "public"."flyway_schema_history" ...
Current version of schema "public": << Empty Schema >>
WARNING: DB: relation "notification_queue" already exists, skipping (SQL State: 42P07 - Error Code: 0)
WARNING: DB: relation "pending_connection_requests" already exists, skipping (SQL State: 42P07 - Error Code: 0)
DROP DATABASE
OpenJDK 64-Bit Server VM warning: Unable to get SVE vector length on this system. Disabling SVE. Specify -XX:UseSVE=0 to shun this warning.
Flyway OSS Edition 11.13.2 by Redgate

See release notes here: https://rd.gt/416ObMi
Database: jdbc:postgresql://postgres:5432/cello_spine_1 (PostgreSQL 18.4)
WARNING: Using PostgreSQL 18.4 which is newer than the version Flyway has been verified with. The latest verified version of PostgreSQL is 17.
Schema history table "public"."flyway_schema_history" does not exist yet
Successfully validated 63 migrations (execution time 00:00.040s)
Creating Schema History table "public"."flyway_schema_history" ...
Current version of schema "public": << Empty Schema >>
WARNING: DB: relation "notification_queue" already exists, skipping (SQL State: 42P07 - Error Code: 0)
WARNING: DB: relation "pending_connection_requests" already exists, skipping (SQL State: 42P07 - Error Code: 0)
DROP DATABASE
OpenJDK 64-Bit Server VM warning: Unable to get SVE vector length on this system. Disabling SVE. Specify -XX:UseSVE=0 to shun this warning.
Flyway OSS Edition 11.13.2 by Redgate

See release notes here: https://rd.gt/416ObMi
Database: jdbc:postgresql://postgres:5432/cello_spine_2 (PostgreSQL 18.4)
WARNING: Using PostgreSQL 18.4 which is newer than the version Flyway has been verified with. The latest verified version of PostgreSQL is 17.
Schema history table "public"."flyway_schema_history" does not exist yet
Successfully validated 63 migrations (execution time 00:00.031s)
Creating Schema History table "public"."flyway_schema_history" ...
Current version of schema "public": << Empty Schema >>
WARNING: DB: relation "notification_queue" already exists, skipping (SQL State: 42P07 - Error Code: 0)
WARNING: DB: relation "pending_connection_requests" already exists, skipping (SQL State: 42P07 - Error Code: 0)
{"event":"notification.channel.forwarded","type":"agent_current_changed","agent":"agentA"}
{"event":"notification.channel.forwarded","type":"agent_current_changed","agent":"agentB"}
{"event":"notification.channel.forwarded","type":"session_state_changed","agent":"agentB"}
{"event":"notification.channel.forwarded","type":"cello_message","agent":"agentA"}
{"event":"notification.channel.forwarded","type":"agent_state_changed","agent":"agentB"}
{"event":"notification.channel.forwarded","type":"agent_current_changed","agent":"agentB"}
{"event":"notification.channel.forwarded","type":"agent_current_changed","agent":"agentA"}
stdout | src/spine/j-stale-session.spine.test.ts > J-STALE-SESSION — a document act across a session that outlived a restart > the peer sees an invitation sent after ITS OWN daemon restarted, or it does not
STALE-SESSION A's write returned: {"ok":true,"documentId":"46e0928756d2a3383e70f0e142d224ee17e9bf6534a16b2a7c1b0b575ff6501d","changed":true,"published":true,"envelopeHash":"a0dec45de8aa8489c1772568903b4f3ef43327bdc88dee3e4e0c52bca711fe62","fileUpdated":true}

{"event":"notification.channel.forwarded","type":"session_state_changed","agent":"agentA"}
stdout | src/spine/j-stale-session.spine.test.ts > J-STALE-SESSION — a document act across a session that outlived a restart > the peer sees an invitation sent after ITS OWN daemon restarted, or it does not
STALE-SESSION RESULT: B converged after -1ms (NEVER — within 5 minutes)
STALE-SESSION A: sent=4 parked=2 reconcileInitiated=3 sweepFailed=1 || B(after restart): framesReceived=3 inbound=0
STALE-SESSION A tail:
{"level":"info","event":"session.content.leaf_unresolved.fetch","agentName":"agentA","sessionId":"4a83b7c20e4ef751c4160687132995a9","contentHash":"f0e0ed243a95b3b200904e80e2941c983a85bb5dfbc2f48c301d3eb2695d7e10","graceMs":2000,"impact":"the relay told us this message exists and its plaintext never arrived directly — fetching it now instead of waiting for the periodic sweep","ts":"2026-08-23T16:53:19.164Z"}
{"level":"info","event":"content.recover.drain.triggered","agentName":"agentA","reason":"witnessed_leaf_unresolved","ts":"2026-08-23T16:53:19.164Z"}
{"level":"info","event":"content.park.pull.result","relayPeerId":"12D3KooWJJZCat99obu2Pjr948bmUrUPpvdvwXh4Ecd4vrYTjAD6","count":1,"ts":"2026-08-23T16:53:19.168Z"}
{"level":"info","event":"session.content.ordering.recorded","sessionId":"4a83b7c20e4ef751c4160687132995a9","canonicalSeq":3,"source":"park","correlationId":"58e41ed9-2609-4139-afaf-398c612ee51f","ts":"2026-08-23T16:53:19.172Z"}
{"level":"info","event":"content.recover.verified","agentName":"agentA","sessionId":"4a83b7c20e4ef751c4160687132995a9","contentHash":"f0e0ed243a95b3b200904e80e2941c983a85bb5dfbc2f48c301d3eb2695d7e10","correlationId":"58e41ed9-2609-4139-afaf-398c612ee51f","ts":"2026-08-23T16:53:19.172Z"}
{"level":"error","event":"session.content.cross_check.failed","sessionId":"4a83b7c20e4ef751c4160687132995a9","correlationId":"58e41ed9-2609-4139-afaf-398c612ee51f","reason":"content_hash_salt_unavailable","declaredAlg":"hmac-sha256-salt-v1","detail":"CONTENT HASH: hmac-sha256-salt-v1 was requested with no session salt. Refusing rather than computing the unsalted form — that would put bytes on the wire under a label they do not match, and the peer would report a tamper on a message nobody touched.","impact":"this message could not be verified — the sender says it is salted and this side holds no salt for the session — so it was NOT ingested and NOT shown. This session will not auto-co-sign at close.","guidance":"Look for session.salt.adoption.refused first: if it is there, this side declined the salt because the session had already hashed messages, that is permanent for this session, and reconnecting will NOT fix it — close the session and start a new one. Otherwise look for session.salt.read.failed or session.salt.persist.failed. If either is present the agreement re-runs on the next reconnect and this repairs itself — wait for that before doing anything. If none of the three is present, the agreement never completed with this counterparty: close the session and start a new one. In every case the transcript up to here is intact.","ts":"2026-08-23T16:53:19.172Z"}
{"level":"warn","event":"content.recover.ingest_failed","sessionId":"4a83b7c20e4ef751c4160687132995a9","contentHash":"f0e0ed243a95b3b200904e80e2941c983a85bb5dfbc2f48c301d3eb2695d7e10","reason":"content_hash_salt_unavailable","correlationId":"58e41ed9-2609-4139-afaf-398c612ee51f","ts":"2026-08-23T16:53:19.172Z"}
{"level":"info","event":"content.recover.auto.completed","agentName":"agentA","trigger":"witnessed_leaf_unresolved","recovered":0,"relayCount":1,"failedRelays":0,"refused":1,"refusedReasons":{"content_hash_salt_unavailable":1},"ts":"2026-08-23T16:53:19.172Z"}
{"level":"debug","event":"transport.connections.observed","sessionId":"standing_receiver_4b557159-aa1e-4208-840b-68612e9fbe7a","total":1,"inbound":0,"neverSpoke":0,"maxConnections":300,"ts":"2026-08-23T16:53:21.035Z"}
{"level":"info","event":"session.content.leaf_unresolved.fetch","agentName":"agentA","sessionId":"4a83b7c20e4ef751c4160687132995a9","contentHash":"f0e0ed243a95b3b200904e80e2941c983a85bb5dfbc2f48c301d3eb2695d7e10","graceMs":2000,"impact":"the relay told us this message exists and its plaintext never arrived directly — fetching it now instead of waiting for the periodic sweep","ts":"2026-08-23T16:53:21.173Z"}
{"level":"info","event":"content.recover.drain.triggered","agentName":"agentA","reason":"witnessed_leaf_unresolved","ts":"2026-08-23T16:53:21.173Z"}
{"level":"info","event":"content.park.pull.result","relayPeerId":"12D3KooWJJZCat99obu2Pjr948bmUrUPpvdvwXh4Ecd4vrYTjAD6","count":1,"ts":"2026-08-23T16:53:21.177Z"}
{"level":"info","event":"session.content.ordering.recorded","sessionId":"4a83b7c20e4ef751c4160687132995a9","canonicalSeq":3,"source":"park","correlationId":"a1efbd25-513f-4ec2-b94b-5e62a7c5458b","ts":"2026-08-23T16:53:21.180Z"}
{"level":"info","event":"content.recover.verified","agentName":"agentA","sessionId":"4a83b7c20e4ef751c4160687132995a9","contentHash":"f0e0ed243a95b3b200904e80e2941c983a85bb5dfbc2f48c301d3eb2695d7e10","correlationId":"a1efbd25-513f-4ec2-b94b-5e62a7c5458b","ts":"2026-08-23T16:53:21.180Z"}
{"level":"error","event":"session.content.cross_check.failed","sessionId":"4a83b7c20e4ef751c4160687132995a9","correlationId":"a1efbd25-513f-4ec2-b94b-5e62a7c5458b","reason":"content_hash_salt_unavailable","declaredAlg":"hmac-sha256-salt-v1","detail":"CONTENT HASH: hmac-sha256-salt-v1 was requested with no session salt. Refusing rather than computing the unsalted form — that would put bytes on the wire under a label they do not match, and the peer would report a tamper on a message nobody touched.","impact":"this message could not be verified — the sender says it is salted and this side holds no salt for the session — so it was NOT ingested and NOT shown. This session will not auto-co-sign at close.","guidance":"Look for session.salt.adoption.refused first: if it is there, this side declined the salt because the session had already hashed messages, that is permanent for this session, and reconnecting will NOT fix it — close the session and start a new one. Otherwise look for session.salt.read.failed or session.salt.persist.failed. If either is present the agreement re-runs on the next reconnect and this repairs itself — wait for that before doing anything. If none of the three is present, the agreement never completed with this counterparty: close the session and start a new one. In every case the transcript up to here is intact.","ts":"2026-08-23T16:53:21.180Z"}
{"level":"warn","event":"content.recover.ingest_failed","sessionId":"4a83b7c20e4ef751c4160687132995a9","contentHash":"f0e0ed243a95b3b200904e80e2941c983a85bb5dfbc2f48c301d3eb2695d7e10","reason":"content_hash_salt_unavailable","correlationId":"a1efbd25-513f-4ec2-b94b-5e62a7c5458b","ts":"2026-08-23T16:53:21.180Z"}
{"level":"info","event":"content.recover.auto.completed","agentName":"agentA","trigger":"witnessed_leaf_unresolved","recovered":0,"relayCount":1,"failedRelays":0,"refused":1,"refusedReasons":{"content_hash_salt_unavailable":1},"ts":"2026-08-23T16:53:21.180Z"}
{"level":"info","event":"session.content.leaf_unresolved.fetch","agentName":"agentA","sessionId":"4a83b7c20e4ef751c4160687132995a9","contentHash":"f0e0ed243a95b3b200904e80e2941c983a85bb5dfbc2f48c301d3eb2695d7e10","graceMs":2000,"impact":"the relay told us this message exists and its plaintext never arrived directly — fetching it now instead of waiting for the periodic sweep","ts":"2026-08-23T16:53:23.182Z"}
{"level":"info","event":"content.recover.drain.triggered","agentName":"agentA","reason":"witnessed_leaf_unresolved","ts":"2026-08-23T16:53:23.182Z"}
{"level":"info","event":"content.park.pull.result","relayPeerId":"12D3KooWJJZCat99obu2Pjr948bmUrUPpvdvwXh4Ecd4vrYTjAD6","count":1,"ts":"2026-08-23T16:53:23.187Z"}
{"level":"info","event":"session.content.ordering.recorded","sessionId":"4a83b7c20e4ef751c4160687132995a9","canonicalSeq":3,"source":"park","correlationId":"78975210-2480-4ecc-aa19-11b832b66a22","ts":"2026-08-23T16:53:23.191Z"}
{"level":"info","event":"content.recover.verified","agentName":"agentA","sessionId":"4a83b7c20e4ef751c4160687132995a9","contentHash":"f0e0ed243a95b3b200904e80e2941c983a85bb5dfbc2f48c301d3eb2695d7e10","correlationId":"78975210-2480-4ecc-aa19-11b832b66a22","ts":"2026-08-23T16:53:23.191Z"}
{"level":"error","event":"session.content.cross_check.failed","sessionId":"4a83b7c20e4ef751c4160687132995a9","correlationId":"78975210-2480-4ecc-aa19-11b832b66a22","reason":"content_hash_salt_unavailable","declaredAlg":"hmac-sha256-salt-v1","detail":"CONTENT HASH: hmac-sha256-salt-v1 was requested with no session salt. Refusing rather than computing the unsalted form — that would put bytes on the wire under a label they do not match, and the peer would report a tamper on a message nobody touched.","impact":"this message could not be verified — the sender says it is salted and this side holds no salt for the session — so it was NOT ingested and NOT shown. This session will not auto-co-sign at close.","guidance":"Look for session.salt.adoption.refused first: if it is there, this side declined the salt because the session had already hashed messages, that is permanent for this session, and reconnecting will NOT fix it — close the session and start a new one. Otherwise look for session.salt.read.failed or session.salt.persist.failed. If either is present the agreement re-runs on the next reconnect and this repairs itself — wait for that before doing anything. If none of the three is present, the agreement never completed with this counterparty: close the session and start a new one. In every case the transcript up to here is intact.","ts":"2026-08-23T16:53:23.191Z"}
{"level":"warn","event":"content.recover.ingest_failed","sessionId":"4a83b7c20e4ef751c4160687132995a9","contentHash":"f0e0ed243a95b3b200904e80e2941c983a85bb5dfbc2f48c301d3eb2695d7e10","reason":"content_hash_salt_unavailable","correlationId":"78975210-2480-4ecc-aa19-11b832b66a22","ts":"2026-08-23T16:53:23.191Z"}
{"level":"info","event":"content.recover.auto.completed","agentName":"agentA","trigger":"witnessed_leaf_unresolved","recovered":0,"relayCount":1,"failedRelays":0,"refused":1,"refusedReasons":{"content_hash_salt_unavailable":1},"ts":"2026-08-23T16:53:23.191Z"}
STALE-SESSION B tail:
{"level":"info","event":"session.content.leaf_unresolved.fetch","agentName":"agentB","sessionId":"4a83b7c20e4ef751c4160687132995a9","contentHash":"a02399afe498922ccf35ce6ddbdb7fab52c3f9c347f2eb4ea165eb56fa4f65c1","graceMs":2000,"impact":"the relay told us this message exists and its plaintext never arrived directly — fetching it now instead of waiting for the periodic sweep","ts":"2026-08-23T16:52:14.767Z"}
{"level":"info","event":"content.recover.drain.triggered","agentName":"agentB","reason":"witnessed_leaf_unresolved","ts":"2026-08-23T16:52:14.768Z"}
{"level":"info","event":"content.park.signed","agentName":"agentB","sessionId":"4a83b7c20e4ef751c4160687132995a9","contentHash":"f0e0ed243a95b3b200904e80e2941c983a85bb5dfbc2f48c301d3eb2695d7e10","source":"startup_flush","ts":"2026-08-23T16:52:14.769Z"}
{"level":"info","event":"content.park.deposit.result","relayPeerId":"12D3KooWJJZCat99obu2Pjr948bmUrUPpvdvwXh4Ecd4vrYTjAD6","ok":true,"ts":"2026-08-23T16:52:14.778Z"}
{"level":"info","event":"content.park.deposited","sessionId":"4a83b7c20e4ef751c4160687132995a9","contentHash":"f0e0ed243a95b3b200904e80e2941c983a85bb5dfbc2f48c301d3eb2695d7e10","source":"startup_flush","ts":"2026-08-23T16:52:14.779Z"}
{"level":"info","event":"content.park.flush.completed","sessionCount":1,"parkedCount":1,"agentName":"agentB","ts":"2026-08-23T16:52:14.779Z"}
{"level":"info","event":"content.park.pull.result","relayPeerId":"12D3KooWJJZCat99obu2Pjr948bmUrUPpvdvwXh4Ecd4vrYTjAD6","count":0,"ts":"2026-08-23T16:52:14.781Z"}
{"level":"info","event":"content.recover.auto.completed","agentName":"agentB","trigger":"witnessed_leaf_unresolved","recovered":0,"relayCount":1,"failedRelays":0,"refused":0,"ts":"2026-08-23T16:52:14.781Z"}
{"level":"debug","event":"transport.connections.observed","sessionId":"standing_receiver_35ed3f4e-dc1e-43cb-ae6d-5cc997512513","total":1,"inbound":0,"neverSpoke":0,"maxConnections":300,"ts":"2026-08-23T16:52:21.039Z"}
{"level":"debug","event":"transport.connections.observed","sessionId":"standing_receiver_74094902-8075-422e-b41d-0c91195a0c9b","total":2,"inbound":0,"neverSpoke":0,"maxConnections":300,"ts":"2026-08-23T16:52:21.095Z"}
{"level":"debug","event":"content.delivery.ttf_expired","sessionId":"4a83b7c20e4ef751c4160687132995a9","contentHash":"f0e0ed243a95b3b200904e80e2941c983a85bb5dfbc2f48c301d3eb2695d7e10","ts":"2026-08-23T16:52:32.784Z"}
{"level":"info","event":"content.park.signed","agentName":"agentB","sessionId":"4a83b7c20e4ef751c4160687132995a9","contentHash":"f0e0ed243a95b3b200904e80e2941c983a85bb5dfbc2f48c301d3eb2695d7e10","ts":"2026-08-23T16:52:32.785Z"}
{"level":"info","event":"content.park.deposit.result","relayPeerId":"12D3KooWJJZCat99obu2Pjr948bmUrUPpvdvwXh4Ecd4vrYTjAD6","ok":true,"ts":"2026-08-23T16:52:32.792Z"}
{"level":"info","event":"content.park.deposited","sessionId":"4a83b7c20e4ef751c4160687132995a9","contentHash":"f0e0ed243a95b3b200904e80e2941c983a85bb5dfbc2f48c301d3eb2695d7e10","recipientPubkey":"56a553f6d6ab7c48","ts":"2026-08-23T16:52:32.792Z"}
{"level":"debug","event":"transport.connections.observed","sessionId":"standing_receiver_35ed3f4e-dc1e-43cb-ae6d-5cc997512513","total":1,"inbound":0,"neverSpoke":0,"maxConnections":300,"ts":"2026-08-23T16:52:51.041Z"}
{"level":"debug","event":"transport.connections.observed","sessionId":"standing_receiver_74094902-8075-422e-b41d-0c91195a0c9b","total":2,"inbound":0,"neverSpoke":0,"maxConnections":300,"ts":"2026-08-23T16:52:51.095Z"}
{"level":"debug","event":"transport.connections.observed","sessionId":"standing_receiver_35ed3f4e-dc1e-43cb-ae6d-5cc997512513","total":1,"inbound":0,"neverSpoke":0,"maxConnections":300,"ts":"2026-08-23T16:53:21.043Z"}
{"level":"info","event":"content.recover.drain.triggered","agentName":"agentB","reason":"periodic_backstop","ts":"2026-08-23T16:53:21.090Z"}
{"level":"info","event":"content.park.signed","agentName":"agentB","sessionId":"4a83b7c20e4ef751c4160687132995a9","contentHash":"f0e0ed243a95b3b200904e80e2941c983a85bb5dfbc2f48c301d3eb2695d7e10","source":"startup_flush","ts":"2026-08-23T16:53:21.091Z"}
{"level":"info","event":"content.park.deposit.result","relayPeerId":"12D3KooWJJZCat99obu2Pjr948bmUrUPpvdvwXh4Ecd4vrYTjAD6","ok":true,"ts":"2026-08-23T16:53:21.095Z"}
{"level":"info","event":"content.park.deposited","sessionId":"4a83b7c20e4ef751c4160687132995a9","contentHash":"f0e0ed243a95b3b200904e80e2941c983a85bb5dfbc2f48c301d3eb2695d7e10","source":"startup_flush","ts":"2026-08-23T16:53:21.095Z"}
{"level":"info","event":"content.park.flush.completed","sessionCount":1,"parkedCount":1,"agentName":"agentB","ts":"2026-08-23T16:53:21.095Z"}
{"level":"info","event":"content.park.pull.result","relayPeerId":"12D3KooWJJZCat99obu2Pjr948bmUrUPpvdvwXh4Ecd4vrYTjAD6","count":0,"ts":"2026-08-23T16:53:21.096Z"}
{"level":"info","event":"content.recover.auto.completed","agentName":"agentB","trigger":"periodic_backstop","recovered":0,"relayCount":1,"failedRelays":0,"refused":0,"ts":"2026-08-23T16:53:21.096Z"}
{"level":"debug","event":"transport.connections.observed","sessionId":"standing_receiver_74094902-8075-422e-b41d-0c91195a0c9b","total":2,"inbound":0,"neverSpoke":0,"maxConnections":300,"ts":"2026-08-23T16:53:21.096Z"}

 ❯ src/spine/j-stale-session.spine.test.ts (1 test | 1 failed) 370201ms
   × J-STALE-SESSION — a document act across a session that outlived a restart > the peer sees an invitation sent after ITS OWN daemon restarted, or it does not 316520ms
     → B never converged at all within five minutes: expected -1 to be greater than -1
DROP DATABASE
OpenJDK 64-Bit Server VM warning: Unable to get SVE vector length on this system. Disabling SVE. Specify -XX:UseSVE=0 to shun this warning.
Flyway OSS Edition 11.13.2 by Redgate

See release notes here: https://rd.gt/416ObMi
Database: jdbc:postgresql://postgres:5432/cello_spine (PostgreSQL 18.4)
WARNING: Using PostgreSQL 18.4 which is newer than the version Flyway has been verified with. The latest verified version of PostgreSQL is 17.
Schema history table "public"."flyway_schema_history" does not exist yet
Successfully validated 63 migrations (execution time 00:00.067s)
Creating Schema History table "public"."flyway_schema_history" ...
Current version of schema "public": << Empty Schema >>
WARNING: DB: relation "notification_queue" already exists, skipping (SQL State: 42P07 - Error Code: 0)
WARNING: DB: relation "pending_connection_requests" already exists, skipping (SQL State: 42P07 - Error Code: 0)
 ✓ src/spine/j-conn.spine.test.ts (2 tests) 29725ms
   ✓ J-CONN — per-agent directory connections, no keystone (CELLO-M7-CONN-001) > DOD-CONN-1 / SI-001: removing the former-primary agent does NOT strand the daemon — a fresh registration still succeeds (the Demo1 repro)  4043ms
   ✓ J-CONN — per-agent directory connections, no keystone (CELLO-M7-CONN-001) > DOD-CONN-1: name reuse after removal — removing then recreating the SAME name registers a fresh identity without stranding  2607ms
 ✓ src/spine/__tests__/portal-ingress-reachable.spine.test.ts (1 test) 100ms

⎯⎯⎯⎯⎯⎯ Failed Tests 49 ⎯⎯⎯⎯⎯⎯⎯

 FAIL  src/spine/j-canary.spine.test.ts > J-CANARY — DOD-ZEROBUMP-CANARY-1: a type the system has never seen, live, zero diffs > canary_test type: compose→submit→deliver→present→verify→consume→floor→retire — git stays clean
AssertionError: cello-client must be clean before the canary: expected false to be true // Object.is equality

[32m- Expected[39m
[31m+ Received[39m

[32m- true[39m
[31m+ false[39m

 ❯ src/spine/j-canary.spine.test.ts:142:89
    140|     // ── PROOF ANCHOR: both repos are clean before we begin ──
    141|     expect(gitClean(TRUSTLESS_ROOT), "trustless-cello must be clean be…
    142|     expect(gitClean(CELLO_CLIENT_ROOT), "cello-client must be clean be…
       |                                                                                         ^
    143| 
    144|     const accountId = `acct-canary-${randomBytes(8).toString("hex")}`;

⎯⎯⎯⎯⎯⎯⎯⎯⎯⎯⎯⎯⎯⎯⎯⎯⎯⎯⎯⎯⎯⎯⎯[1/49]⎯

 FAIL  src/spine/j-content.spine.test.ts > J-CONTENT — relay store-and-forward, live (DOD-MSG-3 / MSG-001-3b) > DOD-MSG-7 (desync only on tamper) — tampered parked content is the ONLY desync; recovery-failure keeps the session alive
AssertionError: only the honest entry is accepted: expected +0 to be 1 // Object.is equality

[32m- Expected[39m
[31m+ Received[39m

[32m- 1[39m
[31m+ 0[39m

 ❯ src/spine/j-content.spine.test.ts:345:64
    343|     expect(rec.pulled, "all three parked entries pulled").toBe(3);
    344|     // ONLY the honest one is recovered — tamper + corrupt are rejecte…
    345|     expect(rec.recovered, "only the honest entry is accepted").toBe(1);
       |                                                                ^
    346| 
    347|     const tail = daemonB.output;

⎯⎯⎯⎯⎯⎯⎯⎯⎯⎯⎯⎯⎯⎯⎯⎯⎯⎯⎯⎯⎯⎯⎯[2/49]⎯

 FAIL  src/spine/j-content.spine.test.ts > J-CONTENT — relay store-and-forward, live (DOD-MSG-3 / MSG-001-3b) > DOD-MSG-5 (dedup) — a message arriving BOTH directly and via park yields exactly ONE leaf
Error: [daemon-dedupB] timed out after 15000ms waiting for /"event":"session\.content\.received"[^\n]*"contentHashHex":"d4a23aea5e6a01bfd9a1a1024380c01bfb2feaad7b813fd30ac93470b0faa2ba"/.
--- last 20 lines ---
{"level":"info","event":"session.relay.assignment.recorded","relayPeerId":"12D3KooWBFHbJpeU38vF4KfbD1EVxFyeJoE8cDXUnsJVA4G2WQYQ","sessionShort":"566376f79b18f4eb","ts":"2026-08-23T15:58:41.891Z"}
{"level":"info","event":"transport.autonat.result","dialable":false,"publicAddr":null,"nodeType":"standing_receiver","note":"autonat_unavailable — directory in reconnecting state","ts":"2026-08-23T15:58:41.897Z"}
{"level":"warn","event":"transport.autonat.unavailable","nodeType":"standing_receiver","directorySignalingStatus":"reconnecting","ts":"2026-08-23T15:58:41.897Z"}
{"level":"info","event":"session.node.created","sessionId":"standing_receiver_e3c3b938-1607-48ec-8952-73971ff11742","agentName":"__standing_receiver__:agentB","sessionPeerId":"12D3KooWK1F4TJddr7ud35qUssSMiKXkKefvJa3KaCJ48s7xhy2X","correlationId":"35625179-c186-4b5e-a725-e7427a4a227c","ts":"2026-08-23T15:58:41.897Z"}
{"level":"info","event":"session.standing_receiver.reachability","agentName":"agentB","circuitAddrs":1,"reservationsRequested":1,"correlationId":"35625179-c186-4b5e-a725-e7427a4a227c","ts":"2026-08-23T15:58:41.897Z"}
{"level":"info","event":"content.recover.drain.triggered","agentName":"agentB","reason":"standing_receiver_ready","ts":"2026-08-23T15:58:41.897Z"}
{"level":"info","event":"session.liveness.changed","sessionId":"566376f79b18f4ebee6b3c74b904db75","counterpartyPubkey":"a1948c86ce4478302e482549873f8c8466f61cea036f27d6a03ac5a16461ad11","transportPath":"direct","liveness":"alive","observedBy":"session_node","correlationId":"35625179-c186-4b5e-a725-e7427a4a227c","ts":"2026-08-23T15:58:41.898Z"}
{"level":"debug","event":"session.salt.announced","agentName":"agentB","sessionId":"566376f79b18f4ebee6b3c74b904db75","correlationId":"35625179-c186-4b5e-a725-e7427a4a227c","state":"offering_contribution","ts":"2026-08-23T15:58:41.900Z"}
{"level":"info","event":"session.salt.agreed","agentName":"agentB","sessionId":"566376f79b18f4ebee6b3c74b904db75","via":"derived","ts":"2026-08-23T15:58:41.901Z"}
{"level":"debug","event":"session.salt.announced","agentName":"agentB","sessionId":"566376f79b18f4ebee6b3c74b904db75","state":"holds_salt","ts":"2026-08-23T15:58:41.903Z"}
{"level":"info","event":"content.park.pull.result","relayPeerId":"12D3KooWBFHbJpeU38vF4KfbD1EVxFyeJoE8cDXUnsJVA4G2WQYQ","count":0,"ts":"2026-08-23T15:58:41.904Z"}
{"level":"info","event":"content.recover.auto.completed","agentName":"agentB","trigger":"standing_receiver_ready","recovered":0,"relayCount":1,"failedRelays":0,"refused":0,"ts":"2026-08-23T15:58:41.904Z"}
{"level":"info","event":"session.salt.agreed","agentName":"agentB","sessionId":"566376f79b18f4ebee6b3c74b904db75","via":"fingerprint_match","ts":"2026-08-23T15:58:41.905Z"}
{"level":"info","event":"session.relay.leaf.delivered","sessionId":"566376f79b18f4ebee6b3c74b904db75","sequenceNumber":1,"leafKind":0,"correlationId":"35625179-c186-4b5e-a725-e7427a4a227c","ts":"2026-08-23T15:58:41.906Z"}
{"level":"info","event":"session.content.ordering.recorded","sessionId":"566376f79b18f4ebee6b3c74b904db75","canonicalSeq":0,"source":"content_frame","correlationId":"036f24ec-3f3e-4eda-898b-603105b8950d","ts":"2026-08-23T15:58:41.909Z"}
{"level":"info","event":"session.tree.appended","sessionId":"566376f79b18f4ebee6b3c74b904db75","leafIndex":0,"newRootHex":"288c6be396f4f1bc4def276fcd019718807dc1c11f6b2362c63761cc1ad2dbbc","correlationId":"036f24ec-3f3e-4eda-898b-603105b8950d","ts":"2026-08-23T15:58:41.912Z"}
{"level":"info","event":"transcript.message.recorded","sessionId":"566376f79b18f4ebee6b3c74b904db75","agentName":"agentB","sequence":0,"direction":"received","correlationId":"036f24ec-3f3e-4eda-898b-603105b8950d","ts":"2026-08-23T15:58:41.912Z"}
{"level":"info","event":"session.content.received","sessionId":"566376f79b18f4ebee6b3c74b904db75","senderPubkey":"a1948c86ce4478302e482549873f8c8466f61cea036f27d6a03ac5a16461ad11","contentHashHex":"288c6be396f4f1bc4def276fcd019718807dc1c11f6b2362c63761cc1ad2dbbc","sequenceNumber":0,"correlationId":"036f24ec-3f3e-4eda-898b-603105b8950d","ts":"2026-08-23T15:58:41.913Z"}
{"level":"debug","event":"moniker.resolved","agentName":"agentB","sessionId":"566376f79b18f4ebee6b3c74b904db75","pubkey":"a1948c86ce4478302e482549873f8c8466f61cea036f27d6a03ac5a16461ad11","source":"offered","whoKnown":false,"ts":"2026-08-23T15:58:41.913Z"}
{"level":"info","event":"content.delivery.ack.sent","sessionId":"566376f79b18f4ebee6b3c74b904db75","contentHash":"288c6be396f4f1bc4def276fcd019718807dc1c11f6b2362c63761cc1ad2dbbc","correlationId":"036f24ec-3f3e-4eda-898b-603105b8950d","ts":"2026-08-23T15:58:41.914Z"}
 ❯ Timeout._onTimeout src/spine/live-harness.ts:189:11
    187|         this.waiters = this.waiters.filter((w) => w.timer !== timer);
    188|         reject(
    189|           new Error(
       |           ^
    190|             `[${this.name}] timed out after ${timeoutMs}ms waiting for…
    191|               `--- last 20 lines ---\n${this.lines.slice(-20).join("\n…

⎯⎯⎯⎯⎯⎯⎯⎯⎯⎯⎯⎯⎯⎯⎯⎯⎯⎯⎯⎯⎯⎯⎯[3/49]⎯

 FAIL  src/spine/j-content.spine.test.ts > J-CONTENT — relay store-and-forward, live (DOD-MSG-3 / MSG-001-3b) > DOD-MSG-1 (ACK ladder) — a persisted delivery ACK resolves the send; the protocol acts on persisted
Error: [daemon-ackA] timed out after 12000ms waiting for /"event":"content\.delivery\.acked"[^\n]*"contentHash":"4b26f3540b02957f9e255c7cb738bc1612789fc9fb93b6b3582f4ea64bd76257"/.
--- last 20 lines ---
{"level":"warn","event":"transport.autonat.unavailable","nodeType":"standing_receiver","directorySignalingStatus":"reconnecting","ts":"2026-08-23T15:58:59.071Z"}
{"level":"info","event":"session.node.created","sessionId":"standing_receiver_21c276cd-de3b-44b6-9e57-6dafbbf38d98","agentName":"__standing_receiver__:agentA","sessionPeerId":"12D3KooWGghpDFtZWWEVveNrMGC5xAN4C9ihUMDv9Ur22JFH3LVq","correlationId":"1f90ea6c-8677-41f6-9e98-fa524334dccf","ts":"2026-08-23T15:58:59.071Z"}
{"level":"info","event":"session.standing_receiver.reachability","agentName":"agentA","circuitAddrs":1,"reservationsRequested":1,"correlationId":"1f90ea6c-8677-41f6-9e98-fa524334dccf","ts":"2026-08-23T15:58:59.071Z"}
{"level":"info","event":"content.recover.drain.triggered","agentName":"agentA","reason":"standing_receiver_ready","ts":"2026-08-23T15:58:59.071Z"}
{"level":"info","event":"session.liveness.changed","sessionId":"953432fbc4ac83952482d7fc5b94d7e7","counterpartyPubkey":"50f96f0a2e2adbb06ef508d6ae974dd751a41f07c8714ade7d0384814d93d441","transportPath":"direct","liveness":"alive","observedBy":"session_node","correlationId":"1f90ea6c-8677-41f6-9e98-fa524334dccf","ts":"2026-08-23T15:58:59.072Z"}
{"level":"info","event":"session.transport.connected","sessionId":"953432fbc4ac83952482d7fc5b94d7e7","addr":"/ip4/127.0.0.1/tcp/55668/p2p/12D3KooWBNgngLf2zpU4TauFtk1PhvyKiQf5y8Nv4YGE5W7umoQj","correlationId":"1f90ea6c-8677-41f6-9e98-fa524334dccf","ts":"2026-08-23T15:58:59.073Z"}
{"level":"info","event":"document.reconcile.reachable_trigger_fired","agentName":"agentA","trigger":"outbound_session_opened","peer":"50f96f0a2e2adbb0","ts":"2026-08-23T15:58:59.073Z"}
{"level":"info","event":"content.park.pull.result","relayPeerId":"12D3KooWBFHbJpeU38vF4KfbD1EVxFyeJoE8cDXUnsJVA4G2WQYQ","count":0,"ts":"2026-08-23T15:58:59.076Z"}
{"level":"info","event":"content.recover.auto.completed","agentName":"agentA","trigger":"standing_receiver_ready","recovered":0,"relayCount":1,"failedRelays":0,"refused":0,"ts":"2026-08-23T15:58:59.076Z"}
{"level":"info","event":"session.salt.agreed","agentName":"agentA","sessionId":"953432fbc4ac83952482d7fc5b94d7e7","via":"derived","ts":"2026-08-23T15:58:59.078Z"}
{"level":"debug","event":"session.salt.announced","agentName":"agentA","sessionId":"953432fbc4ac83952482d7fc5b94d7e7","correlationId":"1f90ea6c-8677-41f6-9e98-fa524334dccf","state":"offering_contribution","ts":"2026-08-23T15:58:59.078Z"}
{"level":"debug","event":"session.salt.announced","agentName":"agentA","sessionId":"953432fbc4ac83952482d7fc5b94d7e7","state":"holds_salt","ts":"2026-08-23T15:58:59.080Z"}
{"level":"info","event":"session.salt.agreed","agentName":"agentA","sessionId":"953432fbc4ac83952482d7fc5b94d7e7","via":"fingerprint_match","ts":"2026-08-23T15:58:59.080Z"}
{"level":"info","event":"relay.receipt.stored","seq":1,"hashShort":"c4e1e905151d8c21","relayShort":"bade1c3acab5a15c","ts":"2026-08-23T15:58:59.082Z"}
{"level":"info","event":"session.relay.hash.submitted","sessionId":"953432fbc4ac83952482d7fc5b94d7e7","relaySequence":1,"leafIndex":0,"correlationId":"126fd2aa-758c-4632-bbec-1154cbdc839a","ts":"2026-08-23T15:58:59.082Z"}
{"level":"info","event":"session.relay.leaf.delivered","sessionId":"953432fbc4ac83952482d7fc5b94d7e7","sequenceNumber":1,"leafKind":0,"correlationId":"1f90ea6c-8677-41f6-9e98-fa524334dccf","ts":"2026-08-23T15:58:59.083Z"}
{"level":"info","event":"session.tree.appended","sessionId":"953432fbc4ac83952482d7fc5b94d7e7","leafIndex":0,"newRootHex":"c4e1e905151d8c21d7c590ecb7ade326dc42bdbae7258ab1adaa2e9a0ae14325","correlationId":"126fd2aa-758c-4632-bbec-1154cbdc839a","ts":"2026-08-23T15:58:59.083Z"}
{"level":"info","event":"transcript.message.recorded","sessionId":"953432fbc4ac83952482d7fc5b94d7e7","agentName":"agentA","sequence":0,"direction":"sent","correlationId":"126fd2aa-758c-4632-bbec-1154cbdc839a","ts":"2026-08-23T15:58:59.084Z"}
{"level":"info","event":"session.content.sent","sessionId":"953432fbc4ac83952482d7fc5b94d7e7","recipientPubkey":"50f96f0a2e2adbb06ef508d6ae974dd751a41f07c8714ade7d0384814d93d441","contentHashHex":"c4e1e905151d8c21d7c590ecb7ade326dc42bdbae7258ab1adaa2e9a0ae14325","sequenceNumber":0,"correlationId":"126fd2aa-758c-4632-bbec-1154cbdc839a","ts":"2026-08-23T15:58:59.084Z"}
{"level":"persisted","event":"content.delivery.acked","sessionId":"953432fbc4ac83952482d7fc5b94d7e7","contentHash":"c4e1e905151d8c21d7c590ecb7ade326dc42bdbae7258ab1adaa2e9a0ae14325","correlationId":"126fd2aa-758c-4632-bbec-1154cbdc839a","ts":"2026-08-23T15:58:59.089Z"}
 ❯ Timeout._onTimeout src/spine/live-harness.ts:189:11
    187|         this.waiters = this.waiters.filter((w) => w.timer !== timer);
    188|         reject(
    189|           new Error(
       |           ^
    190|             `[${this.name}] timed out after ${timeoutMs}ms waiting for…
    191|               `--- last 20 lines ---\n${this.lines.slice(-20).join("\n…

⎯⎯⎯⎯⎯⎯⎯⎯⎯⎯⎯⎯⎯⎯⎯⎯⎯⎯⎯⎯⎯⎯⎯[4/49]⎯

 FAIL  src/spine/j-content.spine.test.ts > J-CONTENT — relay store-and-forward, live (DOD-MSG-3 / MSG-001-3b) > DOD-MSG-4 (auto-recover) — B drains its parked mailbox automatically on reconnect, with NO explicit recover call
AssertionError: expected '{"level":"info","event":"content.reco…' to match /"recovered":1/

[32m- Expected:[39m 
/"recovered":1/

[31m+ Received:[39m 
"{\"level\":\"info\",\"event\":\"content.recover.auto.completed\",\"agentName\":\"agentB\",\"trigger\":\"signaling_reconnect\",\"recovered\":0,\"relayCount\":1,\"failedRelays\":1,\"refused\":0,\"ts\":\"2026-08-23T15:59:22.481Z\"}"

 ❯ src/spine/j-content.spine.test.ts:624:18
    622|     // The agent-online hook auto-recovers — no explicit recover IPC. …
    623|     const auto = await daemonB.waitForLine(/"event":"content\.recover\…
    624|     expect(auto).toMatch(/"recovered":1/);
       |                  ^
    625|     expect(daemonB.output, "auto-recovered content traverses the inbou…
    626| 

⎯⎯⎯⎯⎯⎯⎯⎯⎯⎯⎯⎯⎯⎯⎯⎯⎯⎯⎯⎯⎯⎯⎯[5/49]⎯

 FAIL  src/spine/j-content.spine.test.ts > J-CONTENT — relay store-and-forward, live (DOD-MSG-3 / MSG-001-3b) > DOD-MSG-8 (irreducible loss is honest) — a post-seal straggler is rejected (session_committed); B's certificate frontier is honest and the straggler never inflates it nor re-enters the transcript
AssertionError: B reads the sealed receipt:
closeA:{"ok":true,"session_id":"9f3b0f4f3398ebdc99f21d992253365d","seal_status":"committed","guidance":"Your SEAL commitment for session 9f3b0f4f3398ebdc99f21d992253365d is recorded and the notarization is now running in the background. The receipt is NOT YET available: the seal completes as soon as the counterparty also closes, and if they never do it escalates to a unilateral seal after about 11 minutes. Fetch it with cello_sealed_receipt (session_id 9f3b0f4f3398ebdc99f21d992253365d) — an empty answer before then means \"still running\", not \"failed\". Do NOT re-close with force:true to hurry it: forcing ABANDONS the session and forfeits the receipt this is earning, which is exactly how seventeen sessions were lost when this call used to block. If the daemon restarts before the seal finishes, it resumes the notarization on its next start."}
closeB:{"ok":true,"session_id":"9f3b0f4f3398ebdc99f21d992253365d","seal_status":"committed","guidance":"Your SEAL commitment for session 9f3b0f4f3398ebdc99f21d992253365d is recorded and the notarization is now running in the background. The receipt is NOT YET available: the seal completes as soon as the counterparty also closes, and if they never do it escalates to a unilateral seal after about 11 minutes. Fetch it with cello_sealed_receipt (session_id 9f3b0f4f3398ebdc99f21d992253365d) — an empty answer before then means \"still running\", not \"failed\". Do NOT re-close with force:true to hurry it: forcing ABANDONS the session and forfeits the receipt this is earning, which is exactly how seventeen sessions were lost when this call used to block. If the daemon restarts before the seal finishes, it resumes the notarization on its next start."}
--- daemonB ---
{"level":"info","event":"content.recover.drain.triggered","agentName":"agentB","reason":"standing_receiver_ready","ts":"2026-08-23T15:59:24.603Z"}
{"level":"info","event":"session.inbound.assignment.verified","sessionId":"9f3b0f4f3398ebdc99f21d992253365d","agentName":"agentB","mode":"internal","impact":"FIRST CONTACT. The signature is internally consistent, which proves the frame was not altered after signing — it does NOT prove which directory signed it, because there is no earlier key recorded for this counterparty to check against. The key in this frame is being pinned now and every later session with them is measured against it.","guidance":"If this counterparty matters, confirm their pubkey out of band before relying on the seal. Once pinned, a substitution IS caught.","correlationId":"3976e1fd-b67f-45fe-b685-2295093708a6","ts":"2026-08-23T15:59:24.877Z"}
{"level":"info","event":"content.recover.drain.triggered","agentName":"agentB","reason":"standing_receiver_ready","ts":"2026-08-23T15:59:24.893Z"}
{"level":"info","event":"content.recover.auto.completed","agentName":"agentB","trigger":"standing_receiver_ready","recovered":0,"relayCount":1,"failedRelays":0,"refused":0,"ts":"2026-08-23T15:59:24.900Z"}
{"level":"info","event":"session.seal.leaf.submitted","sessionId":"9f3b0f4f3398ebdc99f21d992253365d","sequenceNumber":2,"correlationId":"0bc221b8-b222-470f-acec-719b44625286","ts":"2026-08-23T15:59:24.937Z"}
{"level":"warn","event":"session.seal.awaiting_counterparty","sessionId":"9f3b0f4f3398ebdc99f21d992253365d","agentName":"agentB","deadlineMs":660000,"correlationId":"0bc221b8-b222-470f-acec-719b44625286","impact":"the seal is waiting for the counterparty for up to 11 minutes, then escalates to a unilateral seal and produces a real receipt. It is working. Do NOT force-abandon it — that forfeits the receipt this wait is earning.","ts":"2026-08-23T15:59:24.937Z"}: expected false to be true // Object.is equality

[32m- Expected[39m
[31m+ Received[39m

[32m- true[39m
[31m+ false[39m

 ❯ src/spine/j-content.spine.test.ts:686:62
    684|     type Receipt = { ok?: boolean; sealed_root?: string; legibility?: …
    685|     const receipt = (await connB.call("cello_sealed_receipt", { cello_…
    686|     expect(receipt.ok, `B reads the sealed receipt:${diag}`).toBe(true…
       |                                                              ^
    687|     expect(receipt.sealed_root, `receipt root matches the seal:${diag}…
    688|     const frontierOf = (r: Receipt, pubkeyHex: string): number => {

⎯⎯⎯⎯⎯⎯⎯⎯⎯⎯⎯⎯⎯⎯⎯⎯⎯⎯⎯⎯⎯⎯⎯[6/49]⎯

 FAIL  src/spine/j-documents.spine.test.ts > J-DOCUMENTS — two real daemons converge on one document (DOD-DOC-E2E-CONV-1) > propose → consent → concurrent edits including an OVERLAP → both converge → seal verifies over document leaves
AssertionError: A was never told B's decision.
--- A (receiver) document log ---
{"level":"info","event":"security.gateway.spawned","pid":71920,"socketPath":"/var/folders/2q/t2k6pn7x0w1fv15vqyqqg7g80000gn/T/cello-docsA-34wTGY/gateway.sock","ts":"2026-08-23T16:34:30.645Z"}
{"level":"info","event":"security.gateway.layer2","state":"off:no","ts":"2026-08-23T16:34:30.645Z"}
{"level":"info","event":"security.gateway.connected","mode":"enforcing","ts":"2026-08-23T16:34:30.650Z"}
{"level":"debug","event":"document.handlers.registered","verbs":["cello_doc_accept","cello_doc_close","cello_doc_diff","cello_doc_inbox","cello_doc_invite","cello_doc_kill","cello_doc_list","cello_doc_propose","cello_doc_publish","cello_doc_read","cello_doc_refuse","cello_doc_remove","cello_doc_watch","cello_doc_write"],"ts":"2026-08-23T16:34:30.681Z"}
{"level":"info","event":"session.relay.connected","relayPeerId":"12D3KooWJHzS2eCgjga1VqSnd6CKsmT5dqeWoVV1fd2E8YPdikGv","ts":"2026-08-23T16:34:32.328Z"}
{"level":"info","event":"session.relay.assignment.recorded","relayPeerId":"12D3KooWJHzS2eCgjga1VqSnd6CKsmT5dqeWoVV1fd2E8YPdikGv","sessionShort":"149d6cc5f3f05b55","ts":"2026-08-23T16:34:32.332Z"}
{"level":"info","event":"document.reconcile.reachable_trigger_fired","agentName":"agentA","trigger":"outbound_session_opened","peer":"92498b99cecdbe6f","ts":"2026-08-23T16:34:32.337Z"}
{"level":"info","event":"session.relay.leaf.delivered","sessionId":"149d6cc5f3f05b55fa7d24e4f1b37e59","sequenceNumber":1,"leafKind":0,"correlationId":"b08b215d-6278-4b68-87cc-70d9d92ecdbe","ts":"2026-08-23T16:34:32.351Z"}
{"level":"info","event":"session.content.ordering.recorded","sessionId":"149d6cc5f3f05b55fa7d24e4f1b37e59","canonicalSeq":0,"source":"content_frame","correlationId":"a0e8a160-aaba-4b48-ab58-415f5021e6be","ts":"2026-08-23T16:34:32.354Z"}
{"level":"info","event":"session.tree.appended","sessionId":"149d6cc5f3f05b55fa7d24e4f1b37e59","leafIndex":0,"newRootHex":"199910239f6536d0c0175d7ca6258883da5c7456ad85e43e5bc9a7f50e4b9d32","correlationId":"a0e8a160-aaba-4b48-ab58-415f5021e6be","ts":"2026-08-23T16:34:32.358Z"}
{"level":"info","event":"session.content.received","sessionId":"149d6cc5f3f05b55fa7d24e4f1b37e59","senderPubkey":"92498b99cecdbe6fca1ec7520534ecd33814b60c82277518e18c81a43a36bdd2","contentHashHex":"199910239f6536d0c0175d7ca6258883da5c7456ad85e43e5bc9a7f50e4b9d32","sequenceNumber":0,"correlationId":"a0e8a160-aaba-4b48-ab58-415f5021e6be","ts":"2026-08-23T16:34:32.358Z"}
{"level":"info","event":"document.replay.completed","envelopes":0,"applied":0,"ts":"2026-08-23T16:34:32.382Z"}
{"level":"info","event":"document.snapshot.rebuilt","documentId":"3639cd604b752b4927c15d49725818d76b9c16e560c90e71308a099329d51f89","envelopes":0,"withPayload":0,"ts":"2026-08-23T16:34:32.382Z"}
{"level":"info","event":"document.file.materialized","documentId":"3639cd604b752b4927c15d49725818d76b9c16e560c90e71308a099329d51f89","bytes":51,"ts":"2026-08-23T16:34:32.384Z"}
{"level":"info","event":"session.relay.hash.submitted","sessionId":"149d6cc5f3f05b55fa7d24e4f1b37e59","relaySequence":2,"leafIndex":1,"correlationId":"e6abba96-5305-4af6-bd75-1a363be5e8c4","ts":"2026-08-23T16:34:32.389Z"}
{"level":"info","event":"session.relay.leaf.delivered","sessionId":"149d6cc5f3f05b55fa7d24e4f1b37e59","sequenceNumber":2,"leafKind":4,"correlationId":"b08b215d-6278-4b68-87cc-70d9d92ecdbe","ts":"2026-08-23T16:34:32.389Z"}
{"level":"info","event":"session.tree.appended","sessionId":"149d6cc5f3f05b55fa7d24e4f1b37e59","leafIndex":1,"newRootHex":"85f72bae7a0451152cbc132396394f42700553e8d814d58646f59cffb22deabd","correlationId":"e6abba96-5305-4af6-bd75-1a363be5e8c4","ts":"2026-08-23T16:34:32.390Z"}
{"level":"info","event":"document.frame.sent","documentId":"3639cd604b752b4927c15d49725818d76b9c16e560c90e71308a099329d51f89","leafCommitted":true,"leafIndex":1,"sessionId":"149d6cc5f3f05b55fa7d24e4f1b37e59","sessionOpened":false,"bytes":672,"parked":false,"correlationId":"e6abba96-5305-4af6-bd75-1a363be5e8c4","ts":"2026-08-23T16:34:32.390Z"}
{"level":"info","event":"document.proposal.sent","documentId":"3639cd604b752b4927c15d49725818d76b9c16e560c90e71308a099329d51f89","peerAgentId":"92498b99cecdbe6fca1ec7520534ecd33814b60c82277518e18c81a43a36bdd2","sent":true,"correlationId":"e6abba96-5305-4af6-bd75-1a363be5e8c4","ts":"2026-08-23T16:34:32.390Z"}
{"level":"info","event":"session.relay.leaf.delivered","sessionId":"149d6cc5f3f05b55fa7d24e4f1b37e59","sequenceNumber":3,"leafKind":4,"correlationId":"b08b215d-6278-4b68-87cc-70d9d92ecdbe","ts":"2026-08-23T16:34:32.406Z"}
{"level":"info","event":"session.content.ordering.recorded","sessionId":"149d6cc5f3f05b55fa7d24e4f1b37e59","canonicalSeq":2,"source":"content_frame","correlationId":"5f23d422-fc51-4c96-9006-d921bea4b6cc","ts":"2026-08-23T16:34:32.409Z"}
{"level":"info","event":"session.content.screen.skipped_document_frame","sessionId":"149d6cc5f3f05b55fa7d24e4f1b37e59","agentName":"agentA","correlationId":"5f23d422-fc51-4c96-9006-d921bea4b6cc","ts":"2026-08-23T16:34:32.409Z"}
{"level":"info","event":"session.tree.appended","sessionId":"149d6cc5f3f05b55fa7d24e4f1b37e59","leafIndex":2,"newRootHex":"60193e1157a430ff8a9f03e9c597ebeb10be7856c20c9c27265c5be10f62d794","correlationId":"5f23d422-fc51-4c96-9006-d921bea4b6cc","ts":"2026-08-23T16:34:32.409Z"}
{"level":"info","event":"session.document.received","sessionId":"149d6cc5f3f05b55fa7d24e4f1b37e59","senderPubkey":"92498b99cecdbe6fca1ec7520534ecd33814b60c82277518e18c81a43a36bdd2","contentHashHex":"e37b3ce663c4c4f7d6754896506e5a2568c7244ffbe36aab8c1639d5ccd80d84","sequenceNumber":2,"kind":"amendment","correlationId":"5f23d422-fc51-4c96-9006-d921bea4b6cc","ts":"2026-08-23T16:34:32.409Z"}
{"level":"info","event":"document.entry.recorded","documentId":"3639cd604b752b4927c15d49725818d76b9c16e560c90e71308a099329d51f89","entryHash":"bd782a4ea1cfa9c9d79495eb905282e16956a044a13d87ce0de1d7fd6c851d46","author":"92498b99cecdbe6fca1ec7520534ecd33814b60c82277518e18c81a43a36bdd2","authorSeq":1,"kind":"consent","ts":"2026-08-23T16:34:32.411Z"}
{"level":"info","event":"session.relay.leaf.delivered","sessionId":"149d6cc5f3f05b55fa7d24e4f1b37e59","sequenceNumber":4,"leafKind":4,"correlationId":"b08b215d-6278-4b68-87cc-70d9d92ecdbe","ts":"2026-08-23T16:34:32.414Z"}
{"level":"info","event":"session.content.ordering.recorded","sessionId":"149d6cc5f3f05b55fa7d24e4f1b37e59","canonicalSeq":3,"source":"content_frame","correlationId":"f3be3d8d-314d-43c4-9209-a1084b81fb71","ts":"2026-08-23T16:34:32.415Z"}
{"level":"info","event":"session.content.screen.skipped_document_frame","sessionId":"149d6cc5f3f05b55fa7d24e4f1b37e59","agentName":"agentA","correlationId":"f3be3d8d-314d-43c4-9209-a1084b81fb71","ts":"2026-08-23T16:34:32.415Z"}
{"level":"info","event":"session.tree.appended","sessionId":"149d6cc5f3f05b55fa7d24e4f1b37e59","leafIndex":3,"newRootHex":"128f92b8c8b285ec1467a8475a1e1efd2123981f4273c8da93ca4c2b2e40906c","correlationId":"f3be3d8d-314d-43c4-9209-a1084b81fb71","ts":"2026-08-23T16:34:32.415Z"}
{"level":"info","event":"session.document.received","sessionId":"149d6cc5f3f05b55fa7d24e4f1b37e59","senderPubkey":"92498b99cecdbe6fca1ec7520534ecd33814b60c82277518e18c81a43a36bdd2","contentHashHex":"cfc63005d8483e4acfead8b4882b32c60ccfaee8580432dcaf3f7917e6af3f38","sequenceNumber":3,"kind":"proposal_ack","correlationId":"f3be3d8d-314d-43c4-9209-a1084b81fb71","ts":"2026-08-23T16:34:32.415Z"}
{"level":"info","event":"document.proposal.answered","documentId":"3639cd604b752b4927c15d49725818d76b9c16e560c90e71308a099329d51f89","accepted":true,"ts":"2026-08-23T16:34:32.417Z"}
{"level":"info","event":"session.content.leaf_unresolved.fetch","agentName":"agentA","sessionId":"149d6cc5f3f05b55fa7d24e4f1b37e59","contentHash":"e37b3ce663c4c4f7d6754896506e5a2568c7244ffbe36aab8c1639d5ccd80d84","graceMs":2000,"impact":"the relay told us this message exists and its plaintext never arrived directly — fetching it now instead of waiting for the periodic sweep","ts":"2026-08-23T16:34:34.406Z"}
{"level":"info","event":"session.content.leaf_unresolved.fetch","agentName":"agentA","sessionId":"149d6cc5f3f05b55fa7d24e4f1b37e59","contentHash":"cfc63005d8483e4acfead8b4882b32c60ccfaee8580432dcaf3f7917e6af3f38","graceMs":2000,"impact":"the relay told us this message exists and its plaintext never arrived directly — fetching it now instead of waiting for the periodic sweep","ts":"2026-08-23T16:34:34.415Z"}
--- B (sender) document log ---
{"level":"info","event":"security.gateway.spawned","pid":71922,"socketPath":"/var/folders/2q/t2k6pn7x0w1fv15vqyqqg7g80000gn/T/cello-docsB-Bg6WSs/gateway.sock","ts":"2026-08-23T16:34:31.081Z"}
{"level":"info","event":"security.gateway.layer2","state":"off:no","ts":"2026-08-23T16:34:31.082Z"}
{"level":"info","event":"security.gateway.connected","mode":"enforcing","ts":"2026-08-23T16:34:31.087Z"}
{"level":"debug","event":"document.handlers.registered","verbs":["cello_doc_accept","cello_doc_close","cello_doc_diff","cello_doc_inbox","cello_doc_invite","cello_doc_kill","cello_doc_list","cello_doc_propose","cello_doc_publish","cello_doc_read","cello_doc_refuse","cello_doc_remove","cello_doc_watch","cello_doc_write"],"ts":"2026-08-23T16:34:31.117Z"}
{"level":"info","event":"session.relay.connected","relayPeerId":"12D3KooWJHzS2eCgjga1VqSnd6CKsmT5dqeWoVV1fd2E8YPdikGv","ts":"2026-08-23T16:34:32.329Z"}
{"level":"info","event":"document.reconcile.reachable_trigger_fired","agentName":"agentB","trigger":"inbound_session_created","peer":"52139395481b044d","ts":"2026-08-23T16:34:32.330Z"}
{"level":"info","event":"session.relay.assignment.recorded","relayPeerId":"12D3KooWJHzS2eCgjga1VqSnd6CKsmT5dqeWoVV1fd2E8YPdikGv","sessionShort":"149d6cc5f3f05b55","ts":"2026-08-23T16:34:32.334Z"}
{"level":"info","event":"session.relay.hash.submitted","sessionId":"149d6cc5f3f05b55fa7d24e4f1b37e59","relaySequence":1,"leafIndex":0,"correlationId":"a0e8a160-aaba-4b48-ab58-415f5021e6be","ts":"2026-08-23T16:34:32.352Z"}
{"level":"info","event":"session.relay.leaf.delivered","sessionId":"149d6cc5f3f05b55fa7d24e4f1b37e59","sequenceNumber":1,"leafKind":0,"correlationId":"9a8d8240-866a-47d5-a626-000750dffaa8","ts":"2026-08-23T16:34:32.352Z"}
{"level":"info","event":"session.tree.appended","sessionId":"149d6cc5f3f05b55fa7d24e4f1b37e59","leafIndex":0,"newRootHex":"199910239f6536d0c0175d7ca6258883da5c7456ad85e43e5bc9a7f50e4b9d32","correlationId":"a0e8a160-aaba-4b48-ab58-415f5021e6be","ts":"2026-08-23T16:34:32.353Z"}
{"level":"info","event":"session.content.sent","sessionId":"149d6cc5f3f05b55fa7d24e4f1b37e59","recipientPubkey":"52139395481b044d7eb51264d310ec92d5cd582920908bf939945bc36bfdc6b2","contentHashHex":"199910239f6536d0c0175d7ca6258883da5c7456ad85e43e5bc9a7f50e4b9d32","sequenceNumber":0,"correlationId":"a0e8a160-aaba-4b48-ab58-415f5021e6be","ts":"2026-08-23T16:34:32.353Z"}
{"level":"info","event":"session.relay.leaf.delivered","sessionId":"149d6cc5f3f05b55fa7d24e4f1b37e59","sequenceNumber":2,"leafKind":4,"correlationId":"9a8d8240-866a-47d5-a626-000750dffaa8","ts":"2026-08-23T16:34:32.387Z"}
{"level":"info","event":"session.content.ordering.recorded","sessionId":"149d6cc5f3f05b55fa7d24e4f1b37e59","canonicalSeq":1,"source":"content_frame","correlationId":"e6abba96-5305-4af6-bd75-1a363be5e8c4","ts":"2026-08-23T16:34:32.392Z"}
{"level":"info","event":"session.content.screen.skipped_document_frame","sessionId":"149d6cc5f3f05b55fa7d24e4f1b37e59","agentName":"agentB","correlationId":"e6abba96-5305-4af6-bd75-1a363be5e8c4","ts":"2026-08-23T16:34:32.392Z"}
{"level":"info","event":"session.tree.appended","sessionId":"149d6cc5f3f05b55fa7d24e4f1b37e59","leafIndex":1,"newRootHex":"85f72bae7a0451152cbc132396394f42700553e8d814d58646f59cffb22deabd","correlationId":"e6abba96-5305-4af6-bd75-1a363be5e8c4","ts":"2026-08-23T16:34:32.392Z"}
{"level":"info","event":"session.document.received","sessionId":"149d6cc5f3f05b55fa7d24e4f1b37e59","senderPubkey":"52139395481b044d7eb51264d310ec92d5cd582920908bf939945bc36bfdc6b2","contentHashHex":"28174c7106f39d2892509dd6217f0b97fdee06c2da1e4bc7d764e19390ff5431","sequenceNumber":1,"kind":"proposal","correlationId":"e6abba96-5305-4af6-bd75-1a363be5e8c4","ts":"2026-08-23T16:34:32.392Z"}
{"level":"info","event":"document.proposal.received","documentId":"3639cd604b752b4927c15d49725818d76b9c16e560c90e71308a099329d51f89","proposerAgentId":"52139395481b044d7eb51264d310ec92d5cd582920908bf939945bc36bfdc6b2","ts":"2026-08-23T16:34:32.394Z"}
{"level":"info","event":"document.proposal.accepted","documentId":"3639cd604b752b4927c15d49725818d76b9c16e560c90e71308a099329d51f89","ts":"2026-08-23T16:34:32.397Z"}
{"level":"info","event":"document.replay.completed","envelopes":0,"applied":0,"ts":"2026-08-23T16:34:32.399Z"}
{"level":"info","event":"document.snapshot.rebuilt","documentId":"3639cd604b752b4927c15d49725818d76b9c16e560c90e71308a099329d51f89","envelopes":0,"withPayload":0,"ts":"2026-08-23T16:34:32.399Z"}
{"level":"info","event":"document.file.materialized","documentId":"3639cd604b752b4927c15d49725818d76b9c16e560c90e71308a099329d51f89","bytes":51,"ts":"2026-08-23T16:34:32.400Z"}
{"level":"info","event":"document.entry.recorded","documentId":"3639cd604b752b4927c15d49725818d76b9c16e560c90e71308a099329d51f89","entryHash":"bd782a4ea1cfa9c9d79495eb905282e16956a044a13d87ce0de1d7fd6c851d46","author":"92498b99cecdbe6fca1ec7520534ecd33814b60c82277518e18c81a43a36bdd2","authorSeq":1,"kind":"consent","ts":"2026-08-23T16:34:32.403Z"}
{"level":"info","event":"session.relay.hash.submitted","sessionId":"149d6cc5f3f05b55fa7d24e4f1b37e59","relaySequence":3,"leafIndex":2,"correlationId":"5f23d422-fc51-4c96-9006-d921bea4b6cc","ts":"2026-08-23T16:34:32.407Z"}
{"level":"info","event":"session.relay.leaf.delivered","sessionId":"149d6cc5f3f05b55fa7d24e4f1b37e59","sequenceNumber":3,"leafKind":4,"correlationId":"9a8d8240-866a-47d5-a626-000750dffaa8","ts":"2026-08-23T16:34:32.407Z"}
{"level":"info","event":"session.tree.appended","sessionId":"149d6cc5f3f05b55fa7d24e4f1b37e59","leafIndex":2,"newRootHex":"60193e1157a430ff8a9f03e9c597ebeb10be7856c20c9c27265c5be10f62d794","correlationId":"5f23d422-fc51-4c96-9006-d921bea4b6cc","ts":"2026-08-23T16:34:32.408Z"}
{"level":"info","event":"document.frame.sent","documentId":"3639cd604b752b4927c15d49725818d76b9c16e560c90e71308a099329d51f89","leafCommitted":true,"leafIndex":2,"sessionId":"149d6cc5f3f05b55fa7d24e4f1b37e59","sessionOpened":false,"bytes":836,"parked":false,"correlationId":"5f23d422-fc51-4c96-9006-d921bea4b6cc","ts":"2026-08-23T16:34:32.408Z"}
{"level":"info","event":"session.relay.hash.submitted","sessionId":"149d6cc5f3f05b55fa7d24e4f1b37e59","relaySequence":4,"leafIndex":3,"correlationId":"f3be3d8d-314d-43c4-9209-a1084b81fb71","ts":"2026-08-23T16:34:32.412Z"}
{"level":"info","event":"session.relay.leaf.delivered","sessionId":"149d6cc5f3f05b55fa7d24e4f1b37e59","sequenceNumber":4,"leafKind":4,"correlationId":"9a8d8240-866a-47d5-a626-000750dffaa8","ts":"2026-08-23T16:34:32.412Z"}
{"level":"info","event":"session.tree.appended","sessionId":"149d6cc5f3f05b55fa7d24e4f1b37e59","leafIndex":3,"newRootHex":"128f92b8c8b285ec1467a8475a1e1efd2123981f4273c8da93ca4c2b2e40906c","correlationId":"f3be3d8d-314d-43c4-9209-a1084b81fb71","ts":"2026-08-23T16:34:32.414Z"}
{"level":"info","event":"document.frame.sent","documentId":"3639cd604b752b4927c15d49725818d76b9c16e560c90e71308a099329d51f89","leafCommitted":true,"leafIndex":3,"sessionId":"149d6cc5f3f05b55fa7d24e4f1b37e59","sessionOpened":false,"bytes":327,"parked":false,"correlationId":"f3be3d8d-314d-43c4-9209-a1084b81fb71","ts":"2026-08-23T16:34:32.414Z"}
{"level":"info","event":"session.content.leaf_unresolved.fetch","agentName":"agentB","sessionId":"149d6cc5f3f05b55fa7d24e4f1b37e59","contentHash":"28174c7106f39d2892509dd6217f0b97fdee06c2da1e4bc7d764e19390ff5431","graceMs":2000,"impact":"the relay told us this message exists and its plaintext never arrived directly — fetching it now instead of waiting for the periodic sweep","ts":"2026-08-23T16:34:34.389Z"}: expected undefined to be true // Object.is equality

[32m- Expected:[39m 
true

[31m+ Received:[39m 
undefined

 ❯ src/spine/j-documents.spine.test.ts:299:7
    297|         `--- A (receiver) document log ---\n${documentLines(a.daemon)}…
    298|         `--- B (sender) document log ---\n${documentLines(b.daemon)}`,
    299|     ).toBe(true);
       |       ^
    300| 
    301|     // ── 3. CONCURRENT EDITS, INCLUDING AN OVERLAPPING REGION ───────…

⎯⎯⎯⎯⎯⎯⎯⎯⎯⎯⎯⎯⎯⎯⎯⎯⎯⎯⎯⎯⎯⎯⎯[7/49]⎯

 FAIL  src/spine/j-documents.spine.test.ts > J-DOCUMENTS — two real daemons converge on one document (DOD-DOC-E2E-CONV-1) > a KILL reaches the peer over the real session and stops their document too
AssertionError: the peer was never told about the kill: expected undefined to be true // Object.is equality

[32m- Expected:[39m 
true

[31m+ Received:[39m 
undefined

 ❯ src/spine/j-documents.spine.test.ts:439:75
    437|     };
    438|     expect(killed.ok).toBe(true);
    439|     expect(killed.peerNotified, "the peer was never told about the kil…
       |                                                                           ^
    440| 
    441|     const t = Date.now() + 60_000;

⎯⎯⎯⎯⎯⎯⎯⎯⎯⎯⎯⎯⎯⎯⎯⎯⎯⎯⎯⎯⎯⎯⎯[8/49]⎯

 FAIL  src/spine/j-documents.spine.test.ts > J-DOCUMENTS-OFFLINE — a change survives BOTH daemons restarting (DOD-DOC-E2E-OFFLINE-1) > publish while the peer is down, restart the SENDER, then the peer — the update lands with no agent action
TypeError: actual value must be number or bigint, received "undefined"
 ❯ src/spine/j-documents.spine.test.ts:526:7
    524|       stillPending.documents?.find((d) => d.documentId === documentId)…
    525|       `the restarted sender forgot the undelivered change: ${JSON.stri…
    526|     ).toBeGreaterThan(0);
       |       ^
    527|     // And its own copy is intact — rebuilt from the log, not lost wit…
    528|     expect(await connA2.call("cello_doc_read", { document_id: document…

⎯⎯⎯⎯⎯⎯⎯⎯⎯⎯⎯⎯⎯⎯⎯⎯⎯⎯⎯⎯⎯⎯⎯[9/49]⎯

 FAIL  src/spine/j-documents.spine.test.ts > J-DOCUMENTS-REJECT — a refused envelope seals, and both sides verify it (DOD-DOC-E2E-REJECT-1) > a quarantined update leaves a 0x05 leaf, and the session still seals to the same root on both sides
AssertionError: expected false to be true // Object.is equality

[32m- Expected[39m
[31m+ Received[39m

[32m- true[39m
[31m+ false[39m

 ❯ src/spine/j-documents.spine.test.ts:724:34
    722|       content: "I could not take that change",
    723|       signal: "over",
    724|     })) as { ok?: boolean }).ok).toBe(true);
       |                                  ^
    725|     expect(((await b.conn.call("cello_receive", {
    726|       cello_session_id: b.sessionId,

⎯⎯⎯⎯⎯⎯⎯⎯⎯⎯⎯⎯⎯⎯⎯⎯⎯⎯⎯⎯⎯⎯[10/49]⎯

 FAIL  src/spine/j-documents.spine.test.ts > J-DOCUMENTS-REJECT — a refused envelope seals, and both sides verify it (DOD-DOC-E2E-REJECT-1) > repeated refusals STALL the document rather than retrying forever
AssertionError: the 4th supersession published even though the ceiling is 3 rounds: {"ok":false,"reason":"document_stalled","guidance":"this document stopped accepting updates. Two things set that state and they need different actions: the peer's gate REFUSED your updates repeatedly (look for document.rejection.received), or their daemon never CONFIRMED them at all (look for document.delivery.unacked_limit — that one may be a local fault, not theirs). Nothing was changed locally — an edit applied here could never be published or recovered, and would disappear the next time the daemon restarted."}: expected { ok: false, …(2) } to match object { ok: true, published: false, …(1) }
(1 matching property omitted from actual)

[32m- Expected[39m
[31m+ Received[39m

[2m  {[22m
[32m-   "ok": true,[39m
[32m-   "published": false,[39m
[31m+   "ok": false,[39m
[2m    "reason": "document_stalled",[22m
[2m  }[22m

 ❯ src/spine/j-documents.spine.test.ts:882:7
    880|       overCeiling,
    881|       `the 4th supersession published even though the ceiling is ${3} …
    882|     ).toMatchObject({ ok: true, published: false, reason: "document_st…
       |       ^
    883| 
    884|     const statusOf = async (conn: McpConn): Promise<string | undefined…

⎯⎯⎯⎯⎯⎯⎯⎯⎯⎯⎯⎯⎯⎯⎯⎯⎯⎯⎯⎯⎯⎯[11/49]⎯

 FAIL  src/spine/j-documents.spine.test.ts > J-DOCUMENTS-TERMINAL — a REFUSED proposal settles its in-flight update (DOD-DOC-INBOUND-TERMINAL-1) > an update published before the refusal stops retrying once the peer says they have no such document
AssertionError: A's update never settled — it is still queued for a peer that will never accept it.
--- A (sender) document log ---
{"level":"info","event":"security.gateway.spawned","pid":72097,"socketPath":"/var/folders/2q/t2k6pn7x0w1fv15vqyqqg7g80000gn/T/cello-terminalA-Ol9w3g/gateway.sock","ts":"2026-08-23T16:37:07.202Z"}
{"level":"info","event":"security.gateway.layer2","state":"off:no","ts":"2026-08-23T16:37:07.202Z"}
{"level":"info","event":"security.gateway.connected","mode":"enforcing","ts":"2026-08-23T16:37:07.207Z"}
{"level":"debug","event":"document.handlers.registered","verbs":["cello_doc_accept","cello_doc_close","cello_doc_diff","cello_doc_inbox","cello_doc_invite","cello_doc_kill","cello_doc_list","cello_doc_propose","cello_doc_publish","cello_doc_read","cello_doc_refuse","cello_doc_remove","cello_doc_watch","cello_doc_write"],"ts":"2026-08-23T16:37:07.233Z"}
{"level":"info","event":"session.relay.connected","relayPeerId":"12D3KooWJHzS2eCgjga1VqSnd6CKsmT5dqeWoVV1fd2E8YPdikGv","ts":"2026-08-23T16:37:08.715Z"}
{"level":"info","event":"session.relay.assignment.recorded","relayPeerId":"12D3KooWJHzS2eCgjga1VqSnd6CKsmT5dqeWoVV1fd2E8YPdikGv","sessionShort":"c3d73b165c57e486","ts":"2026-08-23T16:37:08.719Z"}
{"level":"info","event":"document.reconcile.reachable_trigger_fired","agentName":"agentA","trigger":"outbound_session_opened","peer":"46f44f0b7d98c074","ts":"2026-08-23T16:37:08.725Z"}
{"level":"info","event":"session.relay.leaf.delivered","sessionId":"c3d73b165c57e4862d313fdf9e204f41","sequenceNumber":1,"leafKind":0,"correlationId":"2c0d84a2-705c-418a-bfc9-37af4187c9a6","ts":"2026-08-23T16:37:08.736Z"}
{"level":"info","event":"session.content.ordering.recorded","sessionId":"c3d73b165c57e4862d313fdf9e204f41","canonicalSeq":0,"source":"content_frame","correlationId":"f75912d2-33ab-4f69-8dfa-916687afca33","ts":"2026-08-23T16:37:08.739Z"}
{"level":"info","event":"session.tree.appended","sessionId":"c3d73b165c57e4862d313fdf9e204f41","leafIndex":0,"newRootHex":"5930d04192e25ad6a69b73c4e612dfaaf38496a149b550a2a1e40bb9845bb604","correlationId":"f75912d2-33ab-4f69-8dfa-916687afca33","ts":"2026-08-23T16:37:08.742Z"}
{"level":"info","event":"session.content.received","sessionId":"c3d73b165c57e4862d313fdf9e204f41","senderPubkey":"46f44f0b7d98c074839f2f661e01eefb807cf10d2be2d4c8b65dcdbd01b6452e","contentHashHex":"5930d04192e25ad6a69b73c4e612dfaaf38496a149b550a2a1e40bb9845bb604","sequenceNumber":0,"correlationId":"f75912d2-33ab-4f69-8dfa-916687afca33","ts":"2026-08-23T16:37:08.742Z"}
{"level":"info","event":"document.replay.completed","envelopes":0,"applied":0,"ts":"2026-08-23T16:37:08.764Z"}
{"level":"info","event":"document.snapshot.rebuilt","documentId":"5481a9ee102fcebd1fc07904f7ff723d0a54797d2d65e084cec99d1068aecdbd","envelopes":0,"withPayload":0,"ts":"2026-08-23T16:37:08.764Z"}
{"level":"info","event":"document.file.materialized","documentId":"5481a9ee102fcebd1fc07904f7ff723d0a54797d2d65e084cec99d1068aecdbd","bytes":8,"ts":"2026-08-23T16:37:08.766Z"}
{"level":"info","event":"session.relay.hash.submitted","sessionId":"c3d73b165c57e4862d313fdf9e204f41","relaySequence":2,"leafIndex":1,"correlationId":"52d16b87-f9bb-498f-9acd-4085a87fe9f6","ts":"2026-08-23T16:37:08.770Z"}
{"level":"info","event":"session.relay.leaf.delivered","sessionId":"c3d73b165c57e4862d313fdf9e204f41","sequenceNumber":2,"leafKind":4,"correlationId":"2c0d84a2-705c-418a-bfc9-37af4187c9a6","ts":"2026-08-23T16:37:08.770Z"}
{"level":"info","event":"session.tree.appended","sessionId":"c3d73b165c57e4862d313fdf9e204f41","leafIndex":1,"newRootHex":"72db32a220007066b1f861ab38d17c5b3e8e53b3e00babfee237927bd73c97ab","correlationId":"52d16b87-f9bb-498f-9acd-4085a87fe9f6","ts":"2026-08-23T16:37:08.771Z"}
{"level":"info","event":"document.frame.sent","documentId":"5481a9ee102fcebd1fc07904f7ff723d0a54797d2d65e084cec99d1068aecdbd","leafCommitted":true,"leafIndex":1,"sessionId":"c3d73b165c57e4862d313fdf9e204f41","sessionOpened":false,"bytes":629,"parked":false,"correlationId":"52d16b87-f9bb-498f-9acd-4085a87fe9f6","ts":"2026-08-23T16:37:08.771Z"}
{"level":"info","event":"document.proposal.sent","documentId":"5481a9ee102fcebd1fc07904f7ff723d0a54797d2d65e084cec99d1068aecdbd","peerAgentId":"46f44f0b7d98c074839f2f661e01eefb807cf10d2be2d4c8b65dcdbd01b6452e","sent":true,"correlationId":"52d16b87-f9bb-498f-9acd-4085a87fe9f6","ts":"2026-08-23T16:37:08.771Z"}
{"level":"info","event":"document.published","documentId":"5481a9ee102fcebd1fc07904f7ff723d0a54797d2d65e084cec99d1068aecdbd","envelopeHash":"79b658448ac470e02bc1f8e0947f2b7e9f7272ab79f2504368365ffd0221b87b","bytes":51,"senderClientId":3904939356,"ts":"2026-08-23T16:37:08.774Z"}
{"level":"info","event":"document.file.materialized","documentId":"5481a9ee102fcebd1fc07904f7ff723d0a54797d2d65e084cec99d1068aecdbd","bytes":24,"ts":"2026-08-23T16:37:08.776Z"}
{"level":"info","event":"session.relay.hash.submitted","sessionId":"c3d73b165c57e4862d313fdf9e204f41","relaySequence":3,"leafIndex":2,"correlationId":"e20108f7-c8c5-4a58-9580-bf203b3816ce","ts":"2026-08-23T16:37:08.777Z"}
{"level":"info","event":"session.relay.leaf.delivered","sessionId":"c3d73b165c57e4862d313fdf9e204f41","sequenceNumber":3,"leafKind":4,"correlationId":"2c0d84a2-705c-418a-bfc9-37af4187c9a6","ts":"2026-08-23T16:37:08.777Z"}
{"level":"info","event":"session.tree.appended","sessionId":"c3d73b165c57e4862d313fdf9e204f41","leafIndex":2,"newRootHex":"e3e6b7229989d88a4dc2708ddfa32381bf48600556b75fe6089ef435bf3ec82f","correlationId":"e20108f7-c8c5-4a58-9580-bf203b3816ce","ts":"2026-08-23T16:37:08.779Z"}
{"level":"info","event":"document.frame.sent","documentId":"ack","leafCommitted":true,"leafIndex":2,"sessionId":"c3d73b165c57e4862d313fdf9e204f41","sessionOpened":false,"bytes":346,"parked":false,"correlationId":"e20108f7-c8c5-4a58-9580-bf203b3816ce","ts":"2026-08-23T16:37:08.779Z"}
{"level":"info","event":"document.reconcile.initiated","peerAgentId":"46f44f0b7d98c074839f2f661e01eefb807cf10d2be2d4c8b65dcdbd01b6452e","documents":1,"ts":"2026-08-23T16:37:08.779Z"}
{"level":"info","event":"session.relay.leaf.delivered","sessionId":"c3d73b165c57e4862d313fdf9e204f41","sequenceNumber":4,"leafKind":4,"correlationId":"2c0d84a2-705c-418a-bfc9-37af4187c9a6","ts":"2026-08-23T16:37:08.780Z"}
{"level":"info","event":"session.content.ordering.recorded","sessionId":"c3d73b165c57e4862d313fdf9e204f41","canonicalSeq":3,"source":"content_frame","correlationId":"f2e63fbf-c3e9-44e7-aec1-a2fe17b33dee","ts":"2026-08-23T16:37:08.785Z"}
{"level":"info","event":"session.content.screen.skipped_document_frame","sessionId":"c3d73b165c57e4862d313fdf9e204f41","agentName":"agentA","correlationId":"f2e63fbf-c3e9-44e7-aec1-a2fe17b33dee","ts":"2026-08-23T16:37:08.785Z"}
{"level":"info","event":"session.tree.appended","sessionId":"c3d73b165c57e4862d313fdf9e204f41","leafIndex":3,"newRootHex":"db763d1370649ab5b9664810e7ac8fa249dded9bbde5973fd76ffe4083cd959e","correlationId":"f2e63fbf-c3e9-44e7-aec1-a2fe17b33dee","ts":"2026-08-23T16:37:08.786Z"}
{"level":"info","event":"session.document.received","sessionId":"c3d73b165c57e4862d313fdf9e204f41","senderPubkey":"46f44f0b7d98c074839f2f661e01eefb807cf10d2be2d4c8b65dcdbd01b6452e","contentHashHex":"f2a179bc1a56e19342718f7f80303591addbe9d3815b69eb82a673ae728c83f4","sequenceNumber":3,"kind":"proposal_ack","correlationId":"f2e63fbf-c3e9-44e7-aec1-a2fe17b33dee","ts":"2026-08-23T16:37:08.786Z"}
{"level":"info","event":"document.proposal.answered","documentId":"5481a9ee102fcebd1fc07904f7ff723d0a54797d2d65e084cec99d1068aecdbd","accepted":false,"reason":"wrong document","ts":"2026-08-23T16:37:08.787Z"}
{"level":"info","event":"session.relay.leaf.delivered","sessionId":"c3d73b165c57e4862d313fdf9e204f41","sequenceNumber":5,"leafKind":4,"correlationId":"2c0d84a2-705c-418a-bfc9-37af4187c9a6","ts":"2026-08-23T16:37:08.787Z"}
{"level":"info","event":"session.content.ordering.recorded","sessionId":"c3d73b165c57e4862d313fdf9e204f41","canonicalSeq":4,"source":"content_frame","correlationId":"0607d9df-0d58-42cd-bc71-d798e263e03c","ts":"2026-08-23T16:37:08.789Z"}
{"level":"info","event":"session.content.screen.skipped_document_frame","sessionId":"c3d73b165c57e4862d313fdf9e204f41","agentName":"agentA","correlationId":"0607d9df-0d58-42cd-bc71-d798e263e03c","ts":"2026-08-23T16:37:08.789Z"}
{"level":"info","event":"session.tree.appended","sessionId":"c3d73b165c57e4862d313fdf9e204f41","leafIndex":4,"newRootHex":"1ac970112f04bbec61b2ec1b7951bf53bd7e1ab350ac7b473190f48c18a38d1a","correlationId":"0607d9df-0d58-42cd-bc71-d798e263e03c","ts":"2026-08-23T16:37:08.789Z"}
{"level":"info","event":"session.document.received","sessionId":"c3d73b165c57e4862d313fdf9e204f41","senderPubkey":"46f44f0b7d98c074839f2f661e01eefb807cf10d2be2d4c8b65dcdbd01b6452e","contentHashHex":"6ab54dbd6b135e0da9cc691dd2ffe71d70158018072169992c0658126eb9e172","sequenceNumber":4,"kind":"reconcile","correlationId":"0607d9df-0d58-42cd-bc71-d798e263e03c","ts":"2026-08-23T16:37:08.789Z"}
{"level":"info","event":"session.relay.hash.submitted","sessionId":"c3d73b165c57e4862d313fdf9e204f41","relaySequence":6,"leafIndex":5,"correlationId":"b79f8139-4f32-4c35-a021-fc7428feab7f","ts":"2026-08-23T16:37:08.793Z"}
{"level":"info","event":"session.relay.leaf.delivered","sessionId":"c3d73b165c57e4862d313fdf9e204f41","sequenceNumber":6,"leafKind":4,"correlationId":"2c0d84a2-705c-418a-bfc9-37af4187c9a6","ts":"2026-08-23T16:37:08.794Z"}
{"level":"info","event":"session.tree.appended","sessionId":"c3d73b165c57e4862d313fdf9e204f41","leafIndex":5,"newRootHex":"a5119e52e113c8a6ec05ad9d96c4eba761a72453d4af67f9df0afefb3bb5542d","correlationId":"b79f8139-4f32-4c35-a021-fc7428feab7f","ts":"2026-08-23T16:37:08.794Z"}
{"level":"info","event":"document.frame.sent","documentId":"ack","leafCommitted":true,"leafIndex":5,"sessionId":"c3d73b165c57e4862d313fdf9e204f41","sessionOpened":false,"bytes":1412,"parked":false,"correlationId":"b79f8139-4f32-4c35-a021-fc7428feab7f","ts":"2026-08-23T16:37:08.795Z"}
{"level":"info","event":"session.content.leaf_unresolved.fetch","agentName":"agentA","sessionId":"c3d73b165c57e4862d313fdf9e204f41","contentHash":"f2a179bc1a56e19342718f7f80303591addbe9d3815b69eb82a673ae728c83f4","graceMs":2000,"impact":"the relay told us this message exists and its plaintext never arrived directly — fetching it now instead of waiting for the periodic sweep","ts":"2026-08-23T16:37:10.781Z"}
{"level":"info","event":"session.content.leaf_unresolved.fetch","agentName":"agentA","sessionId":"c3d73b165c57e4862d313fdf9e204f41","contentHash":"6ab54dbd6b135e0da9cc691dd2ffe71d70158018072169992c0658126eb9e172","graceMs":2000,"impact":"the relay told us this message exists and its plaintext never arrived directly — fetching it now instead of waiting for the periodic sweep","ts":"2026-08-23T16:37:10.787Z"}
--- B (receiver) document log ---
{"level":"info","event":"security.gateway.spawned","pid":72099,"socketPath":"/var/folders/2q/t2k6pn7x0w1fv15vqyqqg7g80000gn/T/cello-terminalB-7ftNlm/gateway.sock","ts":"2026-08-23T16:37:07.614Z"}
{"level":"info","event":"security.gateway.layer2","state":"off:no","ts":"2026-08-23T16:37:07.614Z"}
{"level":"info","event":"security.gateway.connected","mode":"enforcing","ts":"2026-08-23T16:37:07.619Z"}
{"level":"debug","event":"document.handlers.registered","verbs":["cello_doc_accept","cello_doc_close","cello_doc_diff","cello_doc_inbox","cello_doc_invite","cello_doc_kill","cello_doc_list","cello_doc_propose","cello_doc_publish","cello_doc_read","cello_doc_refuse","cello_doc_remove","cello_doc_watch","cello_doc_write"],"ts":"2026-08-23T16:37:07.646Z"}
{"level":"info","event":"session.relay.connected","relayPeerId":"12D3KooWJHzS2eCgjga1VqSnd6CKsmT5dqeWoVV1fd2E8YPdikGv","ts":"2026-08-23T16:37:08.716Z"}
{"level":"info","event":"document.reconcile.reachable_trigger_fired","agentName":"agentB","trigger":"inbound_session_created","peer":"991496f2287730a2","ts":"2026-08-23T16:37:08.717Z"}
{"level":"info","event":"session.relay.assignment.recorded","relayPeerId":"12D3KooWJHzS2eCgjga1VqSnd6CKsmT5dqeWoVV1fd2E8YPdikGv","sessionShort":"c3d73b165c57e486","ts":"2026-08-23T16:37:08.720Z"}
{"level":"info","event":"session.relay.hash.submitted","sessionId":"c3d73b165c57e4862d313fdf9e204f41","relaySequence":1,"leafIndex":0,"correlationId":"f75912d2-33ab-4f69-8dfa-916687afca33","ts":"2026-08-23T16:37:08.737Z"}
{"level":"info","event":"session.relay.leaf.delivered","sessionId":"c3d73b165c57e4862d313fdf9e204f41","sequenceNumber":1,"leafKind":0,"correlationId":"22a75146-ae25-4c9c-bc62-47f67e666a01","ts":"2026-08-23T16:37:08.738Z"}
{"level":"info","event":"session.tree.appended","sessionId":"c3d73b165c57e4862d313fdf9e204f41","leafIndex":0,"newRootHex":"5930d04192e25ad6a69b73c4e612dfaaf38496a149b550a2a1e40bb9845bb604","correlationId":"f75912d2-33ab-4f69-8dfa-916687afca33","ts":"2026-08-23T16:37:08.738Z"}
{"level":"info","event":"session.content.sent","sessionId":"c3d73b165c57e4862d313fdf9e204f41","recipientPubkey":"991496f2287730a211019ecb8d760d95036c2b0cedd27d4e9716fc6408ef0070","contentHashHex":"5930d04192e25ad6a69b73c4e612dfaaf38496a149b550a2a1e40bb9845bb604","sequenceNumber":0,"correlationId":"f75912d2-33ab-4f69-8dfa-916687afca33","ts":"2026-08-23T16:37:08.738Z"}
{"level":"info","event":"session.relay.leaf.delivered","sessionId":"c3d73b165c57e4862d313fdf9e204f41","sequenceNumber":2,"leafKind":4,"correlationId":"22a75146-ae25-4c9c-bc62-47f67e666a01","ts":"2026-08-23T16:37:08.769Z"}
{"level":"info","event":"session.content.ordering.recorded","sessionId":"c3d73b165c57e4862d313fdf9e204f41","canonicalSeq":1,"source":"content_frame","correlationId":"52d16b87-f9bb-498f-9acd-4085a87fe9f6","ts":"2026-08-23T16:37:08.772Z"}
{"level":"info","event":"session.content.screen.skipped_document_frame","sessionId":"c3d73b165c57e4862d313fdf9e204f41","agentName":"agentB","correlationId":"52d16b87-f9bb-498f-9acd-4085a87fe9f6","ts":"2026-08-23T16:37:08.773Z"}
{"level":"info","event":"session.tree.appended","sessionId":"c3d73b165c57e4862d313fdf9e204f41","leafIndex":1,"newRootHex":"72db32a220007066b1f861ab38d17c5b3e8e53b3e00babfee237927bd73c97ab","correlationId":"52d16b87-f9bb-498f-9acd-4085a87fe9f6","ts":"2026-08-23T16:37:08.773Z"}
{"level":"info","event":"session.document.received","sessionId":"c3d73b165c57e4862d313fdf9e204f41","senderPubkey":"991496f2287730a211019ecb8d760d95036c2b0cedd27d4e9716fc6408ef0070","contentHashHex":"e65166a011f92fc8fa9e81c33730e5f3a6c641cf81f4c05646d4e0b7ca8a69d9","sequenceNumber":1,"kind":"proposal","correlationId":"52d16b87-f9bb-498f-9acd-4085a87fe9f6","ts":"2026-08-23T16:37:08.773Z"}
{"level":"info","event":"document.proposal.received","documentId":"5481a9ee102fcebd1fc07904f7ff723d0a54797d2d65e084cec99d1068aecdbd","proposerAgentId":"991496f2287730a211019ecb8d760d95036c2b0cedd27d4e9716fc6408ef0070","ts":"2026-08-23T16:37:08.775Z"}
{"level":"info","event":"session.relay.leaf.delivered","sessionId":"c3d73b165c57e4862d313fdf9e204f41","sequenceNumber":3,"leafKind":4,"correlationId":"22a75146-ae25-4c9c-bc62-47f67e666a01","ts":"2026-08-23T16:37:08.776Z"}
{"level":"info","event":"document.proposal.refused","documentId":"5481a9ee102fcebd1fc07904f7ff723d0a54797d2d65e084cec99d1068aecdbd","reason":"wrong document","autoRefused":false,"ts":"2026-08-23T16:37:08.778Z"}
{"level":"info","event":"session.content.ordering.recorded","sessionId":"c3d73b165c57e4862d313fdf9e204f41","canonicalSeq":2,"source":"content_frame","correlationId":"e20108f7-c8c5-4a58-9580-bf203b3816ce","ts":"2026-08-23T16:37:08.780Z"}
{"level":"info","event":"session.content.screen.skipped_document_frame","sessionId":"c3d73b165c57e4862d313fdf9e204f41","agentName":"agentB","correlationId":"e20108f7-c8c5-4a58-9580-bf203b3816ce","ts":"2026-08-23T16:37:08.781Z"}
{"level":"info","event":"session.tree.appended","sessionId":"c3d73b165c57e4862d313fdf9e204f41","leafIndex":2,"newRootHex":"e3e6b7229989d88a4dc2708ddfa32381bf48600556b75fe6089ef435bf3ec82f","correlationId":"e20108f7-c8c5-4a58-9580-bf203b3816ce","ts":"2026-08-23T16:37:08.781Z"}
{"level":"info","event":"session.document.received","sessionId":"c3d73b165c57e4862d313fdf9e204f41","senderPubkey":"991496f2287730a211019ecb8d760d95036c2b0cedd27d4e9716fc6408ef0070","contentHashHex":"45d1a35844ebaff50736ed940bda819612492c712e1768c2fa428a8d8be51165","sequenceNumber":2,"kind":"reconcile","correlationId":"e20108f7-c8c5-4a58-9580-bf203b3816ce","ts":"2026-08-23T16:37:08.781Z"}
{"level":"info","event":"document.reconcile.notice_received","documentId":"5481a9ee102fcebd1fc07904f7ff723d0a54797d2d65e084cec99d1068aecdbd","viaAgentId":"991496f2287730a211019ecb8d760d95036c2b0cedd27d4e9716fc6408ef0070","correlationId":"e20108f7-c8c5-4a58-9580-bf203b3816ce","ts":"2026-08-23T16:37:08.781Z"}
{"level":"info","event":"session.relay.hash.submitted","sessionId":"c3d73b165c57e4862d313fdf9e204f41","relaySequence":4,"leafIndex":3,"correlationId":"f2e63fbf-c3e9-44e7-aec1-a2fe17b33dee","ts":"2026-08-23T16:37:08.783Z"}
{"level":"info","event":"session.relay.leaf.delivered","sessionId":"c3d73b165c57e4862d313fdf9e204f41","sequenceNumber":4,"leafKind":4,"correlationId":"22a75146-ae25-4c9c-bc62-47f67e666a01","ts":"2026-08-23T16:37:08.783Z"}
{"level":"info","event":"session.tree.appended","sessionId":"c3d73b165c57e4862d313fdf9e204f41","leafIndex":3,"newRootHex":"db763d1370649ab5b9664810e7ac8fa249dded9bbde5973fd76ffe4083cd959e","correlationId":"f2e63fbf-c3e9-44e7-aec1-a2fe17b33dee","ts":"2026-08-23T16:37:08.784Z"}
{"level":"info","event":"document.frame.sent","documentId":"5481a9ee102fcebd1fc07904f7ff723d0a54797d2d65e084cec99d1068aecdbd","leafCommitted":true,"leafIndex":3,"sessionId":"c3d73b165c57e4862d313fdf9e204f41","sessionOpened":false,"bytes":341,"parked":false,"correlationId":"f2e63fbf-c3e9-44e7-aec1-a2fe17b33dee","ts":"2026-08-23T16:37:08.784Z"}
{"level":"info","event":"session.relay.hash.submitted","sessionId":"c3d73b165c57e4862d313fdf9e204f41","relaySequence":5,"leafIndex":4,"correlationId":"0607d9df-0d58-42cd-bc71-d798e263e03c","ts":"2026-08-23T16:37:08.786Z"}
{"level":"info","event":"session.relay.leaf.delivered","sessionId":"c3d73b165c57e4862d313fdf9e204f41","sequenceNumber":5,"leafKind":4,"correlationId":"22a75146-ae25-4c9c-bc62-47f67e666a01","ts":"2026-08-23T16:37:08.786Z"}
{"level":"info","event":"session.tree.appended","sessionId":"c3d73b165c57e4862d313fdf9e204f41","leafIndex":4,"newRootHex":"1ac970112f04bbec61b2ec1b7951bf53bd7e1ab350ac7b473190f48c18a38d1a","correlationId":"0607d9df-0d58-42cd-bc71-d798e263e03c","ts":"2026-08-23T16:37:08.788Z"}
{"level":"info","event":"document.frame.sent","documentId":"ack","leafCommitted":true,"leafIndex":4,"sessionId":"c3d73b165c57e4862d313fdf9e204f41","sessionOpened":false,"bytes":187,"parked":false,"correlationId":"0607d9df-0d58-42cd-bc71-d798e263e03c","ts":"2026-08-23T16:37:08.788Z"}
{"level":"info","event":"session.relay.leaf.delivered","sessionId":"c3d73b165c57e4862d313fdf9e204f41","sequenceNumber":6,"leafKind":4,"correlationId":"22a75146-ae25-4c9c-bc62-47f67e666a01","ts":"2026-08-23T16:37:08.792Z"}
{"level":"info","event":"session.content.ordering.recorded","sessionId":"c3d73b165c57e4862d313fdf9e204f41","canonicalSeq":5,"source":"content_frame","correlationId":"b79f8139-4f32-4c35-a021-fc7428feab7f","ts":"2026-08-23T16:37:08.795Z"}
{"level":"info","event":"session.content.screen.skipped_document_frame","sessionId":"c3d73b165c57e4862d313fdf9e204f41","agentName":"agentB","correlationId":"b79f8139-4f32-4c35-a021-fc7428feab7f","ts":"2026-08-23T16:37:08.796Z"}
{"level":"info","event":"session.tree.appended","sessionId":"c3d73b165c57e4862d313fdf9e204f41","leafIndex":5,"newRootHex":"a5119e52e113c8a6ec05ad9d96c4eba761a72453d4af67f9df0afefb3bb5542d","correlationId":"b79f8139-4f32-4c35-a021-fc7428feab7f","ts":"2026-08-23T16:37:08.796Z"}
{"level":"info","event":"session.document.received","sessionId":"c3d73b165c57e4862d313fdf9e204f41","senderPubkey":"991496f2287730a211019ecb8d760d95036c2b0cedd27d4e9716fc6408ef0070","contentHashHex":"4e42f6b02f786f5d41f4c08c28d86b05f103f09b3b0ac6da3092070566743d42","sequenceNumber":5,"kind":"reconcile","correlationId":"b79f8139-4f32-4c35-a021-fc7428feab7f","ts":"2026-08-23T16:37:08.796Z"}
{"level":"info","event":"document.reconcile.joined","documentId":"5481a9ee102fcebd1fc07904f7ff723d0a54797d2d65e084cec99d1068aecdbd","viaAgentId":"991496f2287730a211019ecb8d760d95036c2b0cedd27d4e9716fc6408ef0070","correlationId":"b79f8139-4f32-4c35-a021-fc7428feab7f","ts":"2026-08-23T16:37:08.797Z"}
{"level":"info","event":"document.replay.completed","envelopes":0,"applied":0,"ts":"2026-08-23T16:37:08.800Z"}
{"level":"info","event":"document.snapshot.rebuilt","documentId":"5481a9ee102fcebd1fc07904f7ff723d0a54797d2d65e084cec99d1068aecdbd","envelopes":0,"withPayload":0,"ts":"2026-08-23T16:37:08.800Z"}
{"level":"info","event":"document.update.admitted","documentId":"5481a9ee102fcebd1fc07904f7ff723d0a54797d2d65e084cec99d1068aecdbd","senderAgentId":"991496f2287730a211019ecb8d760d95036c2b0cedd27d4e9716fc6408ef0070","insertedChars":25,"deletedChars":0,"ts":"2026-08-23T16:37:08.802Z"}
{"level":"info","event":"document.inbound.admitted","documentId":"5481a9ee102fcebd1fc07904f7ff723d0a54797d2d65e084cec99d1068aecdbd","senderAgentId":"991496f2287730a211019ecb8d760d95036c2b0cedd27d4e9716fc6408ef0070","envelopeHash":"79b658448ac470e02bc1f8e0947f2b7e9f7272ab79f2504368365ffd0221b87b","correlationId":"b79f8139-4f32-4c35-a021-fc7428feab7f","ts":"2026-08-23T16:37:08.804Z"}
{"level":"info","event":"document.file.materialized","documentId":"5481a9ee102fcebd1fc07904f7ff723d0a54797d2d65e084cec99d1068aecdbd","bytes":24,"ts":"2026-08-23T16:37:08.806Z"}
{"level":"info","event":"session.content.leaf_unresolved.fetch","agentName":"agentB","sessionId":"c3d73b165c57e4862d313fdf9e204f41","contentHash":"e65166a011f92fc8fa9e81c33730e5f3a6c641cf81f4c05646d4e0b7ca8a69d9","graceMs":2000,"impact":"the relay told us this message exists and its plaintext never arrived directly — fetching it now instead of waiting for the periodic sweep","ts":"2026-08-23T16:37:10.770Z"}
{"level":"info","event":"session.content.leaf_unresolved.fetch","agentName":"agentB","sessionId":"c3d73b165c57e4862d313fdf9e204f41","contentHash":"45d1a35844ebaff50736ed940bda819612492c712e1768c2fa428a8d8be51165","graceMs":2000,"impact":"the relay told us this message exists and its plaintext never arrived directly — fetching it now instead of waiting for the periodic sweep","ts":"2026-08-23T16:37:10.778Z"}
{"level":"info","event":"session.content.leaf_unresolved.fetch","agentName":"agentB","sessionId":"c3d73b165c57e4862d313fdf9e204f41","contentHash":"4e42f6b02f786f5d41f4c08c28d86b05f103f09b3b0ac6da3092070566743d42","graceMs":2000,"impact":"the relay told us this message exists and its plaintext never arrived directly — fetching it now instead of waiting for the periodic sweep","ts":"2026-08-23T16:37:10.793Z"}: expected undefined to be +0 // Object.is equality

[32m- Expected:[39m 
0

[31m+ Received:[39m 
undefined

 ❯ src/spine/j-documents.spine.test.ts:1146:7
    1144|         `--- A (sender) document log ---\n${documentLines(a.daemon)}\n…
    1145|         `--- B (receiver) document log ---\n${documentLines(b.daemon)}…
    1146|     ).toBe(0);
       |       ^
    1147|   }, 240_000);
    1148| });

⎯⎯⎯⎯⎯⎯⎯⎯⎯⎯⎯⎯⎯⎯⎯⎯⎯⎯⎯⎯⎯⎯[12/49]⎯

 FAIL  src/spine/j-documents.spine.test.ts > J-DOCUMENTS-NOCHAT — co-editing with NO conversation open (DOD-DOC-E2E-NOCHAT-1) > a published update is ACKNOWLEDGED when the delivery worker had to open the session itself
Error: B's copy with no conversation open never converged: expected '# Shared\n\nline one\n' to be '# Shared\n\nline one\nline two from A…' // Object.is equality
--- A (sender) document log ---
{"level":"info","event":"security.gateway.spawned","pid":72153,"socketPath":"/var/folders/2q/t2k6pn7x0w1fv15vqyqqg7g80000gn/T/cello-nochatA-9lsgln/gateway.sock","ts":"2026-08-23T16:38:43.364Z"}
{"level":"info","event":"security.gateway.layer2","state":"off:no","ts":"2026-08-23T16:38:43.364Z"}
{"level":"info","event":"security.gateway.connected","mode":"enforcing","ts":"2026-08-23T16:38:43.368Z"}
{"level":"debug","event":"document.handlers.registered","verbs":["cello_doc_accept","cello_doc_close","cello_doc_diff","cello_doc_inbox","cello_doc_invite","cello_doc_kill","cello_doc_list","cello_doc_propose","cello_doc_publish","cello_doc_read","cello_doc_refuse","cello_doc_remove","cello_doc_watch","cello_doc_write"],"ts":"2026-08-23T16:38:43.395Z"}
{"level":"info","event":"document.replay.completed","envelopes":0,"applied":0,"ts":"2026-08-23T16:38:44.794Z"}
{"level":"info","event":"document.snapshot.rebuilt","documentId":"d5ba75e32fb503fe1500373b40cfd437abd6a1108844a330657eb9af28c3cfe0","envelopes":0,"withPayload":0,"ts":"2026-08-23T16:38:44.794Z"}
{"level":"info","event":"document.file.materialized","documentId":"d5ba75e32fb503fe1500373b40cfd437abd6a1108844a330657eb9af28c3cfe0","bytes":19,"ts":"2026-08-23T16:38:44.796Z"}
{"level":"info","event":"session.relay.connected","relayPeerId":"12D3KooWJHzS2eCgjga1VqSnd6CKsmT5dqeWoVV1fd2E8YPdikGv","ts":"2026-08-23T16:38:44.850Z"}
{"level":"info","event":"session.relay.assignment.recorded","relayPeerId":"12D3KooWJHzS2eCgjga1VqSnd6CKsmT5dqeWoVV1fd2E8YPdikGv","sessionShort":"383f729f6566be4c","ts":"2026-08-23T16:38:44.854Z"}
{"level":"debug","event":"document.reconcile.reachable_trigger_skipped","agentName":"agentA","reason":"session_opened_by_document_delivery","ts":"2026-08-23T16:38:44.861Z"}
{"level":"info","event":"document.delivery.session_opened","agent":"agentA","peerAgentId":"fed542de955078ab7ea3f53449f237271c9ccbd8bef905175992efbe6b324429","sessionId":"383f729f6566be4cc622994c67dae2c0","correlationId":"6c042ad3-3aec-43d0-b2ed-c2b832a0f0f1","ts":"2026-08-23T16:38:44.861Z"}
{"level":"info","event":"session.relay.hash.submitted","sessionId":"383f729f6566be4cc622994c67dae2c0","relaySequence":1,"leafIndex":0,"correlationId":"6c042ad3-3aec-43d0-b2ed-c2b832a0f0f1","ts":"2026-08-23T16:38:44.869Z"}
{"level":"info","event":"session.relay.leaf.delivered","sessionId":"383f729f6566be4cc622994c67dae2c0","sequenceNumber":1,"leafKind":4,"correlationId":"8efc66e8-45bb-4098-b4f8-83843ed57586","ts":"2026-08-23T16:38:44.870Z"}
{"level":"info","event":"session.tree.appended","sessionId":"383f729f6566be4cc622994c67dae2c0","leafIndex":0,"newRootHex":"0fcbce1b0917a57dc39714ef84e09b772f1f40b79e259f6c625dfd45b2a7622a","correlationId":"6c042ad3-3aec-43d0-b2ed-c2b832a0f0f1","ts":"2026-08-23T16:38:44.870Z"}
{"level":"info","event":"document.frame.sent","documentId":"d5ba75e32fb503fe1500373b40cfd437abd6a1108844a330657eb9af28c3cfe0","leafCommitted":true,"leafIndex":0,"sessionId":"383f729f6566be4cc622994c67dae2c0","sessionOpened":true,"bytes":640,"parked":false,"correlationId":"6c042ad3-3aec-43d0-b2ed-c2b832a0f0f1","ts":"2026-08-23T16:38:44.870Z"}
{"level":"info","event":"session.relay.leaf.delivered","sessionId":"383f729f6566be4cc622994c67dae2c0","sequenceNumber":2,"leafKind":2,"correlationId":"8efc66e8-45bb-4098-b4f8-83843ed57586","ts":"2026-08-23T16:38:44.874Z"}
{"level":"info","event":"session.relay.leaf.delivered","sessionId":"383f729f6566be4cc622994c67dae2c0","sequenceNumber":3,"leafKind":2,"correlationId":"8efc66e8-45bb-4098-b4f8-83843ed57586","ts":"2026-08-23T16:38:44.876Z"}
{"level":"info","event":"document.proposal.sent","documentId":"d5ba75e32fb503fe1500373b40cfd437abd6a1108844a330657eb9af28c3cfe0","peerAgentId":"fed542de955078ab7ea3f53449f237271c9ccbd8bef905175992efbe6b324429","sent":true,"correlationId":"6c042ad3-3aec-43d0-b2ed-c2b832a0f0f1","ts":"2026-08-23T16:38:44.932Z"}
{"level":"info","event":"session.relay.connected","relayPeerId":"12D3KooWJHzS2eCgjga1VqSnd6CKsmT5dqeWoVV1fd2E8YPdikGv","ts":"2026-08-23T16:38:44.992Z"}
{"level":"info","event":"document.reconcile.reachable_trigger_fired","agentName":"agentA","trigger":"inbound_session_created","peer":"fed542de955078ab","ts":"2026-08-23T16:38:44.992Z"}
{"level":"info","event":"session.content.unsalted","agentName":"agentA","sessionId":"51d376cd664af54ebe08c962305b3463","reason":"no_agreement_started","impact":"this session hashes its messages the way every build before this feature did. Nothing is degraded relative to any shipped release and no message is affected — it only means a relay holding the hashes could confirm a guess at a short message in THIS conversation, which a salt would have prevented.","guidance":"Your counterparty was not connected when you sent this, so there was nobody to agree a salt with — most often they are simply offline and this message is going to their relay mailbox. Nothing is wrong with either build. The agreement only runs at session open, so this session stays unsalted even after they come online; a session started while you are both connected will be salted.","ts":"2026-08-23T16:38:44.994Z"}
{"level":"info","event":"session.relay.assignment.recorded","relayPeerId":"12D3KooWJHzS2eCgjga1VqSnd6CKsmT5dqeWoVV1fd2E8YPdikGv","sessionShort":"51d376cd664af54e","ts":"2026-08-23T16:38:44.995Z"}
{"level":"info","event":"session.relay.hash.submitted","sessionId":"51d376cd664af54ebe08c962305b3463","relaySequence":1,"leafIndex":0,"correlationId":"72ba632e-64e8-4d07-b552-631da9bb359b","ts":"2026-08-23T16:38:45.000Z"}
{"level":"info","event":"session.relay.leaf.delivered","sessionId":"51d376cd664af54ebe08c962305b3463","sequenceNumber":1,"leafKind":4,"correlationId":"b6a751b4-f711-4a6f-a9a7-d4e485f21a65","ts":"2026-08-23T16:38:45.000Z"}
{"level":"warn","event":"session.content.direct.send.failed","agentName":"agentA","sessionId":"51d376cd664af54ebe08c962305b3463","contentHash":"f9a3f2fe292e2103e5deb5de3ddd71150f7f1952e918b920363456bec92a206d","counterpartySessionPeerId":"12D3KooWACGDBzuzmeNWXWFrb1WNa1NMaYRadPaRKoDPCVqeBUM2","error":"[object Object]","contentStreamsInbound":0,"contentStreamsOutbound":0,"contentStreamsInboundCap":512,"correlationId":"72ba632e-64e8-4d07-b552-631da9bb359b","ts":"2026-08-23T16:38:45.001Z"}
{"level":"warn","event":"document.reconcile.sweep_attempt_failed","peerAgentId":"fed542de955078ab7ea3f53449f237271c9ccbd8bef905175992efbe6b324429","documents":1,"reason":"session_stream_unavailable","ts":"2026-08-23T16:38:45.003Z"}
{"level":"info","event":"session.relay.leaf.delivered","sessionId":"51d376cd664af54ebe08c962305b3463","sequenceNumber":2,"leafKind":4,"correlationId":"b6a751b4-f711-4a6f-a9a7-d4e485f21a65","ts":"2026-08-23T16:38:45.010Z"}
{"level":"info","event":"session.content.ordering.recorded","sessionId":"51d376cd664af54ebe08c962305b3463","canonicalSeq":1,"source":"content_frame","correlationId":"d405bb4b-9bb5-438e-8eff-64efb38ab138","ts":"2026-08-23T16:38:45.013Z"}
{"level":"error","event":"session.content.cross_check.failed","sessionId":"51d376cd664af54ebe08c962305b3463","correlationId":"d405bb4b-9bb5-438e-8eff-64efb38ab138","reason":"content_hash_salt_unavailable","declaredAlg":"hmac-sha256-salt-v1","detail":"CONTENT HASH: hmac-sha256-salt-v1 was requested with no session salt. Refusing rather than computing the unsalted form — that would put bytes on the wire under a label they do not match, and the peer would report a tamper on a message nobody touched.","impact":"this message could not be verified — the sender says it is salted and this side holds no salt for the session — so it was NOT ingested and NOT shown. This session will not auto-co-sign at close.","guidance":"Look for session.salt.adoption.refused first: if it is there, this side declined the salt because the session had already hashed messages, that is permanent for this session, and reconnecting will NOT fix it — close the session and start a new one. Otherwise look for session.salt.read.failed or session.salt.persist.failed. If either is present the agreement re-runs on the next reconnect and this repairs itself — wait for that before doing anything. If none of the three is present, the agreement never completed with this counterparty: close the session and start a new one. In every case the transcript up to here is intact.","ts":"2026-08-23T16:38:45.013Z"}
{"level":"info","event":"session.relay.leaf.delivered","sessionId":"51d376cd664af54ebe08c962305b3463","sequenceNumber":3,"leafKind":4,"correlationId":"b6a751b4-f711-4a6f-a9a7-d4e485f21a65","ts":"2026-08-23T16:38:45.017Z"}
{"level":"info","event":"session.content.ordering.recorded","sessionId":"51d376cd664af54ebe08c962305b3463","canonicalSeq":2,"source":"content_frame","correlationId":"e851a7d5-ee04-4724-a01b-92b2d215be3d","ts":"2026-08-23T16:38:45.019Z"}
{"level":"error","event":"session.content.cross_check.failed","sessionId":"51d376cd664af54ebe08c962305b3463","correlationId":"e851a7d5-ee04-4724-a01b-92b2d215be3d","reason":"content_hash_salt_unavailable","declaredAlg":"hmac-sha256-salt-v1","detail":"CONTENT HASH: hmac-sha256-salt-v1 was requested with no session salt. Refusing rather than computing the unsalted form — that would put bytes on the wire under a label they do not match, and the peer would report a tamper on a message nobody touched.","impact":"this message could not be verified — the sender says it is salted and this side holds no salt for the session — so it was NOT ingested and NOT shown. This session will not auto-co-sign at close.","guidance":"Look for session.salt.adoption.refused first: if it is there, this side declined the salt because the session had already hashed messages, that is permanent for this session, and reconnecting will NOT fix it — close the session and start a new one. Otherwise look for session.salt.read.failed or session.salt.persist.failed. If either is present the agreement re-runs on the next reconnect and this repairs itself — wait for that before doing anything. If none of the three is present, the agreement never completed with this counterparty: close the session and start a new one. In every case the transcript up to here is intact.","ts":"2026-08-23T16:38:45.019Z"}
{"level":"info","event":"document.published","documentId":"d5ba75e32fb503fe1500373b40cfd437abd6a1108844a330657eb9af28c3cfe0","envelopeHash":"38ce95d433f5a4c3cb671ad3d12d84b99e2392287bcde0364e049b3b55d63688","bytes":62,"senderClientId":933172138,"ts":"2026-08-23T16:38:45.022Z"}
{"level":"info","event":"document.file.materialized","documentId":"d5ba75e32fb503fe1500373b40cfd437abd6a1108844a330657eb9af28c3cfe0","bytes":35,"ts":"2026-08-23T16:38:45.023Z"}
{"level":"info","event":"session.relay.hash.submitted","sessionId":"51d376cd664af54ebe08c962305b3463","relaySequence":4,"leafIndex":3,"correlationId":"4b5bd265-2759-402e-b919-5aee72a7a29a","ts":"2026-08-23T16:38:45.025Z"}
{"level":"info","event":"session.relay.leaf.delivered","sessionId":"51d376cd664af54ebe08c962305b3463","sequenceNumber":4,"leafKind":4,"correlationId":"b6a751b4-f711-4a6f-a9a7-d4e485f21a65","ts":"2026-08-23T16:38:45.025Z"}
{"level":"info","event":"session.content.held","sessionId":"51d376cd664af54ebe08c962305b3463","canonicalSeq":3,"nextExpected":0,"gap":3,"origin":"sent","correlationId":"4b5bd265-2759-402e-b919-5aee72a7a29a","ts":"2026-08-23T16:38:45.026Z"}
{"level":"info","event":"document.frame.sent","documentId":"ack","leafCommitted":false,"leafIndex":null,"sessionId":"51d376cd664af54ebe08c962305b3463","sessionOpened":false,"bytes":346,"parked":false,"correlationId":"4b5bd265-2759-402e-b919-5aee72a7a29a","ts":"2026-08-23T16:38:45.026Z"}
{"level":"info","event":"document.reconcile.initiated","peerAgentId":"fed542de955078ab7ea3f53449f237271c9ccbd8bef905175992efbe6b324429","documents":1,"ts":"2026-08-23T16:38:45.026Z"}
{"level":"info","event":"session.content.leaf_unresolved.fetch","agentName":"agentA","sessionId":"51d376cd664af54ebe08c962305b3463","contentHash":"7c9667eacb6b9b1471b097e32c204c83c5eac09270e36b61a693af254401c8a5","graceMs":2000,"impact":"the relay told us this message exists and its plaintext never arrived directly — fetching it now instead of waiting for the periodic sweep","ts":"2026-08-23T16:38:47.011Z"}
{"level":"info","event":"session.content.leaf_unresolved.fetch","agentName":"agentA","sessionId":"51d376cd664af54ebe08c962305b3463","contentHash":"ad6d5ce49346ec4e9402935b3a04fe981bce447a9ea85e9dbfd602588a243607","graceMs":2000,"impact":"the relay told us this message exists and its plaintext never arrived directly — fetching it now instead of waiting for the periodic sweep","ts":"2026-08-23T16:38:47.017Z"}
{"level":"info","event":"session.relay.leaf.delivered","sessionId":"51d376cd664af54ebe08c962305b3463","sequenceNumber":5,"leafKind":4,"correlationId":"b6a751b4-f711-4a6f-a9a7-d4e485f21a65","ts":"2026-08-23T16:38:47.042Z"}
{"level":"info","event":"session.content.ordering.recorded","sessionId":"51d376cd664af54ebe08c962305b3463","canonicalSeq":4,"source":"content_frame","correlationId":"058161f4-f96d-4299-abdb-bc1f8472d828","ts":"2026-08-23T16:38:47.046Z"}
{"level":"error","event":"session.content.cross_check.failed","sessionId":"51d376cd664af54ebe08c962305b3463","correlationId":"058161f4-f96d-4299-abdb-bc1f8472d828","reason":"content_hash_salt_unavailable","declaredAlg":"hmac-sha256-salt-v1","detail":"CONTENT HASH: hmac-sha256-salt-v1 was requested with no session salt. Refusing rather than computing the unsalted form — that would put bytes on the wire under a label they do not match, and the peer would report a tamper on a message nobody touched.","impact":"this message could not be verified — the sender says it is salted and this side holds no salt for the session — so it was NOT ingested and NOT shown. This session will not auto-co-sign at close.","guidance":"Look for session.salt.adoption.refused first: if it is there, this side declined the salt because the session had already hashed messages, that is permanent for this session, and reconnecting will NOT fix it — close the session and start a new one. Otherwise look for session.salt.read.failed or session.salt.persist.failed. If either is present the agreement re-runs on the next reconnect and this repairs itself — wait for that before doing anything. If none of the three is present, the agreement never completed with this counterparty: close the session and start a new one. In every case the transcript up to here is intact.","ts":"2026-08-23T16:38:47.046Z"}
{"level":"info","event":"session.relay.leaf.delivered","sessionId":"51d376cd664af54ebe08c962305b3463","sequenceNumber":6,"leafKind":4,"correlationId":"b6a751b4-f711-4a6f-a9a7-d4e485f21a65","ts":"2026-08-23T16:38:47.048Z"}
{"level":"info","event":"session.content.ordering.recorded","sessionId":"51d376cd664af54ebe08c962305b3463","canonicalSeq":5,"source":"content_frame","correlationId":"8c37eeda-bcd6-4ee9-939a-a66ac9644e5a","ts":"2026-08-23T16:38:47.052Z"}
{"level":"error","event":"session.content.cross_check.failed","sessionId":"51d376cd664af54ebe08c962305b3463","correlationId":"8c37eeda-bcd6-4ee9-939a-a66ac9644e5a","reason":"content_hash_salt_unavailable","declaredAlg":"hmac-sha256-salt-v1","detail":"CONTENT HASH: hmac-sha256-salt-v1 was requested with no session salt. Refusing rather than computing the unsalted form — that would put bytes on the wire under a label they do not match, and the peer would report a tamper on a message nobody touched.","impact":"this message could not be verified — the sender says it is salted and this side holds no salt for the session — so it was NOT ingested and NOT shown. This session will not auto-co-sign at close.","guidance":"Look for session.salt.adoption.refused first: if it is there, this side declined the salt because the session had already hashed messages, that is permanent for this session, and reconnecting will NOT fix it — close the session and start a new one. Otherwise look for session.salt.read.failed or session.salt.persist.failed. If either is present the agreement re-runs on the next reconnect and this repairs itself — wait for that before doing anything. If none of the three is present, the agreement never completed with this counterparty: close the session and start a new one. In every case the transcript up to here is intact.","ts":"2026-08-23T16:38:47.052Z"}
{"level":"info","event":"session.content.leaf_unresolved.fetch","agentName":"agentA","sessionId":"51d376cd664af54ebe08c962305b3463","contentHash":"aa65924d6bebb940e7e44347037e08a35e191203ccf2ff97eedee97a2756a913","graceMs":2000,"impact":"the relay told us this message exists and its plaintext never arrived directly — fetching it now instead of waiting for the periodic sweep","ts":"2026-08-23T16:38:49.043Z"}
{"level":"info","event":"session.content.leaf_unresolved.fetch","agentName":"agentA","sessionId":"51d376cd664af54ebe08c962305b3463","contentHash":"0d2a4e5c1cd46d18e9e3f397bb454c44636c86e89146d4fc9c0a0e9eb681f8b3","graceMs":2000,"impact":"the relay told us this message exists and its plaintext never arrived directly — fetching it now instead of waiting for the periodic sweep","ts":"2026-08-23T16:38:49.050Z"}
--- B (receiver) document log ---
{"level":"info","event":"security.gateway.layer2","state":"off:no","ts":"2026-08-23T16:38:43.765Z"}
{"level":"info","event":"security.gateway.connected","mode":"enforcing","ts":"2026-08-23T16:38:43.769Z"}
{"level":"debug","event":"document.handlers.registered","verbs":["cello_doc_accept","cello_doc_close","cello_doc_diff","cello_doc_inbox","cello_doc_invite","cello_doc_kill","cello_doc_list","cello_doc_propose","cello_doc_publish","cello_doc_read","cello_doc_refuse","cello_doc_remove","cello_doc_watch","cello_doc_write"],"ts":"2026-08-23T16:38:43.795Z"}
{"level":"info","event":"session.relay.connected","relayPeerId":"12D3KooWJHzS2eCgjga1VqSnd6CKsmT5dqeWoVV1fd2E8YPdikGv","ts":"2026-08-23T16:38:44.851Z"}
{"level":"info","event":"document.reconcile.reachable_trigger_fired","agentName":"agentB","trigger":"inbound_session_created","peer":"3af5d9cacbb6f603","ts":"2026-08-23T16:38:44.852Z"}
{"level":"info","event":"session.relay.assignment.recorded","relayPeerId":"12D3KooWJHzS2eCgjga1VqSnd6CKsmT5dqeWoVV1fd2E8YPdikGv","sessionShort":"383f729f6566be4c","ts":"2026-08-23T16:38:44.856Z"}
{"level":"info","event":"session.relay.leaf.delivered","sessionId":"383f729f6566be4cc622994c67dae2c0","sequenceNumber":1,"leafKind":4,"correlationId":"db9fdaa0-5c8b-46ce-9698-eee24223f937","ts":"2026-08-23T16:38:44.868Z"}
{"level":"info","event":"session.content.ordering.recorded","sessionId":"383f729f6566be4cc622994c67dae2c0","canonicalSeq":0,"source":"content_frame","correlationId":"6c042ad3-3aec-43d0-b2ed-c2b832a0f0f1","ts":"2026-08-23T16:38:44.871Z"}
{"level":"info","event":"session.content.screen.skipped_document_frame","sessionId":"383f729f6566be4cc622994c67dae2c0","agentName":"agentB","correlationId":"6c042ad3-3aec-43d0-b2ed-c2b832a0f0f1","ts":"2026-08-23T16:38:44.872Z"}
{"level":"info","event":"session.tree.appended","sessionId":"383f729f6566be4cc622994c67dae2c0","leafIndex":0,"newRootHex":"0fcbce1b0917a57dc39714ef84e09b772f1f40b79e259f6c625dfd45b2a7622a","correlationId":"6c042ad3-3aec-43d0-b2ed-c2b832a0f0f1","ts":"2026-08-23T16:38:44.872Z"}
{"level":"info","event":"session.document.received","sessionId":"383f729f6566be4cc622994c67dae2c0","senderPubkey":"3af5d9cacbb6f60390485d342b4fa0d34e653363eeaf9b164dfbc82a46c03382","contentHashHex":"0fcbce1b0917a57dc39714ef84e09b772f1f40b79e259f6c625dfd45b2a7622a","sequenceNumber":0,"kind":"proposal","correlationId":"6c042ad3-3aec-43d0-b2ed-c2b832a0f0f1","ts":"2026-08-23T16:38:44.872Z"}
{"level":"info","event":"document.proposal.received","documentId":"d5ba75e32fb503fe1500373b40cfd437abd6a1108844a330657eb9af28c3cfe0","proposerAgentId":"3af5d9cacbb6f60390485d342b4fa0d34e653363eeaf9b164dfbc82a46c03382","ts":"2026-08-23T16:38:44.874Z"}
{"level":"info","event":"session.relay.leaf.delivered","sessionId":"383f729f6566be4cc622994c67dae2c0","sequenceNumber":2,"leafKind":2,"correlationId":"db9fdaa0-5c8b-46ce-9698-eee24223f937","ts":"2026-08-23T16:38:44.874Z"}
{"level":"info","event":"session.relay.leaf.delivered","sessionId":"383f729f6566be4cc622994c67dae2c0","sequenceNumber":3,"leafKind":2,"correlationId":"db9fdaa0-5c8b-46ce-9698-eee24223f937","ts":"2026-08-23T16:38:44.877Z"}
{"level":"info","event":"document.proposal.accepted","documentId":"d5ba75e32fb503fe1500373b40cfd437abd6a1108844a330657eb9af28c3cfe0","ts":"2026-08-23T16:38:44.936Z"}
{"level":"info","event":"document.replay.completed","envelopes":0,"applied":0,"ts":"2026-08-23T16:38:44.938Z"}
{"level":"info","event":"document.snapshot.rebuilt","documentId":"d5ba75e32fb503fe1500373b40cfd437abd6a1108844a330657eb9af28c3cfe0","envelopes":0,"withPayload":0,"ts":"2026-08-23T16:38:44.938Z"}
{"level":"info","event":"document.file.materialized","documentId":"d5ba75e32fb503fe1500373b40cfd437abd6a1108844a330657eb9af28c3cfe0","bytes":19,"ts":"2026-08-23T16:38:44.939Z"}
{"level":"info","event":"document.entry.recorded","documentId":"d5ba75e32fb503fe1500373b40cfd437abd6a1108844a330657eb9af28c3cfe0","entryHash":"b8779f4bfb50bfd0f7e15636c660e8d5f715588e866af2f6500fdf13a41fdd6d","author":"fed542de955078ab7ea3f53449f237271c9ccbd8bef905175992efbe6b324429","authorSeq":1,"kind":"consent","ts":"2026-08-23T16:38:44.942Z"}
{"level":"info","event":"session.relay.connected","relayPeerId":"12D3KooWJHzS2eCgjga1VqSnd6CKsmT5dqeWoVV1fd2E8YPdikGv","ts":"2026-08-23T16:38:44.991Z"}
{"level":"info","event":"session.relay.assignment.recorded","relayPeerId":"12D3KooWJHzS2eCgjga1VqSnd6CKsmT5dqeWoVV1fd2E8YPdikGv","sessionShort":"51d376cd664af54e","ts":"2026-08-23T16:38:44.993Z"}
{"level":"info","event":"session.relay.leaf.delivered","sessionId":"51d376cd664af54ebe08c962305b3463","sequenceNumber":1,"leafKind":4,"correlationId":"0742c28c-896e-4646-a3f6-6a2dfd524615","ts":"2026-08-23T16:38:44.998Z"}
{"level":"debug","event":"document.reconcile.reachable_trigger_skipped","agentName":"agentB","reason":"session_opened_by_document_delivery","ts":"2026-08-23T16:38:45.005Z"}
{"level":"info","event":"document.delivery.session_opened","agent":"agentB","peerAgentId":"3af5d9cacbb6f60390485d342b4fa0d34e653363eeaf9b164dfbc82a46c03382","sessionId":"51d376cd664af54ebe08c962305b3463","correlationId":"d405bb4b-9bb5-438e-8eff-64efb38ab138","ts":"2026-08-23T16:38:45.005Z"}
{"level":"info","event":"session.relay.hash.submitted","sessionId":"51d376cd664af54ebe08c962305b3463","relaySequence":2,"leafIndex":1,"correlationId":"d405bb4b-9bb5-438e-8eff-64efb38ab138","ts":"2026-08-23T16:38:45.011Z"}
{"level":"info","event":"session.relay.leaf.delivered","sessionId":"51d376cd664af54ebe08c962305b3463","sequenceNumber":2,"leafKind":4,"correlationId":"0742c28c-896e-4646-a3f6-6a2dfd524615","ts":"2026-08-23T16:38:45.011Z"}
{"level":"info","event":"session.content.held","sessionId":"51d376cd664af54ebe08c962305b3463","canonicalSeq":1,"nextExpected":0,"gap":1,"origin":"sent","correlationId":"d405bb4b-9bb5-438e-8eff-64efb38ab138","ts":"2026-08-23T16:38:45.012Z"}
{"level":"info","event":"document.frame.sent","documentId":"d5ba75e32fb503fe1500373b40cfd437abd6a1108844a330657eb9af28c3cfe0","leafCommitted":false,"leafIndex":null,"sessionId":"51d376cd664af54ebe08c962305b3463","sessionOpened":true,"bytes":836,"parked":false,"correlationId":"d405bb4b-9bb5-438e-8eff-64efb38ab138","ts":"2026-08-23T16:38:45.012Z"}
{"level":"warn","event":"document.delivery.seal_failed","agent":"agentB","sessionId":"51d376cd664af54ebe08c962305b3463","reason":"session_incomplete","correlationId":"d405bb4b-9bb5-438e-8eff-64efb38ab138","ts":"2026-08-23T16:38:45.014Z"}
{"level":"info","event":"session.relay.hash.submitted","sessionId":"51d376cd664af54ebe08c962305b3463","relaySequence":3,"leafIndex":2,"correlationId":"e851a7d5-ee04-4724-a01b-92b2d215be3d","ts":"2026-08-23T16:38:45.018Z"}
{"level":"info","event":"session.relay.leaf.delivered","sessionId":"51d376cd664af54ebe08c962305b3463","sequenceNumber":3,"leafKind":4,"correlationId":"0742c28c-896e-4646-a3f6-6a2dfd524615","ts":"2026-08-23T16:38:45.018Z"}
{"level":"info","event":"session.content.held","sessionId":"51d376cd664af54ebe08c962305b3463","canonicalSeq":2,"nextExpected":0,"gap":2,"origin":"sent","correlationId":"e851a7d5-ee04-4724-a01b-92b2d215be3d","ts":"2026-08-23T16:38:45.018Z"}
{"level":"info","event":"document.frame.sent","documentId":"d5ba75e32fb503fe1500373b40cfd437abd6a1108844a330657eb9af28c3cfe0","leafCommitted":false,"leafIndex":null,"sessionId":"51d376cd664af54ebe08c962305b3463","sessionOpened":false,"bytes":327,"parked":false,"correlationId":"e851a7d5-ee04-4724-a01b-92b2d215be3d","ts":"2026-08-23T16:38:45.018Z"}
{"level":"info","event":"session.relay.leaf.delivered","sessionId":"51d376cd664af54ebe08c962305b3463","sequenceNumber":4,"leafKind":4,"correlationId":"0742c28c-896e-4646-a3f6-6a2dfd524615","ts":"2026-08-23T16:38:45.024Z"}
{"level":"info","event":"session.content.ordering.recorded","sessionId":"51d376cd664af54ebe08c962305b3463","canonicalSeq":3,"source":"content_frame","correlationId":"4b5bd265-2759-402e-b919-5aee72a7a29a","ts":"2026-08-23T16:38:45.026Z"}
{"level":"info","event":"session.content.screen.skipped_document_frame","sessionId":"51d376cd664af54ebe08c962305b3463","agentName":"agentB","correlationId":"4b5bd265-2759-402e-b919-5aee72a7a29a","ts":"2026-08-23T16:38:45.027Z"}
{"level":"info","event":"session.content.held","sessionId":"51d376cd664af54ebe08c962305b3463","canonicalSeq":3,"nextExpected":0,"gap":3,"screenedOut":false,"correlationId":"4b5bd265-2759-402e-b919-5aee72a7a29a","ts":"2026-08-23T16:38:45.027Z"}
{"level":"info","event":"session.content.leaf_unresolved.fetch","agentName":"agentB","sessionId":"383f729f6566be4cc622994c67dae2c0","contentHash":"0fcbce1b0917a57dc39714ef84e09b772f1f40b79e259f6c625dfd45b2a7622a","graceMs":2000,"impact":"the relay told us this message exists and its plaintext never arrived directly — fetching it now instead of waiting for the periodic sweep","ts":"2026-08-23T16:38:46.870Z"}
{"level":"info","event":"session.content.leaf_unresolved.fetch","agentName":"agentB","sessionId":"51d376cd664af54ebe08c962305b3463","contentHash":"f9a3f2fe292e2103e5deb5de3ddd71150f7f1952e918b920363456bec92a206d","graceMs":2000,"impact":"the relay told us this message exists and its plaintext never arrived directly — fetching it now instead of waiting for the periodic sweep","ts":"2026-08-23T16:38:46.998Z"}
{"level":"info","event":"session.content.leaf_unresolved.fetch","agentName":"agentB","sessionId":"51d376cd664af54ebe08c962305b3463","contentHash":"70f668f8d7c2286f988eb3ede412ec6b999c7479cd82096713b7ffaf0eee7973","graceMs":2000,"impact":"the relay told us this message exists and its plaintext never arrived directly — fetching it now instead of waiting for the periodic sweep","ts":"2026-08-23T16:38:47.025Z"}
{"level":"info","event":"session.content.ordering.recorded","sessionId":"51d376cd664af54ebe08c962305b3463","canonicalSeq":0,"source":"park","correlationId":"750408ed-eefe-4a8b-aa6d-3c5143f3a335","ts":"2026-08-23T16:38:47.035Z"}
{"level":"info","event":"session.content.screen.skipped_document_frame","sessionId":"51d376cd664af54ebe08c962305b3463","agentName":"agentB","correlationId":"750408ed-eefe-4a8b-aa6d-3c5143f3a335","ts":"2026-08-23T16:38:47.035Z"}
{"level":"info","event":"session.tree.appended","sessionId":"51d376cd664af54ebe08c962305b3463","leafIndex":0,"newRootHex":"f9a3f2fe292e2103e5deb5de3ddd71150f7f1952e918b920363456bec92a206d","correlationId":"750408ed-eefe-4a8b-aa6d-3c5143f3a335","ts":"2026-08-23T16:38:47.036Z"}
{"level":"info","event":"session.document.received","sessionId":"51d376cd664af54ebe08c962305b3463","senderPubkey":"3af5d9cacbb6f60390485d342b4fa0d34e653363eeaf9b164dfbc82a46c03382","contentHashHex":"f9a3f2fe292e2103e5deb5de3ddd71150f7f1952e918b920363456bec92a206d","sequenceNumber":0,"kind":"reconcile","correlationId":"750408ed-eefe-4a8b-aa6d-3c5143f3a335","ts":"2026-08-23T16:38:47.036Z"}
{"level":"info","event":"session.tree.appended","sessionId":"51d376cd664af54ebe08c962305b3463","leafIndex":1,"newRootHex":"5aec9c4e1c086360b49acad75b528e7ece897422bf804df862fc14b0dfe937bb","correlationId":"d405bb4b-9bb5-438e-8eff-64efb38ab138","ts":"2026-08-23T16:38:47.036Z"}
{"level":"info","event":"session.content.released","sessionId":"51d376cd664af54ebe08c962305b3463","sequenceNumber":1,"leafKind":"doc","correlationId":"d405bb4b-9bb5-438e-8eff-64efb38ab138","ts":"2026-08-23T16:38:47.036Z"}
{"level":"info","event":"session.tree.appended","sessionId":"51d376cd664af54ebe08c962305b3463","leafIndex":2,"newRootHex":"6a485c182249ff4dfd3068f392b7b38c6657ebf5783d124318ed7b5122afe317","correlationId":"e851a7d5-ee04-4724-a01b-92b2d215be3d","ts":"2026-08-23T16:38:47.036Z"}
{"level":"info","event":"session.content.released","sessionId":"51d376cd664af54ebe08c962305b3463","sequenceNumber":2,"leafKind":"doc","correlationId":"e851a7d5-ee04-4724-a01b-92b2d215be3d","ts":"2026-08-23T16:38:47.036Z"}
{"level":"info","event":"session.tree.appended","sessionId":"51d376cd664af54ebe08c962305b3463","leafIndex":3,"newRootHex":"a46b370d9a6587d68d6c1c3ca290ca5092c7ffab4eadb8659082697ba86db257","correlationId":"4b5bd265-2759-402e-b919-5aee72a7a29a","ts":"2026-08-23T16:38:47.036Z"}
{"level":"info","event":"session.document.received","sessionId":"51d376cd664af54ebe08c962305b3463","senderPubkey":"3af5d9cacbb6f60390485d342b4fa0d34e653363eeaf9b164dfbc82a46c03382","contentHashHex":"70f668f8d7c2286f988eb3ede412ec6b999c7479cd82096713b7ffaf0eee7973","sequenceNumber":3,"kind":"reconcile","correlationId":"4b5bd265-2759-402e-b919-5aee72a7a29a","ts":"2026-08-23T16:38:47.036Z"}
{"level":"info","event":"session.content.released","sessionId":"51d376cd664af54ebe08c962305b3463","sequenceNumber":3,"screenedOut":false,"correlationId":"4b5bd265-2759-402e-b919-5aee72a7a29a","ts":"2026-08-23T16:38:47.036Z"}
{"level":"info","event":"session.relay.hash.submitted","sessionId":"51d376cd664af54ebe08c962305b3463","relaySequence":5,"leafIndex":4,"correlationId":"058161f4-f96d-4299-abdb-bc1f8472d828","ts":"2026-08-23T16:38:47.043Z"}
{"level":"info","event":"session.relay.leaf.delivered","sessionId":"51d376cd664af54ebe08c962305b3463","sequenceNumber":5,"leafKind":4,"correlationId":"0742c28c-896e-4646-a3f6-6a2dfd524615","ts":"2026-08-23T16:38:47.043Z"}
{"level":"info","event":"session.tree.appended","sessionId":"51d376cd664af54ebe08c962305b3463","leafIndex":4,"newRootHex":"fd0a28478ac214fc0d32f697d84c75b85e4a2d3617ab4382ed6c04bde366a434","correlationId":"058161f4-f96d-4299-abdb-bc1f8472d828","ts":"2026-08-23T16:38:47.044Z"}
{"level":"info","event":"document.frame.sent","documentId":"ack","leafCommitted":true,"leafIndex":4,"sessionId":"51d376cd664af54ebe08c962305b3463","sessionOpened":false,"bytes":1837,"parked":false,"correlationId":"058161f4-f96d-4299-abdb-bc1f8472d828","ts":"2026-08-23T16:38:47.044Z"}
{"level":"info","event":"session.relay.hash.submitted","sessionId":"51d376cd664af54ebe08c962305b3463","relaySequence":6,"leafIndex":5,"correlationId":"8c37eeda-bcd6-4ee9-939a-a66ac9644e5a","ts":"2026-08-23T16:38:47.050Z"}
{"level":"info","event":"session.relay.leaf.delivered","sessionId":"51d376cd664af54ebe08c962305b3463","sequenceNumber":6,"leafKind":4,"correlationId":"0742c28c-896e-4646-a3f6-6a2dfd524615","ts":"2026-08-23T16:38:47.050Z"}
{"level":"info","event":"session.tree.appended","sessionId":"51d376cd664af54ebe08c962305b3463","leafIndex":5,"newRootHex":"ea39195bdfb921c0fe9906e154198449c492195e148fcea3ee32efe5502b119e","correlationId":"8c37eeda-bcd6-4ee9-939a-a66ac9644e5a","ts":"2026-08-23T16:38:47.050Z"}
{"level":"info","event":"document.frame.sent","documentId":"ack","leafCommitted":true,"leafIndex":5,"sessionId":"51d376cd664af54ebe08c962305b3463","sessionOpened":false,"bytes":1186,"parked":false,"correlationId":"8c37eeda-bcd6-4ee9-939a-a66ac9644e5a","ts":"2026-08-23T16:38:47.050Z"}
{"level":"info","event":"session.content.leaf_unresolved.fetch","agentName":"agentB","sessionId":"51d376cd664af54ebe08c962305b3463","contentHash":"f9a3f2fe292e2103e5deb5de3ddd71150f7f1952e918b920363456bec92a206d","graceMs":2000,"impact":"the relay told us this message exists and its plaintext never arrived directly — fetching it now instead of waiting for the periodic sweep","ts":"2026-08-23T16:38:49.036Z"}
 ❯ src/spine/j-documents.spine.test.ts:1220:13
    1218|       await waitForText(b.conn, documentId, updated, "B's copy with no…
    1219|     } catch (err: unknown) {
    1220|       throw new Error(
       |             ^
    1221|         `${err instanceof Error ? err.message : String(err)}\n` +
    1222|           `--- A (sender) document log ---\n${documentLines(a.daemon)}…

⎯⎯⎯⎯⎯⎯⎯⎯⎯⎯⎯⎯⎯⎯⎯⎯⎯⎯⎯⎯⎯⎯[13/49]⎯

 FAIL  src/spine/j-end.spine.test.ts > J-END — DOD-END-JOURNEY-1: an endorsement from Bob about Alice, end to end > HOP 2: the PORTAL drains, authenticates, scans, mints and delivers
{
  stack: 'AggregateError: \n' +
    '    at /Users/andrep/Documents/code/cello-portal/node_modules.nosync/.pnpm/pg-pool@3.14.0_pg@8.22.0/node_modules/pg-pool/index.js:45:11\n' +
    '    at processTicksAndRejections (node:internal/process/task_queues:104:5)\n' +
    '    at withClient (/Users/andrep/Documents/code/cello-portal/src/server/db.ts:33:18)\n' +
    '    at /Users/andrep/Documents/code/trustless-cello/packages/e2e-tests/src/spine/j-end.spine.test.ts:202:5\n' +
    '    at file:///Users/andrep/Documents/code/trustless-cello/node_modules.nosync/.pnpm/@vitest+runner@3.2.4/node_modules/@vitest/runner/dist/chunk-hooks.js:752:20',
  errors: [
    {
      stack: 'Error: connect ECONNREFUSED ::1:55432\n' +
        '    at createConnectionError (node:net:1746:14)\n' +
        '    at afterConnectMultiple (node:net:1776:16)',
      message: 'connect ECONNREFUSED ::1:55432',
      errno: -61,
      code: 'ECONNREFUSED',
      syscall: 'connect',
      address: '::1',
      port: 55432,
      constructor: 'Function<Error>',
      name: 'Error',
      toString: 'Function<toString>'
    },
    {
      stack: 'Error: connect ECONNREFUSED 127.0.0.1:55432\n' +
        '    at createConnectionError (node:net:1746:14)\n' +
        '    at afterConnectMultiple (node:net:1776:16)',
      message: 'connect ECONNREFUSED 127.0.0.1:55432',
      errno: -61,
      code: 'ECONNREFUSED',
      syscall: 'connect',
      address: '127.0.0.1',
      port: 55432,
      constructor: 'Function<Error>',
      name: 'Error',
      toString: 'Function<toString>'
    }
  ],
  code: 'ECONNREFUSED',
  message: '',
  constructor: 'Function<AggregateError>',
  name: 'AggregateError',
  toString: 'Function<toString>',
  stacks: [
    {
      method: '',
      file: '/Users/andrep/Documents/code/cello-portal/node_modules.nosync/.pnpm/pg-pool@3.14.0_pg@8.22.0/node_modules/pg-pool/index.js',
      line: 45,
      column: 11
    },
    {
      method: 'withClient',
      file: '/Users/andrep/Documents/code/cello-portal/src/server/db.ts',
      line: 33,
      column: 18
    },
    {
      method: '',
      file: '/Users/andrep/Documents/code/trustless-cello/packages/e2e-tests/src/spine/j-end.spine.test.ts',
      line: 202,
      column: 5
    }
  ]
}
 ❯ ../../../cello-portal/node_modules.nosync/.pnpm/pg-pool@3.14.0_pg@8.22.0/node_modules/pg-pool/index.js:45:11
 ❯ withClient ../../../cello-portal/src/server/db.ts:33:18
     31| 
     32| export async function withClient<T>(fn: (c: PoolClient) => Promise<T>)…
     33|   const client = await getPool().connect();
       |                  ^
     34|   try {
     35|     return await fn(client);
 ❯ src/spine/j-end.spine.test.ts:202:5

⎯⎯⎯⎯⎯⎯⎯⎯⎯⎯⎯⎯⎯⎯⎯⎯⎯⎯⎯⎯⎯⎯[14/49]⎯

 FAIL  src/spine/j-end.spine.test.ts > J-END — DOD-END-JOURNEY-1: an endorsement from Bob about Alice, end to end > HOP 3: Alice receives it PENDING — inert until she decides
AssertionError: the endorsement reached Alice's consent queue: expected +0 to be 1 // Object.is equality

[32m- Expected[39m
[31m+ Received[39m

[32m- 1[39m
[31m+ 0[39m

 ❯ src/spine/j-end.spine.test.ts:284:77
    282|       await new Promise((r) => setTimeout(r, 500));
    283|     }
    284|     expect(pending.length, "the endorsement reached Alice's consent qu…
       |                                                                             ^
    285| 
    286|     const item = pending[0];

⎯⎯⎯⎯⎯⎯⎯⎯⎯⎯⎯⎯⎯⎯⎯⎯⎯⎯⎯⎯⎯⎯[15/49]⎯

 FAIL  src/spine/j-end.spine.test.ts > J-END — DOD-END-JOURNEY-1: an endorsement from Bob about Alice, end to end > HOP 4: Alice ACCEPTS, and only then is it presentable
AssertionError: still pending before the decision: expected undefined to be truthy

[32m- Expected:[39m 
true

[31m+ Received:[39m 
undefined

 ❯ src/spine/j-end.spine.test.ts:305:55
    303|     const listed = (await conn.call("cello_attestation_consent_list", …
    304|     const hash = listed.pending?.[0]?.signal_hash;
    305|     expect(hash, "still pending before the decision").toBeTruthy();
       |                                                       ^
    306| 
    307|     const accepted = (await conn.call("cello_attestation_consent_accep…

⎯⎯⎯⎯⎯⎯⎯⎯⎯⎯⎯⎯⎯⎯⎯⎯⎯⎯⎯⎯⎯⎯[16/49]⎯

 FAIL  src/spine/j-end.spine.test.ts > J-END — DOD-END-JOURNEY-1: an endorsement from Bob about Alice, end to end > HOP 5: Alice presents to Charlie, who verifies it and sees BOB'S voice, not CELLO's
AssertionError: Charlie received no trust_signals. Alice's presentation log:
[daemon 0] {"level":"info","event":"signal.submission.sealed","submissionId":"7d7b1bccf53f020b95883530bdd0cd076dc4bc73697e1569e437e7619693d5e6","intakeKeyId":"intake-j-end","op":"submit","subjectKind":"agent","manifestVersion":1,"bodyBytes":65,"ts":"2026-08-23T16:27:23.231Z"}
[daemon 0] {"level":"info","event":"signal.submission.queued","submissionId":"7d7b1bccf53f020b95883530bdd0cd076dc4bc73697e1569e437e7619693d5e6","intakeKeyId":"intake-j-end","stored":true,"ts":"2026-08-23T16:27:23.233Z"}
[daemon 0] {"level":"info","event":"signal.submission.attributed","agentName":"bob","op":"submit","submissionId":"7d7b1bccf53f020b95883530bdd0cd076dc4bc73697e1569e437e7619693d5e6","stored":true,"ts":"2026-08-23T16:27:23.233Z"}
[daemon 0] {"level":"info","event":"signal.submission.recorded","agentId":"b1695602-3c35-4769-90ef-6a35bbf6cb89","submissionId":"7d7b1bccf53f020b95883530bdd0cd076dc4bc73697e1569e437e7619693d5e6","op":"submit","stored":true,"ts":"2026-08-23T16:27:23.233Z"}
[daemon 1] {"level":"info","event":"signal.presentation.none_eligible","agentName":"alice","target":"1cdcb8ac6c5c97e8","heldTotal":0,"eligibleBeforeContactPrefs":0,"contactPrefsApplied":0,"filter":null,"correlationId":"59c5b815-6ffd-4e89-9d96-02e6deb959a1","ts":"2026-08-23T16:27:47.566Z"}
 ❯ src/spine/j-end.spine.test.ts:355:14
    353|         .filter((l) => /signal\.|trust_signal/.test(l))
    354|         .map((l) => `[daemon ${i}] ${l}`)).slice(-16).join("\n");
    355|       expect.fail(`Charlie received no trust_signals. Alice's presenta…
       |              ^
    356|     }
    357| 

⎯⎯⎯⎯⎯⎯⎯⎯⎯⎯⎯⎯⎯⎯⎯⎯⎯⎯⎯⎯⎯⎯[17/49]⎯

 FAIL  src/spine/j-end.spine.test.ts > J-END — DOD-END-JOURNEY-1: an endorsement from Bob about Alice, end to end > HOP 6 (case a): Alice REFUSES a second endorsement with a message — and it never reaches Charlie
AssertionError: second endorsement not minted: {"drained":2,"minted":0,"rejected":0,"poison":0,"duplicates":0,"unhandledOps":0,"refused":0,"errored":2,"nodeErrors":[]}: expected +0 to be 1 // Object.is equality

[32m- Expected[39m
[31m+ Received[39m

[32m- 1[39m
[31m+ 0[39m

 ❯ src/spine/j-end.spine.test.ts:438:83
    436|       directoryBaseUrl: cluster.internalApiUrls[0],
    437|     });
    438|     expect(pass.minted, `second endorsement not minted: ${JSON.stringi…
       |                                                                                   ^
    439| 
    440|     // ── It lands PENDING; Alice refuses it, WITH a message (M10B-D4)…

⎯⎯⎯⎯⎯⎯⎯⎯⎯⎯⎯⎯⎯⎯⎯⎯⎯⎯⎯⎯⎯⎯[18/49]⎯

 FAIL  src/spine/j-end.spine.test.ts > J-END — DOD-END-JOURNEY-1: an endorsement from Bob about Alice, end to end > HOP 7 (case a2): Alice is OFFLINE when Bob submits — nothing is lost, and she is TOLD on return
AssertionError: mint failed with the subject offline: {"drained":3,"minted":0,"rejected":0,"poison":0,"duplicates":0,"unhandledOps":0,"refused":0,"errored":3,"nodeErrors":[]}: expected +0 to be 1 // Object.is equality

[32m- Expected[39m
[31m+ Received[39m

[32m- 1[39m
[31m+ 0[39m

 ❯ src/spine/j-end.spine.test.ts:552:90
    550|       directoryBaseUrl: cluster.internalApiUrls[0],
    551|     });
    552|     expect(pass.minted, `mint failed with the subject offline: ${JSON.…
       |                                                                                          ^
    553| 
    554|     // The envelope waits in the pickup path rather than being dropped.

⎯⎯⎯⎯⎯⎯⎯⎯⎯⎯⎯⎯⎯⎯⎯⎯⎯⎯⎯⎯⎯⎯[19/49]⎯

 FAIL  src/spine/j-end.spine.test.ts > J-END — DOD-END-JOURNEY-1: an endorsement from Bob about Alice, end to end > HOP 9 (case b): a CO-OWNED endorsement is minted, flagged, presentable — and does not count
AssertionError: co-owned endorsement not minted: {"drained":4,"minted":0,"rejected":0,"poison":0,"duplicates":0,"unhandledOps":0,"refused":0,"errored":4,"nodeErrors":[]}: expected +0 to be 1 // Object.is equality

[32m- Expected[39m
[31m+ Received[39m

[32m- 1[39m
[31m+ 0[39m

 ❯ src/spine/j-end.spine.test.ts:700:85
    698|     // MINTED, NOT REFUSED — and `errored` is asserted at zero because…
    699|     // would otherwise read as "not minted" and be indistinguishable f…
    700|     expect(pass.minted, `co-owned endorsement not minted: ${JSON.strin…
       |                                                                                     ^
    701|     expect(pass.errored, "no row may be left undecided").toBe(0);
    702| 

⎯⎯⎯⎯⎯⎯⎯⎯⎯⎯⎯⎯⎯⎯⎯⎯⎯⎯⎯⎯⎯⎯[20/49]⎯

 FAIL  src/spine/j-legibility.spine.test.ts > J-LEGIBILITY — malicious-tail bilateral seal, cert read cross-process (DOD-LEG-1..4) > A's malicious tail, delivered to B but never answered → cert reads receipt-not-assent, per-party frontiers, final_message.answered:false (cross-process)
AssertionError: expected '...you agreed to send me $1000 [[OVER…' to be '…you agreed to send me $1000 [[OVER]]' // Object.is equality

Expected: [32m"[7m…[27myou agreed to send me $1000 [[OVER]]"[39m
Received: [31m"[7m...[27myou agreed to send me $1000 [[OVER]]"[39m

 ❯ src/spine/j-legibility.spine.test.ts:157:144
    155|     const TAIL = "…you agreed to send me $1000";
    156|     expect(((await connA.call("cello_send", { cello_session_id: sessio…
    157|     expect(((await connB.call("cello_receive", { cello_session_id: ses…
       |                                                                                                                                                ^
    158|     // B does NOT reply to the tail. Both close → bilateral seal.
    159| 

⎯⎯⎯⎯⎯⎯⎯⎯⎯⎯⎯⎯⎯⎯⎯⎯⎯⎯⎯⎯⎯⎯[21/49]⎯

 FAIL  src/spine/j-loopback.spine.test.ts > J-LOOPBACK — two agents converse on ONE daemon (DOD-LOOP-1) > A initiates to B on the SAME daemon → exchange + bilateral seal, byte-identical root, no 2nd daemon
TypeError: .toMatch() expects to receive a string, but got undefined
 ❯ src/spine/j-loopback.spine.test.ts:166:57
    164|     expect(closeA.ok, `A close failed:${diag}`).toBe(true);
    165|     expect(closeB.ok, `B close failed:${diag}`).toBe(true);
    166|     expect(closeA.sealed_root, `A sealed_root:${diag}`).toMatch(/^[0-9…
       |                                                         ^
    167|     expect(closeB.sealed_root, `both ends' sealed_root must be BYTE-ID…
    168|     expect(closeA.seal_type, `seal must be bilateral (not a unilateral…

⎯⎯⎯⎯⎯⎯⎯⎯⎯⎯⎯⎯⎯⎯⎯⎯⎯⎯⎯⎯⎯⎯[22/49]⎯

 FAIL  src/spine/j-multiplayer.spine.test.ts > J-MULTIPLAYER — the built artifact keeps its layer boundary > SYNC-AC17: the document layer's built artifact carries no relay vocabulary
AssertionError: document-reconcile-scheduler.js speaks relay vocabulary: parked: expected true to be false // Object.is equality

[32m- Expected[39m
[31m+ Received[39m

[32m- false[39m
[31m+ true[39m

 ❯ src/spine/j-multiplayer.spine.test.ts:307:77
    305|       const src = readFileSync(join(distDir, f), "utf8");
    306|       for (const word of ["session_sealed", "relay_session_gone", "par…
    307|         expect(src.includes(word), `${f} speaks relay vocabulary: ${wo…
       |                                                                             ^
    308|       }
    309|     }

⎯⎯⎯⎯⎯⎯⎯⎯⎯⎯⎯⎯⎯⎯⎯⎯⎯⎯⎯⎯⎯⎯[23/49]⎯

 FAIL  src/spine/j-multiplayer.spine.test.ts > J-MULTIPLAYER — three real daemons, one document > GOVERN + JOIN: an admin invites a third party, they consent, and all three derive the same arrangement (DOD-MP-E2E-GOVERN-1, DOD-MP-E2E-JOIN-1)
AssertionError: A↔B: agentA has no sealed root: expected undefined to be truthy

[32m- Expected:[39m 
true

[31m+ Received:[39m 
undefined

 ❯ src/spine/j-multiplayer.spine.test.ts:459:74
    457|         const rx = (await x.conn.call("cello_sealed_receipt", { cello_…
    458|         const ry = (await y.conn.call("cello_sealed_receipt", { cello_…
    459|         expect(rx.sealed_root, `${label}: ${x.name} has no sealed root…
       |                                                                          ^
    460|         // Side to side, never one side's value against itself — the t…
    461|         expect(ry.sealed_root, `${label}: the two sides sealed differe…

⎯⎯⎯⎯⎯⎯⎯⎯⎯⎯⎯⎯⎯⎯⎯⎯⎯⎯⎯⎯⎯⎯[24/49]⎯

 FAIL  src/spine/j-multiplayer.spine.test.ts > J-MULTIPLAYER — three real daemons, one document > REMOVE while OFFLINE: a holder removed while down learns their own removal on return, from A's signed entry, with NOBODY acting on either side (SYNC-AC13)
 FAIL  src/spine/j-multiplayer.spine.test.ts > J-MULTIPLAYER — three real daemons, one document > NUDGE + SURFACE: an absent holder blocks nobody, and the surface says behind-with-last-seen from the display cache (SYNC-AC1, AC5, AC20)
 FAIL  src/spine/j-multiplayer.spine.test.ts > J-MULTIPLAYER — three real daemons, one document > REMOVE surfaces to the REMOVED holder who never went away — standing flips, the copy stays, their own publish refuses by name, and the survivors carry on (SYNC-AC13)
 FAIL  src/spine/j-multiplayer.spine.test.ts > J-MULTIPLAYER — three real daemons, one document > END: closes are ENTRIES that settle by DERIVATION only when every seat has spoken (SYNC-AC4's settlement rule, R26–R28)
 FAIL  src/spine/j-multiplayer.spine.test.ts > J-MULTIPLAYER — three real daemons, one document > END: a REMOVED holder cannot end the document — the gate REFUSES, and refusal is what no acceptance can prove (DOD-MP-CONTROL-N-1)
McpError: MCP error -32001: Request timed out
 ❯ McpError.fromError ../../node_modules.nosync/.pnpm/@modelcontextprotocol+sdk@1.29.0_zod@4.4.2/node_modules/@modelcontextprotocol/sdk/src/types.ts:2330:16
 ❯ Timeout.timeoutHandler ../../node_modules.nosync/.pnpm/@modelcontextprotocol+sdk@1.29.0_zod@4.4.2/node_modules/@modelcontextprotocol/sdk/src/shared/protocol.ts:1216:58

⎯⎯⎯⎯⎯⎯⎯⎯⎯⎯⎯⎯⎯⎯⎯⎯⎯⎯⎯⎯⎯⎯[25/49]⎯

 FAIL  src/spine/j-persist.spine.test.ts > J-PERSIST — durable encrypted transcript survives restart (DOD-LOG-1) > A↔B exchange → kill+restart B's daemon → B reads the full transcript back in order; relay/directory never saw plaintext
AssertionError: transcript message "PERSIST-NEED…" must have a committed msg leaf: expected undefined to be defined
 ❯ src/spine/j-persist.spine.test.ts:198:115
    196|         const hashHex = contentHashHex(Buffer.from(m.text)).toLowerCas…
    197|         const committedLeafIndex = leafIndexByHash.get(hashHex);
    198|         expect(committedLeafIndex, `transcript message "${m.text.slice…
       |                                                                                                                   ^
    199|         expect(
    200|           m.sequence,

⎯⎯⎯⎯⎯⎯⎯⎯⎯⎯⎯⎯⎯⎯⎯⎯⎯⎯⎯⎯⎯⎯[26/49]⎯

 FAIL  src/spine/j-refresh.spine.test.ts > J-REFRESH — proactive share refresh / epoch rollover (DOD-REFRESH-1) > refresh rotates all shares to a new epoch: group key UNCHANGED, all nodes apply, post-refresh seal still works
SyntaxError: Unexpected non-whitespace character after JSON at position 156 (line 7 column 1)
 ❯ setup src/spine/j-refresh.spine.test.ts:104:25
    102|     const res = registerAgent(name, `DEV-${label}-${name}-${randomByte…
    103|     expect(res.status, `${label}: register ${name} failed: ${res.stdou…
    104|     const parsed = JSON.parse(res.stdout.trim()) as { ok?: boolean; pr…
       |                         ^
    105|     expect(parsed.ok, `${label}: register ${name} not ok: ${res.stdout…
    106|     if (name === "agentA") p1 = parsed.primary_pubkey ?? "";
 ❯ src/spine/j-refresh.spine.test.ts:152:58

⎯⎯⎯⎯⎯⎯⎯⎯⎯⎯⎯⎯⎯⎯⎯⎯⎯⎯⎯⎯⎯⎯[27/49]⎯

 FAIL  src/spine/j-relaysig.spine.test.ts > J-RELAYSIG — relay-signed ordering receipts (DOD-RELAYSIG-1) > the daemon verifies the relay's signed ACK and durably stores an immutable receipt
SyntaxError: Unexpected token 'C', "CELLO — a "... is not valid JSON
 ❯ src/spine/j-relaysig.spine.test.ts:134:30
    132| 
    133|     // ─── The daemon stored a VERIFIED relay receipt for A (it stores…
    134|     const receiptsOut = JSON.parse(cello(["receipts", "agentA"], env).…
       |                              ^
    135|       ok?: boolean;
    136|       receipts?: Array<{ hash_hex?: string; relay_id?: string; sequenc…

⎯⎯⎯⎯⎯⎯⎯⎯⎯⎯⎯⎯⎯⎯⎯⎯⎯⎯⎯⎯⎯⎯[28/49]⎯

 FAIL  src/spine/j-remove.spine.test.ts > J-REMOVE — retire-and-keep + name reuse (CELLO-M7-REMOVE-001 DOD-REMOVE-1) > DOD-REMOVE-3: a revoked agent is refused as a session target (agent_revoked)
AssertionError: the directory must refuse a revoked target with agent_revoked: expected 'counterparty_offline' to be 'agent_revoked' // Object.is equality

Expected: [32m"agent_revoked"[39m
Received: [31m"counterparty_offline"[39m

 ❯ src/spine/j-remove.spine.test.ts:340:91
    338|     const after = (await connA.call("cello_initiate_session", { target…
    339|     expect(after.ok, `initiate to a revoked agent must fail: ${JSON.st…
    340|     expect(after.reason, "the directory must refuse a revoked target w…
       |                                                                                           ^
    341|   }, 150_000);
    342| });

⎯⎯⎯⎯⎯⎯⎯⎯⎯⎯⎯⎯⎯⎯⎯⎯⎯⎯⎯⎯⎯⎯[29/49]⎯

 FAIL  src/spine/j-sign.spine.test.ts > J-SIGN — T-of-N session seal across the consortium (DOD-SIGN-1) > consortium seal is FROST T-of-N (≥2 directories sign), and survives a participating node DOWN
SyntaxError: Unexpected non-whitespace character after JSON at position 156 (line 7 column 1)
 ❯ setupTwoAgents src/spine/j-sign.spine.test.ts:104:18
    102|     const res = registerAgent(name, `DEV-${label}-${name}-${randomByte…
    103|     expect(res.status, `${label}: register ${name} failed: ${res.stdou…
    104|     expect((JSON.parse(res.stdout.trim()) as { ok?: boolean }).ok, `${…
       |                  ^
    105|   }
    106| 
 ❯ src/spine/j-sign.spine.test.ts:153:44

⎯⎯⎯⎯⎯⎯⎯⎯⎯⎯⎯⎯⎯⎯⎯⎯⎯⎯⎯⎯⎯⎯[30/49]⎯

 FAIL  src/spine/j-spine.spine.test.ts > J-SPINE — live binary spine (DOD-SPINE-1..7 against the real binaries) > DOD-SPINE-1 — daemon up: started, `cello login` connects within 5s, signaling connected (directory-corroborated)
AssertionError: status must carry a connections list
--- raw cello status ---
{
  "daemon": "running",
  "directory_signaling": "connected",
  "directory_authentication": "enforced",
  "agents": [
    {
      "name": "agentA",
      "state": "unattended",
      "pubkey": "b8ffe8d84f9024c372b6da090675a470d259e202c9822221c9ae475635444951",
      "standing_receiver_ready": true,
      "standing_receiver_reachability": "reserved"
    }
  ],
  "standing_receiver_ready": true,
  "retryQueueDepth": 0,
  "interrupted_sessions": [],
  "active_sessions": []
}

--- daemon log ---
{"level":"info","event":"daemon.manifest.configured","manifestPath":"/var/folders/2q/t2k6pn7x0w1fv15vqyqqg7g80000gn/T/cello-manifest-agentA-8ovOCS/consortium-manifest-agentA.json","rootKeyCount":5,"threshold":3,"pollMinMs":null,"pollMaxMs":null,"ts":"2026-08-23T16:24:00.890Z"}
{"level":"info","event":"security.gateway.spawned","pid":67490,"socketPath":"/var/folders/2q/t2k6pn7x0w1fv15vqyqqg7g80000gn/T/cello-agentA-UHhqyd/gateway.sock","ts":"2026-08-23T16:24:01.001Z"}
{"level":"info","event":"security.gateway.layer2","state":"off:no","ts":"2026-08-23T16:24:01.001Z"}
{"level":"info","event":"daemon.singleton.acquired","pid":67489,"lockPath":"/var/folders/2q/t2k6pn7x0w1fv15vqyqqg7g80000gn/T/cello-agentA-UHhqyd/daemon.singleton","ts":"2026-08-23T16:24:01.005Z"}
{"level":"info","event":"transport.adapters.wired","env":"local","selector":"stub","ts":"2026-08-23T16:24:01.006Z"}
{"level":"info","event":"security.gateway.connected","mode":"enforcing","ts":"2026-08-23T16:24:01.007Z"}
{"level":"info","event":"persist.identity.migrated.agent","agentName":"agentA","registered":false,"ts":"2026-08-23T16:24:01.010Z"}
{"level":"info","event":"persist.identity.migrated","agentsMigrated":1,"rowsMigrated":0,"ts":"2026-08-23T16:24:01.010Z"}
{"level":"info","event":"persist.db.opened","encrypted":true,"migrated":true,"ts":"2026-08-23T16:24:01.011Z"}
{"level":"info","event":"contacts.tier.columns.added","columns":["tier","provenance","last_offered_moniker","away_message"],"ts":"2026-08-23T16:24:01.013Z"}
{"level":"info","event":"persist.manifest.version.persisted","version":1,"ts":"2026-08-23T16:24:01.018Z"}
{"level":"info","event":"directory.auth.manifest.verified","manifestVersion":1,"signerCount":3,"ts":"2026-08-23T16:24:01.018Z"}
{"level":"info","event":"directory.consortium.resolved","manifestVersion":1,"declaredNodes":3,"resolvedNodes":3,"nodes":[{"nodeId":"aws-spine-0","peerId":"12D3KooWBCmmi826fapRzpvpXnfWec4rqgZxBrBEPW32SFkidjm6"},{"nodeId":"aws-spine-1","peerId":"12D3KooWGMCRcGLk2o61S9GHDYXjMzu8xCsV9DxWkKLTRWZyQD5J"},{"nodeId":"aws-spine-2","peerId":"12D3KooWMD1hkmDyFf5S1h77uWQaisgh25vEmUPyry91eCpSAu6e"}],"ts":"2026-08-23T16:24:01.028Z"}
{"level":"info","event":"agent.signaling.created","agentName":"agentA","agentPubkey":"b8ffe8d84f9024c372b6da090675a470d259e202c9822221c9ae475635444951","ts":"2026-08-23T16:24:01.031Z"}
{"level":"debug","event":"document.handlers.registered","verbs":["cello_doc_accept","cello_doc_close","cello_doc_diff","cello_doc_inbox","cello_doc_invite","cello_doc_kill","cello_doc_list","cello_doc_propose","cello_doc_publish","cello_doc_read","cello_doc_refuse","cello_doc_remove","cello_doc_watch","cello_doc_write"],"ts":"2026-08-23T16:24:01.036Z"}
{"level":"info","event":"directory.bootstrap.resolved","directoryUrl":"http://127.0.0.1:57186","peerId":"12D3KooWBCmmi826fapRzpvpXnfWec4rqgZxBrBEPW32SFkidjm6","ts":"2026-08-23T16:24:01.037Z"}
{"level":"info","event":"daemon.login.validation.complete","verifiedCount":0,"staleCount":0,"goneCount":0,"ts":"2026-08-23T16:24:01.054Z"}
{"level":"info","event":"daemon.started","pid":67489,"ipcSocketPath":"/var/folders/2q/t2k6pn7x0w1fv15vqyqqg7g80000gn/T/cello-agentA-UHhqyd/daemon.sock","agentCount":1,"manifestVerified":true,"ts":"2026-08-23T16:24:01.054Z"}
{"level":"info","event":"session.revival_bound.sweep","expired":0,"closed":0,"windowMs":86400000,"ts":"2026-08-23T16:24:01.054Z"}
{"level":"info","event":"directory.auth.challenge.verified","directoryNodeId":"aws-spine-0","ts":"2026-08-23T16:24:01.074Z"}
{"level":"info","event":"directory.relay_endpoints.received","directoryNodeId":"aws-spine-0","relayPeerIds":["12D3KooWHzNiunRb1scSstcuLUZyhiV2xFqQTx1szJRP3wGhKQLZ"],"ts":"2026-08-23T16:24:01.074Z"}
{"level":"info","event":"directory.signaling.connected","directoryNodeId":"aws-spine-0","agentPubkey":"b8ffe8d84f9024c372b6da090675a470d259e202c9822221c9ae475635444951","verified":true,"ts":"2026-08-23T16:24:01.074Z"}
{"level":"info","event":"directory.signaling.connected","directoryNodeId":"aws-spine-0","manifestVersion":1,"ts":"2026-08-23T16:24:01.075Z"}
{"level":"info","event":"daemon.ipc.accepted","connectionId":"816e1867-a1e0-4f45-9570-5635d9e1543b","ts":"2026-08-23T16:24:01.345Z"}
{"level":"info","event":"daemon.ipc.connected","connectionId":"816e1867-a1e0-4f45-9570-5635d9e1543b","clientType":"cli","ts":"2026-08-23T16:24:01.346Z"}
{"level":"info","event":"agent.directory.connection.initiated","agentName":"agentA","agentPubkey":"b8ffe8d84f9024c372b6da090675a470d259e202c9822221c9ae475635444951","ts":"2026-08-23T16:24:01.347Z"}
{"level":"info","event":"agent.online","agentName":"agentA","agentPubkey":"b8ffe8d84f9024c372b6da090675a470d259e202c9822221c9ae475635444951","ts":"2026-08-23T16:24:01.348Z"}
{"level":"info","event":"daemon.ipc.disconnected","connectionId":"816e1867-a1e0-4f45-9570-5635d9e1543b","reason":"client_closed","clientType":"cli","attendedAgent":null,"ts":"2026-08-23T16:24:01.355Z"}
{"level":"info","event":"transport.autonat.result","dialable":false,"publicAddr":null,"nodeType":"standing_receiver","note":"autonat_unavailable — directory in reconnecting state","ts":"2026-08-23T16:24:01.362Z"}
{"level":"warn","event":"transport.autonat.unavailable","nodeType":"standing_receiver","directorySignalingStatus":"reconnecting","ts":"2026-08-23T16:24:01.362Z"}
{"level":"info","event":"session.node.created","sessionId":"standing_receiver_2bd8739f-5976-4a84-9bfa-47c1beb24554","agentName":"__standing_receiver__:agentA","sessionPeerId":"12D3KooWEL65mVHuaWtrQYakiVQbHT5XevVBRgXLxFRAbxNPJHAL","correlationId":"79dd0bfa-6d78-4ba7-9718-884aeff0277c","ts":"2026-08-23T16:24:01.362Z"}
{"level":"info","event":"session.standing_receiver.reachability","agentName":"agentA","circuitAddrs":1,"reservationsRequested":1,"correlationId":"79dd0bfa-6d78-4ba7-9718-884aeff0277c","ts":"2026-08-23T16:24:01.362Z"}
{"level":"info","event":"content.recover.drain.triggered","agentName":"agentA","reason":"standing_receiver_ready","ts":"2026-08-23T16:24:01.362Z"}
{"level":"info","event":"daemon.ipc.accepted","connectionId":"2262dab6-11f1-4c4e-9320-36c9a424b974","ts":"2026-08-23T16:24:01.638Z"}
{"level":"info","event":"daemon.ipc.disconnected","connectionId":"2262dab6-11f1-4c4e-9320-36c9a424b974","reason":"client_closed","clientType":"unknown","attendedAgent":null,"ts":"2026-08-23T16:24:01.644Z"}
--- directory log (last 60) ---
{"event":"adapter.initialised","level":"info","timestamp":"2026-08-23T16:23:59.552Z","adapterName":"AuditLogShipper","implementation":"LocalAuditLogShipper","env":"local"}
{"event":"adapter.profiles.loaded","level":"info","timestamp":"2026-08-23T16:23:59.572Z","count":0}
{"event":"adapter.revocations.loaded","level":"info","timestamp":"2026-08-23T16:23:59.574Z","count":0,"unenforceable":0}
{"event":"adapter.initialised","level":"info","timestamp":"2026-08-23T16:23:59.574Z","adapterName":"PgDirectoryStore","implementation":"PgDirectoryStore","env":"local","poolMax":50}
{"event":"db.rls.verified","level":"info","timestamp":"2026-08-23T16:23:59.576Z","tableCount":42,"env":"local"}
{"event":"adapter.initialised","level":"info","timestamp":"2026-08-23T16:23:59.576Z","adapterName":"MmrCheckpointService","implementation":"MmrCheckpointService","env":"local"}
{"event":"adapter.initialised","level":"info","timestamp":"2026-08-23T16:23:59.577Z","adapterName":"EnvelopeKeyProvider","implementation":"LocalEnvelopeKeyProvider","env":"local"}
{"event":"adapter.initialised","level":"info","timestamp":"2026-08-23T16:23:59.577Z","adapterName":"ClientStore","implementation":"LocalClientStore","env":"local"}
{"event":"adapter.initialised","level":"info","timestamp":"2026-08-23T16:23:59.577Z","adapterName":"RelayWal","implementation":"InMemoryRelayWal","env":"local"}
{"event":"adapter.initialised","level":"info","timestamp":"2026-08-23T16:23:59.577Z","adapterName":"NotificationQueue","implementation":"InMemoryNotificationQueue","env":"local"}
{"event":"adapter.initialised","level":"info","timestamp":"2026-08-23T16:23:59.577Z","adapterName":"JobScheduler","implementation":"LocalJobScheduler","env":"local"}
{"event":"adapter.initialised","level":"info","timestamp":"2026-08-23T16:23:59.577Z","adapterName":"AnalyticsJob","triggeredBy":"scheduler","env":"local"}
{"event":"adapter.initialised","level":"info","timestamp":"2026-08-23T16:23:59.577Z","adapterName":"PendingConnectionRequestTtlSweep","triggeredBy":"scheduler","env":"local"}
{"event":"adapter.initialised","level":"info","timestamp":"2026-08-23T16:23:59.577Z","adapterName":"MmrCheckpointJob","triggeredBy":"scheduler","env":"local"}
{"event":"adapter.initialised","level":"info","timestamp":"2026-08-23T16:23:59.578Z","adapterName":"TransportKey","implementation":"generated","env":"local"}
{"event":"adapter.initialised","level":"info","timestamp":"2026-08-23T16:23:59.579Z","adapterName":"ShareStore","implementation":"PersistentShareStore","env":"local","sharesLoaded":0}
{"event":"node.registry.loaded","level":"info","timestamp":"2026-08-23T16:23:59.579Z","relayCount":1,"directoryCount":0,"source":"env"}
{"event":"adapter.initialised","level":"info","timestamp":"2026-08-23T16:23:59.579Z","adapterName":"DirectoryNode","implementation":"CelloDirectoryNode","env":"local","pubkey":"e2143e16179bc33f300fe310f1d2a9d1e6358b87c1c8561f35499c5f4f162447"}
{"event":"adapter.initialised","level":"info","timestamp":"2026-08-23T16:23:59.579Z","adapterName":"RelayPoolManager","implementation":"skipped","reason":"RELAY_MANIFEST_SIGNER_PUBKEY not set","env":"local"}
{"event":"adapter.initialised","level":"info","timestamp":"2026-08-23T16:23:59.579Z","adapterName":"CheckpointTransport","implementation":"InMemoryCheckpointTransport","env":"local"}
{"event":"adapter.initialised","level":"info","timestamp":"2026-08-23T16:23:59.579Z","adapterName":"TokenValidator","implementation":"DevTokenValidator","env":"local"}
{"event":"directory.node_key.configured","level":"info","timestamp":"2026-08-23T16:23:59.579Z","nodeId":"aws-spine-0"}
{"event":"directory.manifest.store.loaded","level":"info","timestamp":"2026-08-23T16:23:59.583Z","path":"/var/folders/2q/t2k6pn7x0w1fv15vqyqqg7g80000gn/T/cello-spine-consortium-b4i40S/consortium-manifest.json","manifestVersion":1,"verified":true}
2026-08-23T16:23:59.601  [DIR]   Started — peer 12D3KooW, signaling /ip4/127.0.0.1/tcp/57191/p2p/12D3KooWBCmmi826fapRzpvpXnfWec4rqgZxBrBEPW32SFkidjm6
{"event":"adapter.state.loaded","level":"info","timestamp":"2026-08-23T16:23:59.601Z","stateType":"agent_profiles","count":0}
{"event":"adapter.state.loaded","level":"info","timestamp":"2026-08-23T16:23:59.607Z","stateType":"pending_connection_requests","count":0}
{"event":"adapter.state.loaded","level":"info","timestamp":"2026-08-23T16:23:59.609Z","stateType":"session_participants","count":0}
{"event":"adapter.state.loaded","level":"info","timestamp":"2026-08-23T16:23:59.609Z","stateType":"session_last_activity","count":0}
{"event":"directory.presence.startup.reconciled","level":"info","timestamp":"2026-08-23T16:23:59.609Z","nodeId":"aws-spine-0","reconciledCount":0}
{"event":"adapter.initialised","level":"info","timestamp":"2026-08-23T16:23:59.609Z","adapterName":"CheckpointCoordinator","implementation":"InMemoryCheckpointTransport","env":"local","nodeId":"aws-spine-0"}
{"event":"relay.adapter.connect.failed","level":"warn","timestamp":"2026-08-23T16:23:59.612Z","relayPeerId":"12D3KooWHzNiunRb1scSstcuLUZyhiV2xFqQTx1szJRP3wGhKQLZ","addressesTried":1,"reason":"message=connection error 127.0.0.1:57185: connect ECONNREFUSED 127.0.0.1:57185 reason=connection_lost","impact":"no pre-connection to the relay; the first request will dial, so this is not fatal"}
{"event":"adapter.initialised","level":"info","timestamp":"2026-08-23T16:23:59.612Z","adapterName":"ListenAddr","implementation":"/ip4/127.0.0.1/tcp/57191/p2p/12D3KooWBCmmi826fapRzpvpXnfWec4rqgZxBrBEPW32SFkidjm6","env":"local"}
{"event":"adapter.initialised","level":"info","timestamp":"2026-08-23T16:23:59.612Z","adapterName":"ListenAddr","implementation":"/ip4/127.0.0.1/tcp/57192/ws/p2p/12D3KooWBCmmi826fapRzpvpXnfWec4rqgZxBrBEPW32SFkidjm6","env":"local"}
{"event":"directory.service.started","level":"info","timestamp":"2026-08-23T16:23:59.613Z","nodeId":"aws-spine-0","region":"local","environment":"local","schemaVersion":63}
{"event":"adapter.initialised","level":"info","timestamp":"2026-08-23T16:23:59.613Z","adapterName":"HealthServer","implementation":"http","env":"local","port":57186}
{"event":"adapter.initialised","level":"info","timestamp":"2026-08-23T16:23:59.613Z","adapterName":"BootstrapEndpoint","multiaddr":"/ip4/127.0.0.1/tcp/57192/ws/p2p/12D3KooWBCmmi826fapRzpvpXnfWec4rqgZxBrBEPW32SFkidjm6","peerId":"12D3KooWBCmmi826fapRzpvpXnfWec4rqgZxBrBEPW32SFkidjm6"}
2026-08-23T16:24:00.590  [DIR]   Peer connected: 12D3KooW (relay)
{"event":"adapter.persisted","level":"info","timestamp":"2026-08-23T16:24:00.601Z","tableName":"relay_registrations","rowCount":1,"durationMs":2}
{"event":"relay.registered","level":"info","timestamp":"2026-08-23T16:24:00.601Z","relayId":"9c2e1f3091686e56517898c343a221d5c0eb4d3a27e6a56167e1456cf94539ef","region":"us-east-1","healthCheckUrl":"http://127.0.0.1:57211/health"}
{"event":"relay.adapter.multiaddr.updated","level":"info","timestamp":"2026-08-23T16:24:00.602Z","multiaddr":"/ip4/127.0.0.1/tcp/57185/p2p/12D3KooWHzNiunRb1scSstcuLUZyhiV2xFqQTx1szJRP3wGhKQLZ"}
2026-08-23T16:24:01.063  [DIR]   Peer connected: 12D3KooW
{"event":"frost.debug.auth.setStreams","level":"info","timestamp":"2026-08-23T16:24:01.072Z","authedShort":"b8ffe8d84f9024c3","delegatedSignerFound":false,"streamsMapSize":1,"allStreamKeys":["b8ffe8d84f9024c3"],"allDelegatedKeys":[]}
{"event":"frost.debug.auth.setStreams_skipped_no_delegated","level":"warn","timestamp":"2026-08-23T16:24:01.072Z","authedShort":"b8ffe8d84f9024c3"}
2026-08-23T16:24:01.072  [AUTH]  Peer b8ffe8d8 authenticated (signaling)
{"event":"directory.auth.challenge.signed","level":"info","timestamp":"2026-08-23T16:24:01.073Z","nodeId":"aws-spine-0","agentPubkeyHex":"b8ffe8d84f9024c3","correlationId":"7378d0bca290c6b11595f45a9f87854bccaec22eb97a12b552e0ccdf8ffb927e"}
{"event":"directory.presence.transition","level":"info","timestamp":"2026-08-23T16:24:01.074Z","agentId":"b8ffe8d84f9024c372b6da090675a470d259e202c9822221c9ae475635444951","owningNodeId":"aws-spine-0","state":"online","correlationId":"72059e1f4d37ff10"}
2026-08-23T16:24:01.075  [AUTH]  Peer b8ffe8d8 announced peer_id + listen addrs: expected false to be true // Object.is equality

[32m- Expected[39m
[31m+ Received[39m

[32m- true[39m
[31m+ false[39m

 ❯ src/spine/j-spine.spine.test.ts:200:94
    198|     expect(status.directory_signaling, `directory_signaling should be …
    199|     expect(status.agents?.length ?? 0, `status should list >=1 agent${…
    200|     expect(Array.isArray(status.connections), `status must carry a con…
       |                                                                                              ^
    201| 
    202|     // Required startup log events (DOD-SPINE-1).

⎯⎯⎯⎯⎯⎯⎯⎯⎯⎯⎯⎯⎯⎯⎯⎯⎯⎯⎯⎯⎯⎯[31/49]⎯

 FAIL  src/spine/j-spine.spine.test.ts > J-SPINE — live binary spine (DOD-SPINE-1..7 against the real binaries) > DOD-SPINE-2/3 — two IPC sessions: three-state model + independent current-agent
AssertionError: agentA starts registered: expected 'stopped' to be 'registered' // Object.is equality

Expected: [32m"[7mregister[27med"[39m
Received: [31m"[7mstopp[27med"[39m

 ❯ src/spine/j-spine.spine.test.ts:250:96
    248|     // DOD-SPINE-3: three-state model, observed in sequence. login doe…
    249|     // agents, so a freshly-loaded agent is "registered".
    250|     expect(agentState(await conn1.call("cello_agents"), "agentA"), "ag…
       |                                                                                                ^
    251|       "registered",
    252|     );

⎯⎯⎯⎯⎯⎯⎯⎯⎯⎯⎯⎯⎯⎯⎯⎯⎯⎯⎯⎯⎯⎯[32/49]⎯

 FAIL  src/spine/j-spine.spine.test.ts > J-SPINE — live binary spine (DOD-SPINE-1..7 against the real binaries) > DOD-SPINE-5 (partial) — initiate session negotiator is wired: session_request reaches the directory
AssertionError: negotiator should reach the directory: {"ok":false,"reason":"standing_receiver_unavailable","guidance":"The standing receiver is not ready, so no initiator session endpoint can be advertised. Retry once the daemon has finished starting."}: expected 'standing_receiver_unavailable' to be 'target_offline' // Object.is equality

Expected: [32m"ta[7mrget_offlin[27me"[39m
Received: [31m"[7ms[27mta[7mnding_receiver_unavailabl[27me"[39m

 ❯ src/spine/j-spine.spine.test.ts:444:89
    442|     // Directory-sourced answer (the negotiator reached the directory)…
    443|     // directory_signaling_not_configured anymore.
    444|     expect(res.reason, `negotiator should reach the directory: ${JSON.…
       |                                                                                         ^
    445|   }, 30_000);
    446| 

⎯⎯⎯⎯⎯⎯⎯⎯⎯⎯⎯⎯⎯⎯⎯⎯⎯⎯⎯⎯⎯⎯[33/49]⎯

 FAIL  src/spine/j-spine.spine.test.ts > J-SPINE — live binary spine (DOD-SPINE-1..7 against the real binaries) > DOD-SPINE-7 — bilateral seal: both close → directory FROST-notarizes → byte-identical sealed_root
TypeError: .toMatch() expects to receive a string, but got undefined
 ❯ src/spine/j-spine.spine.test.ts:670:77
    668| 
    669|     // The directory rebuilt + FROST-notarized the signed chain; both …
    670|     expect(closeA.sealed_root, `A must surface a sealed_root:${closeDi…
       |                                                                             ^
    671|     expect(closeB.sealed_root, `B must surface a sealed_root:${closeDi…
    672|     expect(closeA.sealed_root, "both parties' sealed_root must be BYTE…

⎯⎯⎯⎯⎯⎯⎯⎯⎯⎯⎯⎯⎯⎯⎯⎯⎯⎯⎯⎯⎯⎯[34/49]⎯

 FAIL  src/spine/j-stale-session.spine.test.ts > J-STALE-SESSION — a document act across a session that outlived a restart > the peer sees an invitation sent after ITS OWN daemon restarted, or it does not
AssertionError: B never converged at all within five minutes: expected -1 to be greater than -1
 ❯ src/spine/j-stale-session.spine.test.ts:222:73
    220|         console.log(`STALE-SESSION B tail:\n${b.daemon.lastLines(25).j…
    221|       }
    222|       expect(elapsedMs, "B never converged at all within five minutes"…
       |                                                                         ^
    223|     },
    224|     900_000,

⎯⎯⎯⎯⎯⎯⎯⎯⎯⎯⎯⎯⎯⎯⎯⎯⎯⎯⎯⎯⎯⎯[35/49]⎯

 FAIL  src/spine/j-suspend-tofn.spine.test.ts > J-SUSPEND-TOFN — quorum-aware suspension (DOD-SUSPEND-1) > threshold-refusal ≠ single-node: 2 of 3 directories suspended ⇒ no signature; 1 ⇒ still signs
AssertionError: 2 suspended directories must block signing: {"ok":true,"sessionId":"a6736a8e7fde2fe48f9364ed8f759715","transportMode":"relay","correlationId":"f9c04b9e-56d1-46e9-a365-23acb369ddae"}: expected true to be false // Object.is equality

[32m- Expected[39m
[31m+ Received[39m

[32m- false[39m
[31m+ true[39m

 ❯ src/spine/j-suspend-tofn.spine.test.ts:153:98
    151|       blocked = (await connA.call("cello_initiate_session", { target_p…
    152|     }
    153|     expect(blocked.ok, `2 suspended directories must block signing: ${…
       |                                                                                                  ^
    154|     // EXACT reason — not merely "not agent_suspended" (which accepts …
    155|     // The client-side FROST signer returns DIRECTORY_BELOW_THRESHOLD;…

⎯⎯⎯⎯⎯⎯⎯⎯⎯⎯⎯⎯⎯⎯⎯⎯⎯⎯⎯⎯⎯⎯[36/49]⎯

 FAIL  src/spine/j-tofn-dkg.spine.test.ts > J-TOFN-DKG — multi-node 2-of-3 FROST DKG (DOD-DKG-1) > registration fans the DKG ceremony to ALL 3 directory nodes (one group key)
SyntaxError: Unexpected non-whitespace character after JSON at position 156 (line 7 column 1)
 ❯ src/spine/j-tofn-dkg.spine.test.ts:111:25
    109|     const res = registerAgent(name, token, env);
    110|     expect(res.status, `register failed: ${res.stdout}`).toBe(0);
    111|     const parsed = JSON.parse(res.stdout.trim()) as { ok?: boolean; pr…
       |                         ^
    112|     expect(parsed.ok, `register not ok: ${res.stdout}`).toBe(true);
    113|     expect(parsed.primary_pubkey, "DKG must produce a group key").toMa…

⎯⎯⎯⎯⎯⎯⎯⎯⎯⎯⎯⎯⎯⎯⎯⎯⎯⎯⎯⎯⎯⎯[37/49]⎯

 FAIL  src/spine/j-tofn-dkg.spine.test.ts > J-TOFN-DKG — multi-node 2-of-3 FROST DKG (DOD-DKG-1) > quorum: kill one directory → registration still succeeds among the 2-node quorum (T=majority(3)=2)
SyntaxError: Unexpected non-whitespace character after JSON at position 156 (line 7 column 1)
 ❯ src/spine/j-tofn-dkg.spine.test.ts:194:25
    192|       `quorum register failed (a node is down — should still register …
    193|     ).toBe(0);
    194|     const parsed = JSON.parse(res.stdout.trim()) as { ok?: boolean; pr…
       |                         ^
    195|     expect(parsed.ok, `quorum register not ok: ${res.stdout}`).toBe(tr…
    196|     expect(parsed.primary_pubkey, "quorum DKG must produce a group key…

⎯⎯⎯⎯⎯⎯⎯⎯⎯⎯⎯⎯⎯⎯⎯⎯⎯⎯⎯⎯⎯⎯[38/49]⎯

 FAIL  src/spine/j-tofn.spine.test.ts > J-TOFN — 3-directory spine substrate (DOD-SPINE-1) > each node writes ONLY to its own database — sovereign isolation, real DKG per node
SyntaxError: Unexpected non-whitespace character after JSON at position 156 (line 7 column 1)
 ❯ src/spine/j-tofn.spine.test.ts:142:20
    140|       const diag = `\n--- register node ${i} ---\n${res.stdout}\n--- d…
    141|       expect(res.status, `register against node ${i} failed:${diag}`).…
    142|       expect((JSON.parse(res.stdout.trim()) as { ok?: boolean }).ok, `…
       |                    ^
    143|     }
    144| 

⎯⎯⎯⎯⎯⎯⎯⎯⎯⎯⎯⎯⎯⎯⎯⎯⎯⎯⎯⎯⎯⎯[39/49]⎯

 FAIL  src/spine/j-trust.spine.test.ts > J-TRUST — M10 sealed-envelope pickup end-to-end (M10-D18 / M10-D22) > a seeded sealed ENVELOPE is decoded+verified+stored into wallet_trust_signals; the directory then holds only the hash
Error: trust-signal envelope: missing mandatory field "same_operator" (the preimage is a closed set — spec §4)
 ❯ toPreimage ../../../cello-client/core/protocol-types/src/trust-signal.ts:234:13
 ❯ encodeTrustSignalEnvelope ../../../cello-client/core/protocol-types/src/trust-signal.ts:315:21
 ❯ src/spine/j-trust.spine.test.ts:133:22
    131|       issued_at: 1_700_000_000, expires_at: null, supersedes_hash: nul…
    132|     };
    133|     const envBytes = encodeTrustSignalEnvelope(envelope);
       |                      ^
    134|     const signalHash = hex(hashTrustSignalEnvelope(envelope));
    135|     const sealedHex = hex(sealToRecipient(hexToBytes(pubA), envBytes));

⎯⎯⎯⎯⎯⎯⎯⎯⎯⎯⎯⎯⎯⎯⎯⎯⎯⎯⎯⎯⎯⎯[40/49]⎯

 FAIL  src/spine/j-unilateral.spine.test.ts > J-UNILATERAL — unilateral seal → real notarization, live (DOD-SEAL-1/2/3) > A seals while B is GONE → directory rebuilds+verifies the root, FROST-notarizes with B ABSENT, A gets a verifiable unilateral certificate
TypeError: .toMatch() expects to receive a string, but got undefined
 ❯ src/spine/j-unilateral.spine.test.ts:230:96
    228|     // DOD-SEAL-3: A walks away with a verifiable sealed_root from the…
    229|     expect(close.ok, `A unilateral close must succeed:${diag}`).toBe(t…
    230|     expect(close.sealed_root, `A must surface a sealed_root from the u…
       |                                                                                                ^
    231|     expect(close.seal_type, `seal_type must be 'unilateral':${diag}`).…
    232| 

⎯⎯⎯⎯⎯⎯⎯⎯⎯⎯⎯⎯⎯⎯⎯⎯⎯⎯⎯⎯⎯⎯[41/49]⎯

 FAIL  src/spine/j-unilateral.spine.test.ts > J-UNILATERAL — DOD-LIVE-2: the ABSENT gate (gone→ABSENT vs alive-but-silent→DELIVERED) > B GONE (relay observed the disconnect) → counterparty recorded ABSENT
AssertionError: seal_type must be unilateral:
close: {"ok":true,"session_id":"7940324a43be312c2aa475aa393c66f6","seal_status":"committed","guidance":"Your SEAL commitment for session 7940324a43be312c2aa475aa393c66f6 is recorded and the notarization is now running in the background. The receipt is NOT YET available: the seal completes as soon as the counterparty also closes, and if they never do it escalates to a unilateral seal after about 1 minutes. Fetch it with cello_sealed_receipt (session_id 7940324a43be312c2aa475aa393c66f6) — an empty answer before then means \"still running\", not \"failed\". Do NOT re-close with force:true to hurry it: forcing ABANDONS the session and forfeits the receipt this is earning, which is exactly how seventeen sessions were lost when this call used to block. If the daemon restarts before the seal finishes, it resumes the notarization on its next start."}
--- directory attestation/notarized ---

--- relay liveness ---
{"event":"session.liveness.changed","level":"info","timestamp":"2026-08-23T16:15:05.362Z","counterpartyPubkey":"f625973c24dfcb076a105bbae4b065f8fc47713ce8769e5beef57168091f1f2e","transportPath":"relay","liveness":"alive","observedBy":"relay"}
{"event":"session.liveness.changed","level":"info","timestamp":"2026-08-23T16:15:05.364Z","counterpartyPubkey":"6ebf9d6456e6fbbdd3031baa405207892cf12a829f0118a4c35e3163aa4fca75","transportPath":"relay","liveness":"alive","observedBy":"relay"}
{"event":"session.liveness.changed","level":"warn","timestamp":"2026-08-23T16:15:05.417Z","counterpartyPubkey":"6ebf9d6456e6fbbdd3031baa405207892cf12a829f0118a4c35e3163aa4fca75","transportPath":"relay","liveness":"gone","observedBy":"relay"}
{"event":"session.liveness.changed","level":"info","timestamp":"2026-08-23T16:15:11.504Z","counterpartyPubkey":"323733056a38ea98e218240e3a768718339a814942313758a4e577ff252bed3f","transportPath":"relay","liveness":"alive","observedBy":"relay"}
{"event":"session.liveness.changed","level":"info","timestamp":"2026-08-23T16:15:11.506Z","counterpartyPubkey":"3517f500471d9999496e640bd806310f4b6d6affdf53429404ce5ca31a852f19","transportPath":"relay","liveness":"alive","observedBy":"relay"}
{"event":"session.liveness.changed","level":"warn","timestamp":"2026-08-23T16:15:11.559Z","counterpartyPubkey":"3517f500471d9999496e640bd806310f4b6d6affdf53429404ce5ca31a852f19","transportPath":"relay","liveness":"gone","observedBy":"relay"}: expected undefined to be 'unilateral' // Object.is equality

[32m- Expected:[39m 
"unilateral"

[31m+ Received:[39m 
undefined

 ❯ src/spine/j-unilateral.spine.test.ts:314:69
    312| 
    313|     expect(close.ok, `A unilateral close must succeed:${diag}`).toBe(t…
    314|     expect(close.seal_type, `seal_type must be unilateral:${diag}`).to…
       |                                                                     ^
    315|     // The directory consulted the relay and got 'gone' → ABSENT (not …
    316|     expect(cluster.directory.output, `directory must record liveness g…

⎯⎯⎯⎯⎯⎯⎯⎯⎯⎯⎯⎯⎯⎯⎯⎯⎯⎯⎯⎯⎯⎯[42/49]⎯

 FAIL  src/spine/j-unilateral.spine.test.ts > J-UNILATERAL — DOD-LIVE-2: the ABSENT gate (gone→ABSENT vs alive-but-silent→DELIVERED) > B ALIVE but its agent never closes → B's NODE auto-acks → BILATERAL seal, B never recorded ABSENT
TypeError: .toMatch() expects to receive a string, but got undefined
 ❯ src/spine/j-unilateral.spine.test.ts:346:71
    344|     // its node auto-co-signs, so the seal is BILATERAL (seal_type is …
    345|     expect(close.ok, `A close must succeed (B auto-acks):${diag}`).toB…
    346|     expect(close.sealed_root, `A must surface a sealed_root:${diag}`).…
       |                                                                       ^
    347|     expect(close.seal_type, `alive B auto-acks → BILATERAL, never unil…
    348|     expect(daemonB.output, `B's daemon must auto-acknowledge:${diag}`)…

⎯⎯⎯⎯⎯⎯⎯⎯⎯⎯⎯⎯⎯⎯⎯⎯⎯⎯⎯⎯⎯⎯[43/49]⎯

 FAIL  src/spine/j-upgrade-bilateral.spine.test.ts > J-UPGRADE-001 — unilateral → bilateral upgrade on the absent party's return (DOD-UP-1) > B killed → A seals UNILATERAL → B returns, recovers+verifies, RATIFIES → directory records a superseding BILATERAL notarization over the same root
AssertionError: seal must be unilateral (B was gone):
close: {"ok":true,"session_id":"026bc437306a1fb671badbfede5d5196","seal_status":"committed","guidance":"Your SEAL commitment for session 026bc437306a1fb671badbfede5d5196 is recorded and the notarization is now running in the background. The receipt is NOT YET available: the seal completes as soon as the counterparty also closes, and if they never do it escalates to a unilateral seal after about 1 minutes. Fetch it with cello_sealed_receipt (session_id 026bc437306a1fb671badbfede5d5196) — an empty answer before then means \"still running\", not \"failed\". Do NOT re-close with force:true to hurry it: forcing ABANDONS the session and forfeits the receipt this is earning, which is exactly how seventeen sessions were lost when this call used to block. If the daemon restarts before the seal finishes, it resumes the notarization on its next start."}
--- directory ---
: expected undefined to be 'unilateral' // Object.is equality

[32m- Expected:[39m 
"unilateral"

[31m+ Received:[39m 
undefined

 ❯ src/spine/j-upgrade-bilateral.spine.test.ts:149:87
    147|       `\n--- directory ---\n${cluster.directory.output.split("\n").fil…
    148|     expect(close.ok, `A unilateral close must succeed:${unilateralDiag…
    149|     expect(close.seal_type, `seal must be unilateral (B was gone):${un…
       |                                                                                       ^
    150|     const rootHex = close.sealed_root!;
    151|     expect(rootHex, `A must surface a sealed_root:${unilateralDiag}`).…

⎯⎯⎯⎯⎯⎯⎯⎯⎯⎯⎯⎯⎯⎯⎯⎯⎯⎯⎯⎯⎯⎯[44/49]⎯

 FAIL  src/spine/j-upgrade.spine.test.ts > J-UPGRADE — auto-acknowledge close, live (DOD-UP-2) > A closes, B's agent never closes → B's daemon auto-co-signs → BILATERAL seal completes (not unilateral)
TypeError: .toMatch() expects to receive a string, but got undefined
 ❯ src/spine/j-upgrade.spine.test.ts:153:71
    151|     // DOD-UP-2 / AC-001: A's close completed and BILATERAL — NOT a un…
    152|     expect(close.ok, `A close must succeed:${diag}`).toBe(true);
    153|     expect(close.sealed_root, `A must surface a sealed_root:${diag}`).…
       |                                                                       ^
    154|     expect(close.seal_type, `seal must be BILATERAL — B's daemon auto-…
    155| 

⎯⎯⎯⎯⎯⎯⎯⎯⎯⎯⎯⎯⎯⎯⎯⎯⎯⎯⎯⎯⎯⎯[45/49]⎯


 Test Files  21 failed | 14 passed | 1 skipped (36)
      Tests  49 failed | 48 passed | 1 skipped (98)
   Start at  17:57:31
   Duration  3387.54s (transform 403ms, setup 0ms, collect 9.31s, tests 3373.15s, environment 2ms, prepare 998ms)

